{
	"Version": 3,
	"Parameters": [
		{
			"Id": "ParamAngleX",
			"GroupId": "",
			"Name": "角度 X"
		},
		{
			"Id": "ParamAngleY",
			"GroupId": "",
			"Name": "角度 Y"
		},
		{
			"Id": "x",
			"GroupId": "",
			"Name": "x"
		},
		{
			"Id": "y",
			"GroupId": "",
			"Name": "y"
		},
		{
			"Id": "ParamAngleZ",
			"GroupId": "",
			"Name": "角度 Z"
		},
		{
			"Id": "ParamEyeLOpen",
			"GroupId": "",
			"Name": "左眼　开闭"
		},
		{
			"Id": "ParamEyeLSmile",
			"GroupId": "",
			"Name": "左眼　微笑"
		},
		{
			"Id": "ParamEyeROpen",
			"GroupId": "",
			"Name": "右眼"
		},
		{
			"Id": "ParamEyeRSmile",
			"GroupId": "",
			"Name": "右眼　微笑"
		},
		{
			"Id": "ParamEyeBallX",
			"GroupId": "",
			"Name": "眼球 X"
		},
		{
			"Id": "ParamEyeBallY",
			"GroupId": "",
			"Name": "眼球 Y"
		},
		{
			"Id": "ParamBrowLY",
			"GroupId": "",
			"Name": "左眉上下"
		},
		{
			"Id": "ParamBrowRForm",
			"GroupId": "",
			"Name": "右眉　変形"
		},
		{
			"Id": "ParamMouthForm",
			"GroupId": "",
			"Name": "嘴部　变形"
		},
		{
			"Id": "ParamMouthOpenY",
			"GroupId": "",
			"Name": "嘴巴　张开和闭合"
		},
		{
			"Id": "ParamBodyAngleX",
			"GroupId": "",
			"Name": "身体旋转　X"
		},
		{
			"Id": "ParamBodyAngleZ",
			"GroupId": "",
			"Name": "身体旋转　Z"
		},
		{
			"Id": "ParamBreath",
			"GroupId": "",
			"Name": "呼吸"
		},
		{
			"Id": "Param",
			"GroupId": "",
			"Name": "logo"
		},
		{
			"Id": "Param2",
			"GroupId": "",
			"Name": "星星"
		},
		{
			"Id": "Param16",
			"GroupId": "",
			"Name": "星星变换"
		},
		{
			"Id": "Param17",
			"GroupId": "",
			"Name": "星星变换"
		},
		{
			"Id": "Param5",
			"GroupId": "",
			"Name": "星星眼"
		},
		{
			"Id": "Param3",
			"GroupId": "",
			"Name": "炸弹"
		},
		{
			"Id": "Param15",
			"GroupId": "",
			"Name": "左手"
		},
		{
			"Id": "Param14",
			"GroupId": "",
			"Name": "颠炸弹"
		},
		{
			"Id": "Param4",
			"GroupId": "",
			"Name": "腮红"
		},
		{
			"Id": "Param10",
			"GroupId": "",
			"Name": "深蹲"
		},
		{
			"Id": "Param13",
			"GroupId": "",
			"Name": "扭动"
		},
		{
			"Id": "Param_Angle_Rotation_1_ArtMesh29",
			"GroupId": "ParamGroup",
			"Name": "[0]左马尾"
		},
		{
			"Id": "Param_Angle_Rotation_2_ArtMesh29",
			"GroupId": "ParamGroup",
			"Name": "[1]左马尾"
		},
		{
			"Id": "Param_Angle_Rotation_3_ArtMesh29",
			"GroupId": "ParamGroup",
			"Name": "[2]左马尾"
		},
		{
			"Id": "Param_Angle_Rotation_4_ArtMesh29",
			"GroupId": "ParamGroup",
			"Name": "[3]左马尾"
		},
		{
			"Id": "Param_Angle_Rotation_5_ArtMesh29",
			"GroupId": "ParamGroup",
			"Name": "[4]左马尾"
		},
		{
			"Id": "Param_Angle_Rotation_6_ArtMesh29",
			"GroupId": "ParamGroup",
			"Name": "[5]左马尾"
		},
		{
			"Id": "Param_Angle_Rotation_7_ArtMesh29",
			"GroupId": "ParamGroup",
			"Name": "[6]左马尾"
		},
		{
			"Id": "Param_Angle_Rotation_1_ArtMesh28",
			"GroupId": "ParamGroup2",
			"Name": "[0]右马尾"
		},
		{
			"Id": "Param_Angle_Rotation_2_ArtMesh28",
			"GroupId": "ParamGroup2",
			"Name": "[1]右马尾"
		},
		{
			"Id": "Param_Angle_Rotation_3_ArtMesh28",
			"GroupId": "ParamGroup2",
			"Name": "[2]右马尾"
		},
		{
			"Id": "Param_Angle_Rotation_4_ArtMesh28",
			"GroupId": "ParamGroup2",
			"Name": "[3]右马尾"
		},
		{
			"Id": "Param_Angle_Rotation_5_ArtMesh28",
			"GroupId": "ParamGroup2",
			"Name": "[4]右马尾"
		},
		{
			"Id": "Param_Angle_Rotation_6_ArtMesh28",
			"GroupId": "ParamGroup2",
			"Name": "[5]右马尾"
		},
		{
			"Id": "Param_Angle_Rotation_7_ArtMesh28",
			"GroupId": "ParamGroup2",
			"Name": "[6]右马尾"
		},
		{
			"Id": "Param_Angle_Rotation_1_ArtMesh5",
			"GroupId": "ParamGroup3",
			"Name": "[0]前发"
		},
		{
			"Id": "Param_Angle_Rotation_2_ArtMesh5",
			"GroupId": "ParamGroup3",
			"Name": "[1]前发"
		},
		{
			"Id": "Param_Angle_Rotation_3_ArtMesh5",
			"GroupId": "ParamGroup3",
			"Name": "[2]前发"
		},
		{
			"Id": "Param_Angle_Rotation_4_ArtMesh5",
			"GroupId": "ParamGroup3",
			"Name": "[3]前发"
		},
		{
			"Id": "Param_Angle_Rotation_5_ArtMesh5",
			"GroupId": "ParamGroup3",
			"Name": "[4]前发"
		},
		{
			"Id": "Param_Angle_Rotation_1_ArtMesh6",
			"GroupId": "ParamGroup4",
			"Name": "[0]右侧发"
		},
		{
			"Id": "Param_Angle_Rotation_2_ArtMesh6",
			"GroupId": "ParamGroup4",
			"Name": "[1]右侧发"
		},
		{
			"Id": "Param_Angle_Rotation_3_ArtMesh6",
			"GroupId": "ParamGroup4",
			"Name": "[2]右侧发"
		},
		{
			"Id": "Param_Angle_Rotation_4_ArtMesh6",
			"GroupId": "ParamGroup4",
			"Name": "[3]右侧发"
		},
		{
			"Id": "Param_Angle_Rotation_5_ArtMesh6",
			"GroupId": "ParamGroup4",
			"Name": "[4]右侧发"
		},
		{
			"Id": "Param_Angle_Rotation_6_ArtMesh6",
			"GroupId": "ParamGroup4",
			"Name": "[5]右侧发"
		},
		{
			"Id": "Param_Angle_Rotation_7_ArtMesh6",
			"GroupId": "ParamGroup4",
			"Name": "[6]右侧发"
		},
		{
			"Id": "Param_Angle_Rotation_1_ArtMesh7",
			"GroupId": "ParamGroup5",
			"Name": "[0]左侧发"
		},
		{
			"Id": "Param_Angle_Rotation_2_ArtMesh7",
			"GroupId": "ParamGroup5",
			"Name": "[1]左侧发"
		},
		{
			"Id": "Param_Angle_Rotation_3_ArtMesh7",
			"GroupId": "ParamGroup5",
			"Name": "[2]左侧发"
		},
		{
			"Id": "Param_Angle_Rotation_4_ArtMesh7",
			"GroupId": "ParamGroup5",
			"Name": "[3]左侧发"
		},
		{
			"Id": "Param_Angle_Rotation_5_ArtMesh7",
			"GroupId": "ParamGroup5",
			"Name": "[4]左侧发"
		},
		{
			"Id": "Param_Angle_Rotation_6_ArtMesh7",
			"GroupId": "ParamGroup5",
			"Name": "[5]左侧发"
		},
		{
			"Id": "Param_Angle_Rotation_7_ArtMesh7",
			"GroupId": "ParamGroup5",
			"Name": "[6]左侧发"
		},
		{
			"Id": "Param6",
			"GroupId": "",
			"Name": "1"
		},
		{
			"Id": "Param7",
			"GroupId": "",
			"Name": "1"
		},
		{
			"Id": "Param8",
			"GroupId": "",
			"Name": "2"
		},
		{
			"Id": "Param9",
			"GroupId": "",
			"Name": "2"
		},
		{
			"Id": "Param_Angle_Rotation_1_ArtMesh44",
			"GroupId": "ParamGroup6",
			"Name": "[0]左耳朵"
		},
		{
			"Id": "Param_Angle_Rotation_2_ArtMesh44",
			"GroupId": "ParamGroup6",
			"Name": "[1]左耳朵"
		},
		{
			"Id": "Param_Angle_Rotation_3_ArtMesh44",
			"GroupId": "ParamGroup6",
			"Name": "[2]左耳朵"
		},
		{
			"Id": "Param_Angle_Rotation_4_ArtMesh44",
			"GroupId": "ParamGroup6",
			"Name": "[3]左耳朵"
		},
		{
			"Id": "Param_Angle_Rotation_5_ArtMesh44",
			"GroupId": "ParamGroup6",
			"Name": "[4]左耳朵"
		},
		{
			"Id": "Param_Angle_Rotation_1_ArtMesh43",
			"GroupId": "ParamGroup7",
			"Name": "[0]右耳朵"
		},
		{
			"Id": "Param_Angle_Rotation_2_ArtMesh43",
			"GroupId": "ParamGroup7",
			"Name": "[1]右耳朵"
		},
		{
			"Id": "Param_Angle_Rotation_3_ArtMesh43",
			"GroupId": "ParamGroup7",
			"Name": "[2]右耳朵"
		},
		{
			"Id": "Param_Angle_Rotation_4_ArtMesh43",
			"GroupId": "ParamGroup7",
			"Name": "[3]右耳朵"
		},
		{
			"Id": "Param_Angle_Rotation_5_ArtMesh43",
			"GroupId": "ParamGroup7",
			"Name": "[4]右耳朵"
		}
	],
	"ParameterGroups": [
		{
			"Id": "ParamGroup",
			"GroupId": "",
			"Name": "左马尾"
		},
		{
			"Id": "ParamGroup2",
			"GroupId": "",
			"Name": "右马尾"
		},
		{
			"Id": "ParamGroup3",
			"GroupId": "",
			"Name": "前发"
		},
		{
			"Id": "ParamGroup4",
			"GroupId": "",
			"Name": "右侧发"
		},
		{
			"Id": "ParamGroup5",
			"GroupId": "",
			"Name": "左侧发"
		},
		{
			"Id": "ParamGroup6",
			"GroupId": "",
			"Name": "左耳朵"
		},
		{
			"Id": "ParamGroup7",
			"GroupId": "",
			"Name": "右耳朵"
		}
	],
	"Parts": [
		{
			"Id": "Part",
			"Name": "星星"
		},
		{
			"Id": "Part2",
			"Name": "头"
		},
		{
			"Id": "Part7",
			"Name": "身体"
		},
		{
			"Id": "ArtMesh5_Skinning",
			"Name": "前发(蒙皮)"
		},
		{
			"Id": "Part12",
			"Name": "前发(回转)"
		},
		{
			"Id": "ArtMesh6_Skinning",
			"Name": "右侧发(蒙皮)"
		},
		{
			"Id": "Part13",
			"Name": "右侧发(回转)"
		},
		{
			"Id": "ArtMesh7_Skinning",
			"Name": "左侧发(蒙皮)"
		},
		{
			"Id": "Part14",
			"Name": "左侧发(回转)"
		},
		{
			"Id": "Part3",
			"Name": "嘴"
		},
		{
			"Id": "Part4",
			"Name": "左眼"
		},
		{
			"Id": "Part5",
			"Name": "右眼"
		},
		{
			"Id": "Part6",
			"Name": "发饰"
		},
		{
			"Id": "Part8",
			"Name": "左腿"
		},
		{
			"Id": "Part9",
			"Name": "右腿"
		},
		{
			"Id": "ArtMesh43_Skinning",
			"Name": "右耳朵(蒙皮)"
		},
		{
			"Id": "Part16",
			"Name": "右耳朵(回转)"
		},
		{
			"Id": "ArtMesh44_Skinning",
			"Name": "左耳朵(蒙皮)"
		},
		{
			"Id": "Part15",
			"Name": "左耳朵(回转)"
		},
		{
			"Id": "ArtMesh28_Skinning",
			"Name": "右马尾(蒙皮)"
		},
		{
			"Id": "Part11",
			"Name": "右马尾(回转)"
		},
		{
			"Id": "ArtMesh29_Skinning",
			"Name": "左马尾(蒙皮)"
		},
		{
			"Id": "Part10",
			"Name": "左马尾(回转)"
		}
	],
	"CombinedParameters": [
		[
			"ParamEyeBallX",
			"ParamEyeBallY"
		],
		[
			"Param16",
			"Param17"
		],
		[
			"Param6",
			"Param7"
		],
		[
			"Param8",
			"Param9"
		]
	]
}