{
    "name":"shizuku_48.512",
    "model":"model.moc",
    "textures":[
        "textures.512/00.png",
        "textures.512/01.png",
        "textures.512/02.png",
        "textures.512/03.png",
		"textures.512/04.png",
		"textures.512/05.png",
		"textures.512/06.png",
		"textures.512/07.png"
    ],
    "physics":"physics.json",
    "pose":"pose.json",
    "expressions":[
        {"name":"f01","file": "expressions/f01.exp.json"},
        {"name":"f02","file": "expressions/f02.exp.json"},
        {"name":"f03","file": "expressions/f03.exp.json"},
        {"name":"f04","file": "expressions/f04.exp.json"}
    ],
    "layout":{
        "center_x": 0,
        "center_y": -0.16,
        "width": 1.8
    },
    "hit_areas_custom":{
		"head_x":[-0.35, 0.6],
		"head_y":[0.19, -0.2],
		"body_x":[-0.3, -0.25],
		"body_y":[0.3, -0.9]
	},
    "motions":{
        "idle":[
			{"file":"motions/idl_00.mtn"},
			{"file":"motions/idl_01.mtn"},
			{"file":"motions/idl_02.mtn"},
			{"file":"motions/idl_03.mtn"},
			{"file":"motions/idl_04.mtn"},
			{"file":"motions/idl_05.mtn"},
			{"file":"motions/idle_01.mtn"},
			{"file":"motions/idle_02.mtn"},
			{"file":"motions/idle_03.mtn"},
			{"file":"motions/idle_04.mtn"},
			{"file":"motions/idle_05.mtn"},
			{"file":"motions/idle_06.mtn"},
			{"file":"motions/idle_07.mtn"},
			{"file":"motions/idle_08.mtn"},
			{"file":"motions/idle_09.mtn"},
			{"file":"motions/idle_A.mtn"},
			{"file":"motions/idle_A2.mtn"},
			{"file":"motions/idle_B.mtn"},
			{"file":"motions/idle_B2.mtn"},
			{"file":"motions/idle_C.mtn"},
			{"file":"motions/idle_C2.mtn"},
			{"file":"motions/idle_C2_copy.mtn"},
			{"file":"motions/kurakura1.mtn"},
			{"file":"motions/kurakura2.mtn"},
			{"file":"motions/kurakura3.mtn"},
			{"file":"motions/wait_01.mtn"},
			{"file":"motions/wait_02.mtn"},
			{"file":"motions/wait_03.mtn"},
			{"file":"motions/wait_04.mtn"},
			{"file":"motions/wait_05.mtn"}
        ],
        "flick_head":[
			{"file":"motions/double_tap1.mtn"},
			{"file":"motions/double_tap2.mtn"},
			{"file":"motions/double_tap3.mtn"},
			{"file":"motions/double_tap4.mtn"}
		],
		"tap_body":[
			{"file":"motions/touch1.mtn"},
			{"file":"motions/touch2.mtn"},
			{"file":"motions/touch3.mtn"},
			{"file":"motions/touch4.mtn"}
		]
    }
}