{
  "Version": 3,
  "FileReferences": {
    "Moc": "paimon.moc3",
    "Textures": [
      "paimon.4096/texture_00.png"
    ],
    "Physics": "paimon.physics3.json",
    "Motions": {
      "Tapbody": [
        {
          "Name": "吃了好吃的",
          "File": "motions/吃到好吃的.motion3.json",
          "Sound": "sounds/吃了很多好吃的呢.mp3",
          "SoundDelay": 500,
          "NextMtn": "Tap:派蒙会一直支持着你哦"
        },
        {
          "Name": "派蒙会一直支持着你哦",
          "File": "motions/派蒙一直支持着你哦.motion3.json",
          "Sound": "sounds/一直支持着你哦.m4a",
          "Command": "open_url www.bilibili.com;stop_sound 1",
          "PreMtn": "Tap:吃了好吃的"
        },
        {
          "Name": "一看你张嘴就知道你要说什么",
          "File": "motions/知道你要说什么.motion3.json",
          "Sound": "sounds/这个笑话说很多次就不好笑了.m4a"
        },
        {
          "File": "motions/最近好累啊.motion3.json",
          "Sound": "sounds/最近好累啊.m4a"
        },
        {
          "File": "motions/这么说来你就是我的妹妹了.motion3.json",
          "Sound": "sounds/这么说来你就是我的妹妹了.m4a"
        },
        {
          "File": "motions/咕嘟咕嘟.motion3.json",
          "Sound": "sounds/咕嘟咕嘟咕嘟.m4a"
        }
      ],
      "Tapsl": [
        {
          "Name": "啊 我明白了",
          "File": "motions/啊我明白了.motion3.json",
          "Sound": "sounds/啊我明白了.mp3"
        },
        {
          "File": "motions/好无聊.motion3.json",
          "Sound": "sounds/好无聊啊.m4a"
        }
      ],
      "Taphands": [
        {
          "File": "motions/难道你在外面还有其他的应急食品吗.motion3.json",
          "Sound": "sounds/你在外面还有其他食品.m4a"
        },
        {
          "Name": "对食物要有敬畏之心",
          "File": "motions/duishiwuyaoyoujingweizhixin.motion3.motion3.json",
          "Sound": "sounds/对事物要有敬畏之心.m4a",
          "SoundDelay": 500,
          "Priority": 5
        }
      ],
      "Tap头部": [
        {
          "Name": "嘿嘿嘿羡慕吧",
          "File": "motions/嘿嘿嘿，羡慕吗.motion3.json",
          "Sound": "sounds/嘿嘿嘿羡慕吗.m4a",
          "MotionDuration": 300
        },
        {
          "Name": "欸",
          "File": "motions/欸.motion3.json",
          "Sound": "sounds/欸。。.m4a"
        },
        {
          "File": "motions/这个 我也不太清楚.motion3.json",
          "Sound": "sounds/这个我也不太清楚.m4a"
        },
        {
          "File": "motions/派蒙不是宠物.motion3.json",
          "Sound": "sounds/这犯规了吧.m4a"
        },
        {
          "File": "motions/陪你旅行到现在.motion3.json",
          "Sound": "sounds/陪你旅行到现在.m4a"
        },
        {
          "File": "motions/嗯.motion3.json",
          "Sound": "sounds/嗯！？.m4a"
        },
        {
          "File": "motions/身体不太舒服.motion3.json",
          "Sound": "sounds/身体不舒服.m4a"
        }
      ],
      "Taphead1": [
        {
          "Name": "欸？",
          "File": "motions/欸.motion3.json",
          "Sound": "sounds/欸。。.m4a"
        }
      ],
      "Start": [
        {
          "File": "motions/陪你旅行到现在.motion3.json",
          "Sound": "sounds/陪你旅行到现在.m4a"
        }
      ],
      "Shake": [
        {
          "File": "motions/嗯.motion3.json",
          "Sound": "sounds/嗯！？.m4a"
        },
        {
          "File": "motions/身体不太舒服.motion3.json",
          "Sound": "sounds/身体不舒服.m4a"
        }
      ],
      "Leave": [
        {
          "File": "motions/派蒙一直支持着你哦.motion3.json",
          "Sound": "sounds/一直支持着你哦.m4a"
        }
      ]
    }
  },
  "Layout": {
		"height": 2.2,
		"bottom": 2.3
  },
  "Controllers": {
    "ParamHit": {},
    "ParamLoop": {},
    "KeyTrigger": {
      "Enabled": true
    },
    "EyeBlink": {
      "MinInterval": 500,
      "MaxInterval": 6000,
      "Enabled": true
    },
    "LipSync": {
      "Gain": 5.0
    },
    "MouseTracking": {
      "SmoothTime": 0.15,
      "Enabled": true
    },
    "AutoBreath": {
      "Enabled": true
    },
    "ExtraMotion": {
      "Enabled": true
    },
    "Accelerometer": {
      "Enabled": true
    },
    "Microphone": {},
    "Transform": {},
    "FaceTracking": {
      "Enabled": true
    },
    "ParamValue": {},
    "PartOpacity": {},
    "ArtmeshOpacity": {},
    "ArtmeshColor": {},
    "ArtmeshCulling": {
      "DefaultMode": 0
    },
    "IntimacySystem": {
      "Enabled": true
    }
  },
  "HitAreas": [
    {
      "Name": "头部",
      "Id": "face"
    },
    {
      "Name": "head",
      "Id": "head_obj"
    },
    {
      "Name": "head1",
      "Id": "r_m_h"
    },
    {
      "Name": "head2"
    },
    {
      "Name": "headobj",
      "Id": "head_obj"
    },
    {
      "Name": "body",
      "Id": "body"
    },
    {
      "Name": "hands",
      "Id": "right_hand"
    },
    {
      "Name": "hands1",
      "Id": "right_hand"
    },
    {
      "Name": "sl",
      "Id": "pifeng",
      "Order": 2
    }
  ],
  "Options": {}
}