{
	"Version": 3,
	"Meta": {
		"Duration": 3,
		"Fps": 30.0,
		"Loop": true,
		"AreBeziersRestricted": true,
		"CurveCount": 81,
		"TotalSegmentCount": 738,
		"TotalPointCount": 2267,
		"UserDataCount": 0,
		"TotalUserDataSize": 0
	},
	"Curves": [
		{
			"Target": "Parameter",
			"Id": "ParamAngleX",
			"Segments": [
				0,
				0,
				0,
				0.067,
				0,
				1,
				0.211,
				0,
				0.356,
				5,
				0.5,
				5,
				1,
				0.6,
				5,
				0.7,
				-1,
				0.8,
				-1,
				1,
				0.933,
				-1,
				1.067,
				0,
				1.2,
				0,
				1,
				1.278,
				0,
				1.356,
				0,
				1.433,
				0,
				1,
				1.533,
				0,
				1.633,
				-1,
				1.733,
				-1,
				1,
				1.8,
				-1,
				1.867,
				0,
				1.933,
				0,
				1,
				2.089,
				0,
				2.244,
				0,
				2.4,
				0,
				0,
				3,
				0
			]
		},
		{
			"Target": "Parameter",
			"Id": "ParamAngleY",
			"Segments": [
				0,
				0,
				0,
				0.067,
				0,
				1,
				0.211,
				0,
				0.356,
				2,
				0.5,
				2,
				1,
				0.6,
				2,
				0.7,
				0,
				0.8,
				0,
				1,
				0.933,
				0,
				1.067,
				0,
				1.2,
				0,
				1,
				1.278,
				0,
				1.356,
				0,
				1.433,
				0,
				1,
				1.533,
				0,
				1.633,
				-12,
				1.733,
				-12,
				1,
				1.8,
				-12,
				1.867,
				0,
				1.933,
				0,
				1,
				2.089,
				0,
				2.244,
				0,
				2.4,
				0,
				0,
				3,
				0
			]
		},
		{
			"Target": "Parameter",
			"Id": "ParamAngleZ",
			"Segments": [
				0,
				0,
				0,
				0.033,
				0,
				1,
				0.078,
				0,
				0.122,
				0,
				0.167,
				0,
				1,
				0.256,
				0,
				0.344,
				-8,
				0.433,
				-8,
				1,
				0.5,
				-8,
				0.567,
				-1.247,
				0.633,
				4,
				1,
				0.7,
				9.247,
				0.767,
				10,
				0.833,
				10,
				1,
				0.944,
				10,
				1.056,
				0,
				1.167,
				0,
				1,
				1.3,
				0,
				1.433,
				18.542,
				1.567,
				20,
				1,
				1.756,
				22.066,
				1.944,
				22,
				2.133,
				22,
				1,
				2.178,
				22,
				2.222,
				18,
				2.267,
				18,
				1,
				2.422,
				18,
				2.578,
				19,
				2.733,
				19,
				1,
				2.811,
				19,
				2.889,
				7,
				2.967,
				7,
				0,
				3,
				7
			]
		},
		{
			"Target": "Parameter",
			"Id": "ParamMouthForm",
			"Segments": [
				0,
				0,
				1,
				0.078,
				0,
				0.156,
				0,
				0.233,
				0,
				1,
				0.244,
				0,
				0.256,
				0.2,
				0.267,
				0.2,
				1,
				0.289,
				0.2,
				0.311,
				0.1,
				0.333,
				0.1,
				1,
				0.356,
				0.1,
				0.378,
				0.475,
				0.4,
				0.6,
				1,
				0.433,
				0.788,
				0.467,
				0.8,
				0.5,
				0.8,
				1,
				0.522,
				0.8,
				0.544,
				0.3,
				0.567,
				0.3,
				1,
				0.656,
				0.3,
				0.744,
				0.3,
				0.833,
				0.3,
				1,
				0.844,
				0.3,
				0.856,
				0.309,
				0.867,
				0.1,
				1,
				0.889,
				-0.318,
				0.911,
				-0.8,
				0.933,
				-0.8,
				1,
				0.956,
				-0.8,
				0.978,
				0.6,
				1,
				0.6,
				1,
				1.022,
				0.6,
				1.044,
				-0.479,
				1.067,
				-0.6,
				1,
				1.089,
				-0.721,
				1.111,
				-0.7,
				1.133,
				-0.7,
				1,
				1.156,
				-0.7,
				1.178,
				-0.505,
				1.2,
				-0.3,
				1,
				1.222,
				-0.095,
				1.244,
				-0.021,
				1.267,
				0.2,
				1,
				1.289,
				0.421,
				1.311,
				0.7,
				1.333,
				0.7,
				1,
				1.367,
				0.7,
				1.4,
				-0.373,
				1.433,
				-0.6,
				1,
				1.467,
				-0.827,
				1.5,
				-0.8,
				1.533,
				-0.8,
				1,
				1.567,
				-0.8,
				1.6,
				-0.845,
				1.633,
				-0.6,
				1,
				1.678,
				-0.274,
				1.722,
				0.8,
				1.767,
				0.8,
				1,
				1.789,
				0.8,
				1.811,
				0.8,
				1.833,
				0.8,
				1,
				1.856,
				0.8,
				1.878,
				-0.9,
				1.9,
				-0.9,
				1,
				1.922,
				-0.9,
				1.944,
				-0.6,
				1.967,
				-0.6,
				1,
				2.033,
				-0.6,
				2.1,
				-0.628,
				2.167,
				-0.7,
				1,
				2.222,
				-0.76,
				2.278,
				-0.8,
				2.333,
				-0.8,
				1,
				2.367,
				-0.8,
				2.4,
				-0.2,
				2.433,
				-0.2,
				1,
				2.478,
				-0.2,
				2.522,
				-0.5,
				2.567,
				-0.5,
				0,
				3,
				-0.5
			]
		},
		{
			"Target": "Parameter",
			"Id": "ParamMouthOpenY",
			"Segments": [
				0,
				0,
				1,
				0.078,
				0,
				0.156,
				0,
				0.233,
				0,
				1,
				0.244,
				0,
				0.256,
				0,
				0.267,
				0,
				1,
				0.289,
				0,
				0.311,
				0.2,
				0.333,
				0.2,
				1,
				0.356,
				0.2,
				0.378,
				0.151,
				0.4,
				0.1,
				1,
				0.433,
				0.023,
				0.467,
				0,
				0.5,
				0,
				1,
				0.522,
				0,
				0.544,
				0,
				0.567,
				0,
				1,
				0.656,
				0,
				0.744,
				0,
				0.833,
				0,
				1,
				0.844,
				0,
				0.856,
				0,
				0.867,
				0,
				1,
				0.889,
				0,
				0.911,
				0.172,
				0.933,
				0.4,
				1,
				0.956,
				0.628,
				0.978,
				0.7,
				1,
				0.7,
				1,
				1.022,
				0.7,
				1.044,
				0.4,
				1.067,
				0.4,
				1,
				1.089,
				0.4,
				1.111,
				0.7,
				1.133,
				0.7,
				1,
				1.156,
				0.7,
				1.178,
				0.457,
				1.2,
				0.4,
				1,
				1.222,
				0.343,
				1.244,
				0.344,
				1.267,
				0.3,
				1,
				1.289,
				0.256,
				1.311,
				0.2,
				1.333,
				0.2,
				1,
				1.367,
				0.2,
				1.4,
				0.422,
				1.433,
				0.6,
				1,
				1.467,
				0.778,
				1.5,
				0.8,
				1.533,
				0.8,
				1,
				1.567,
				0.8,
				1.6,
				0.815,
				1.633,
				0.7,
				1,
				1.678,
				0.547,
				1.722,
				0.2,
				1.767,
				0.2,
				1,
				1.789,
				0.2,
				1.811,
				0.233,
				1.833,
				0.3,
				1,
				1.856,
				0.367,
				1.878,
				0.4,
				1.9,
				0.4,
				1,
				1.922,
				0.4,
				1.944,
				0.2,
				1.967,
				0.2,
				1,
				2.033,
				0.2,
				2.1,
				0.7,
				2.167,
				0.7,
				1,
				2.222,
				0.7,
				2.278,
				0.652,
				2.333,
				0.4,
				1,
				2.367,
				0.249,
				2.4,
				0,
				2.433,
				0,
				1,
				2.478,
				0,
				2.522,
				0,
				2.567,
				0,
				0,
				3,
				0
			]
		},
		{
			"Target": "Parameter",
			"Id": "Param8",
			"Segments": [
				0,
				0,
				1,
				0.033,
				0,
				0.067,
				0,
				0.1,
				0,
				1,
				0.244,
				0,
				0.389,
				4.57,
				0.533,
				4.57,
				1,
				0.667,
				4.57,
				0.8,
				-2.723,
				0.933,
				-2.723,
				1,
				1.056,
				-2.723,
				1.178,
				0.987,
				1.3,
				0.987,
				1,
				1.456,
				0.987,
				1.611,
				-1.105,
				1.767,
				-1.105,
				1,
				1.878,
				-1.105,
				1.989,
				0.476,
				2.1,
				0.476,
				1,
				2.222,
				0.476,
				2.344,
				-0.189,
				2.467,
				-0.189,
				1,
				2.589,
				-0.189,
				2.711,
				0.075,
				2.833,
				0.075,
				1,
				2.889,
				0.075,
				2.944,
				0.029,
				3,
				0.029
			]
		},
		{
			"Target": "Parameter",
			"Id": "Param9",
			"Segments": [
				0,
				0,
				1,
				0.044,
				0,
				0.089,
				0,
				0.133,
				0,
				1,
				0.278,
				0,
				0.422,
				1.642,
				0.567,
				1.642,
				1,
				0.711,
				1.642,
				0.856,
				-0.412,
				1,
				-0.412,
				1,
				1.144,
				-0.412,
				1.289,
				0.118,
				1.433,
				0.118,
				1,
				1.556,
				0.118,
				1.678,
				-9.165,
				1.8,
				-9.165,
				1,
				1.933,
				-9.165,
				2.067,
				2.164,
				2.2,
				2.164,
				1,
				2.344,
				2.164,
				2.489,
				-0.397,
				2.633,
				-0.397,
				1,
				2.756,
				-0.397,
				2.878,
				0.068,
				3,
				0.068
			]
		},
		{
			"Target": "Parameter",
			"Id": "Param12",
			"Segments": [
				0,
				0,
				1,
				0.1,
				0,
				0.2,
				0,
				0.3,
				0,
				1,
				0.356,
				0,
				0.411,
				26,
				0.467,
				26,
				1,
				0.522,
				26,
				0.578,
				21.467,
				0.633,
				16,
				1,
				0.689,
				10.533,
				0.744,
				9,
				0.8,
				9,
				1,
				0.833,
				9,
				0.867,
				16,
				0.9,
				16,
				1,
				1.033,
				16,
				1.167,
				0,
				1.3,
				0,
				1,
				1.533,
				0,
				1.767,
				0,
				2,
				0,
				1,
				2.056,
				0,
				2.111,
				15,
				2.167,
				15,
				1,
				2.211,
				15,
				2.256,
				0,
				2.3,
				0,
				0,
				3,
				0
			]
		},
		{
			"Target": "Parameter",
			"Id": "Param13",
			"Segments": [
				0,
				0,
				0,
				0.133,
				0,
				1,
				0.2,
				0,
				0.267,
				-18,
				0.333,
				-18,
				0,
				3,
				-18
			]
		},
		{
			"Target": "Parameter",
			"Id": "Param11",
			"Segments": [
				0,
				0,
				1,
				0.067,
				0,
				0.133,
				-10,
				0.2,
				-10,
				1,
				0.267,
				-10,
				0.333,
				21,
				0.4,
				21,
				1,
				0.456,
				21,
				0.511,
				0,
				0.567,
				0,
				0,
				3,
				0
			]
		},
		{
			"Target": "Parameter",
			"Id": "Param2",
			"Segments": [
				0,
				-5.232,
				1,
				0.078,
				-5.232,
				0.156,
				-4.975,
				0.233,
				-4.975,
				1,
				0.322,
				-4.975,
				0.411,
				-6.951,
				0.5,
				-6.951,
				1,
				0.622,
				-6.951,
				0.744,
				1.399,
				0.867,
				1.399,
				1,
				0.989,
				1.399,
				1.111,
				-8.247,
				1.233,
				-8.247,
				1,
				1.356,
				-8.247,
				1.478,
				6.405,
				1.6,
				6.405,
				1,
				1.689,
				6.405,
				1.778,
				-0.941,
				1.867,
				-0.941,
				1,
				1.967,
				-0.941,
				2.067,
				5.855,
				2.167,
				5.855,
				1,
				2.278,
				5.855,
				2.389,
				0.398,
				2.5,
				0.398,
				1,
				2.589,
				0.398,
				2.678,
				3.036,
				2.767,
				3.036,
				1,
				2.844,
				3.036,
				2.922,
				-3.262,
				3,
				-3.262
			]
		},
		{
			"Target": "Parameter",
			"Id": "Param3",
			"Segments": [
				0,
				0.016,
				1,
				0.022,
				0.016,
				0.044,
				0.042,
				0.067,
				0.042,
				1,
				0.122,
				0.042,
				0.178,
				-0.146,
				0.233,
				-0.146,
				1,
				0.3,
				-0.146,
				0.367,
				1.14,
				0.433,
				1.14,
				1,
				0.522,
				1.14,
				0.611,
				-4.025,
				0.7,
				-4.025,
				1,
				0.811,
				-4.025,
				0.922,
				6.081,
				1.033,
				6.081,
				1,
				1.167,
				6.081,
				1.3,
				-8.969,
				1.433,
				-8.969,
				1,
				1.544,
				-8.969,
				1.656,
				10.616,
				1.767,
				10.616,
				1,
				1.867,
				10.616,
				1.967,
				-8.948,
				2.067,
				-8.948,
				1,
				2.167,
				-8.948,
				2.267,
				7.366,
				2.367,
				7.366,
				1,
				2.478,
				7.366,
				2.589,
				-5.356,
				2.7,
				-5.356,
				1,
				2.8,
				-5.356,
				2.9,
				6.348,
				3,
				6.348
			]
		},
		{
			"Target": "Parameter",
			"Id": "ParamEyeBallX",
			"Segments": [
				0,
				0,
				1,
				0.133,
				0,
				0.267,
				0,
				0.4,
				0,
				1,
				0.422,
				0,
				0.444,
				0.1,
				0.467,
				0.1,
				1,
				0.5,
				0.1,
				0.533,
				0,
				0.567,
				0,
				1,
				0.689,
				0,
				0.811,
				0,
				0.933,
				0,
				1,
				1.022,
				0,
				1.111,
				0,
				1.2,
				0,
				1,
				1.3,
				0,
				1.4,
				0,
				1.5,
				0,
				1,
				1.567,
				0,
				1.633,
				0.4,
				1.7,
				0.4,
				1,
				1.933,
				0.4,
				2.167,
				0.345,
				2.4,
				0.2,
				1,
				2.478,
				0.152,
				2.556,
				0.1,
				2.633,
				0.1,
				1,
				2.744,
				0.1,
				2.856,
				0.2,
				2.967,
				0.2,
				0,
				3,
				0.2
			]
		},
		{
			"Target": "Parameter",
			"Id": "ParamEyeBallY",
			"Segments": [
				0,
				0,
				1,
				0.133,
				0,
				0.267,
				0,
				0.4,
				0,
				1,
				0.422,
				0,
				0.444,
				0.2,
				0.467,
				0.2,
				1,
				0.5,
				0.2,
				0.533,
				0,
				0.567,
				0,
				1,
				0.689,
				0,
				0.811,
				0,
				0.933,
				0,
				1,
				1.022,
				0,
				1.111,
				0,
				1.2,
				0,
				1,
				1.3,
				0,
				1.4,
				0,
				1.5,
				0,
				1,
				1.567,
				0,
				1.633,
				0.476,
				1.7,
				0.5,
				1,
				1.933,
				0.584,
				2.167,
				0.6,
				2.4,
				0.6,
				1,
				2.478,
				0.6,
				2.556,
				0.6,
				2.633,
				0.6,
				1,
				2.744,
				0.6,
				2.856,
				0.6,
				2.967,
				0.6,
				0,
				3,
				0.6
			]
		},
		{
			"Target": "Parameter",
			"Id": "ParamBodyAngleX",
			"Segments": [
				0,
				0,
				1,
				0.056,
				0,
				0.111,
				0,
				0.167,
				0,
				1,
				0.3,
				0,
				0.433,
				1.449,
				0.567,
				1.449,
				1,
				0.689,
				1.449,
				0.811,
				-0.639,
				0.933,
				-0.639,
				1,
				1.033,
				-0.639,
				1.133,
				0,
				1.233,
				0,
				1,
				1.822,
				0,
				2.411,
				0,
				3,
				0
			]
		},
		{
			"Target": "Parameter",
			"Id": "ParamBodyAngleY",
			"Segments": [
				0,
				0,
				1,
				0.1,
				0,
				0.2,
				0,
				0.3,
				0,
				1,
				0.4,
				0,
				0.5,
				0.584,
				0.6,
				0.584,
				1,
				0.722,
				0.584,
				0.844,
				-0.191,
				0.967,
				-0.191,
				1,
				1.1,
				-0.191,
				1.233,
				0.083,
				1.367,
				0.083,
				1,
				1.511,
				0.083,
				1.656,
				-3.729,
				1.8,
				-3.729,
				1,
				1.922,
				-3.729,
				2.044,
				0.788,
				2.167,
				0.788,
				1,
				2.311,
				0.788,
				2.456,
				-0.16,
				2.6,
				-0.16,
				1,
				2.689,
				-0.16,
				2.778,
				0,
				2.867,
				0,
				1,
				2.911,
				0,
				2.956,
				0,
				3,
				0
			]
		},
		{
			"Target": "Parameter",
			"Id": "ParamBodyAngleZ",
			"Segments": [
				0,
				0,
				1,
				0.067,
				0,
				0.133,
				0,
				0.2,
				0,
				1,
				0.3,
				0,
				0.4,
				-1.896,
				0.5,
				-1.896,
				1,
				0.633,
				-1.896,
				0.767,
				3.038,
				0.9,
				3.038,
				1,
				1.011,
				3.038,
				1.122,
				-0.211,
				1.233,
				-0.211,
				1,
				1.4,
				-0.211,
				1.567,
				5.782,
				1.733,
				5.782,
				1,
				1.967,
				5.782,
				2.2,
				4.018,
				2.433,
				4.018,
				1,
				2.533,
				4.018,
				2.633,
				4.406,
				2.733,
				4.406,
				1,
				2.822,
				4.406,
				2.911,
				1.768,
				3,
				1.768
			]
		},
		{
			"Target": "Parameter",
			"Id": "Param6",
			"Segments": [
				0,
				-5.256,
				1,
				0.067,
				-5.256,
				0.133,
				-5.016,
				0.2,
				-5.016,
				1,
				0.3,
				-5.016,
				0.4,
				-8.04,
				0.5,
				-8.04,
				1,
				0.622,
				-8.04,
				0.744,
				3.105,
				0.867,
				3.105,
				1,
				0.989,
				3.105,
				1.111,
				-10.388,
				1.233,
				-10.388,
				1,
				1.367,
				-10.388,
				1.5,
				11.176,
				1.633,
				11.176,
				1,
				1.756,
				11.176,
				1.878,
				-1.032,
				2,
				-1.032,
				1,
				2.111,
				-1.032,
				2.222,
				4.297,
				2.333,
				4.297,
				1,
				2.456,
				4.297,
				2.578,
				1.275,
				2.7,
				1.275,
				1,
				2.722,
				1.275,
				2.744,
				1.403,
				2.767,
				1.403,
				1,
				2.844,
				1.403,
				2.922,
				-3.5,
				3,
				-3.5
			]
		},
		{
			"Target": "Parameter",
			"Id": "Param7",
			"Segments": [
				0,
				-1.112,
				1,
				0.133,
				-1.112,
				0.267,
				1.991,
				0.4,
				1.991,
				1,
				0.511,
				1.991,
				0.622,
				-6.197,
				0.733,
				-6.197,
				1,
				0.844,
				-6.197,
				0.956,
				10.891,
				1.067,
				10.891,
				1,
				1.189,
				10.891,
				1.311,
				-16.49,
				1.433,
				-16.49,
				1,
				1.556,
				-16.49,
				1.678,
				19.247,
				1.8,
				19.247,
				1,
				1.922,
				19.247,
				2.044,
				-16.942,
				2.167,
				-16.942,
				1,
				2.289,
				-16.942,
				2.411,
				12.705,
				2.533,
				12.705,
				1,
				2.644,
				12.705,
				2.756,
				-7.821,
				2.867,
				-7.821,
				1,
				2.911,
				-7.821,
				2.956,
				-1.779,
				3,
				-1.779
			]
		},
		{
			"Target": "Parameter",
			"Id": "Param4",
			"Segments": [
				0,
				-2.102,
				1,
				0.022,
				-2.102,
				0.044,
				-2.1,
				0.067,
				-2.1,
				1,
				0.189,
				-2.1,
				0.311,
				-3.347,
				0.433,
				-3.347,
				1,
				0.544,
				-3.347,
				0.656,
				0.651,
				0.767,
				0.651,
				1,
				0.911,
				0.651,
				1.056,
				-3.39,
				1.2,
				-3.39,
				1,
				1.344,
				-3.39,
				1.489,
				3.245,
				1.633,
				3.245,
				1,
				1.722,
				3.245,
				1.811,
				-3.506,
				1.9,
				-3.506,
				1,
				2.011,
				-3.506,
				2.122,
				2.024,
				2.233,
				2.024,
				1,
				2.367,
				2.024,
				2.5,
				-1.311,
				2.633,
				-1.311,
				1,
				2.711,
				-1.311,
				2.789,
				-0.385,
				2.867,
				-0.385,
				1,
				2.911,
				-0.385,
				2.956,
				-1.068,
				3,
				-1.068
			]
		},
		{
			"Target": "Parameter",
			"Id": "Param5",
			"Segments": [
				0,
				-0.006,
				1,
				0.022,
				-0.006,
				0.044,
				-0.03,
				0.067,
				-0.03,
				1,
				0.156,
				-0.03,
				0.244,
				0.344,
				0.333,
				0.344,
				1,
				0.444,
				0.344,
				0.556,
				-1.796,
				0.667,
				-1.796,
				1,
				0.778,
				-1.796,
				0.889,
				2.564,
				1,
				2.564,
				1,
				1.133,
				2.564,
				1.267,
				-2.865,
				1.4,
				-2.865,
				1,
				1.544,
				-2.865,
				1.689,
				5.179,
				1.833,
				5.179,
				1,
				1.933,
				5.179,
				2.033,
				-4.875,
				2.133,
				-4.875,
				1,
				2.256,
				-4.875,
				2.378,
				3.675,
				2.5,
				3.675,
				1,
				2.611,
				3.675,
				2.722,
				-2.363,
				2.833,
				-2.363,
				1,
				2.889,
				-2.363,
				2.944,
				-0.444,
				3,
				-0.444
			]
		},
		{
			"Target": "Parameter",
			"Id": "Param_Angle_Rotation_1_m_h",
			"Segments": [
				0,
				-0.105,
				1,
				0.033,
				-0.105,
				0.067,
				-0.106,
				0.1,
				-0.106,
				1,
				0.144,
				-0.106,
				0.189,
				-0.102,
				0.233,
				-0.102,
				1,
				0.322,
				-0.102,
				0.411,
				-0.134,
				0.5,
				-0.134,
				1,
				0.644,
				-0.134,
				0.789,
				0.032,
				0.933,
				0.032,
				1,
				1.056,
				0.032,
				1.178,
				-0.141,
				1.3,
				-0.141,
				1,
				1.444,
				-0.141,
				1.589,
				0.092,
				1.733,
				0.092,
				1,
				1.756,
				0.092,
				1.778,
				0.092,
				1.8,
				0.092,
				1,
				1.878,
				0.092,
				1.956,
				0.11,
				2.033,
				0.11,
				1,
				2.2,
				0.11,
				2.367,
				0.004,
				2.533,
				0.004,
				1,
				2.622,
				0.004,
				2.711,
				0.037,
				2.8,
				0.037,
				1,
				2.867,
				0.037,
				2.933,
				-0.039,
				3,
				-0.039
			]
		},
		{
			"Target": "Parameter",
			"Id": "Param_Angle_Rotation_2_m_h",
			"Segments": [
				0,
				0,
				1,
				0.078,
				0,
				0.156,
				-0.008,
				0.233,
				-0.008,
				1,
				0.311,
				-0.008,
				0.389,
				0.024,
				0.467,
				0.024,
				1,
				0.578,
				0.024,
				0.689,
				-0.091,
				0.8,
				-0.091,
				1,
				0.933,
				-0.091,
				1.067,
				0.149,
				1.2,
				0.149,
				1,
				1.333,
				0.149,
				1.467,
				-0.203,
				1.6,
				-0.203,
				1,
				1.733,
				-0.203,
				1.867,
				0.089,
				2,
				0.089,
				1,
				2.233,
				0.089,
				2.467,
				-0.056,
				2.7,
				-0.056,
				1,
				2.8,
				-0.056,
				2.9,
				0.086,
				3,
				0.086
			]
		},
		{
			"Target": "Parameter",
			"Id": "Param_Angle_Rotation_3_m_h",
			"Segments": [
				0,
				0.031,
				1,
				0.111,
				0.031,
				0.222,
				-0.044,
				0.333,
				-0.044,
				1,
				0.433,
				-0.044,
				0.533,
				0.059,
				0.633,
				0.059,
				1,
				0.744,
				0.059,
				0.856,
				-0.272,
				0.967,
				-0.272,
				1,
				1.111,
				-0.272,
				1.256,
				0.534,
				1.4,
				0.534,
				1,
				1.533,
				0.534,
				1.667,
				-0.771,
				1.8,
				-0.771,
				1,
				1.944,
				-0.771,
				2.089,
				0.596,
				2.233,
				0.596,
				1,
				2.411,
				0.596,
				2.589,
				-0.343,
				2.767,
				-0.343,
				1,
				2.844,
				-0.343,
				2.922,
				-0.049,
				3,
				-0.049
			]
		},
		{
			"Target": "Parameter",
			"Id": "Param_Angle_Rotation_4_m_h",
			"Segments": [
				0,
				0.21,
				1,
				0.122,
				0.21,
				0.244,
				-0.153,
				0.367,
				-0.153,
				1,
				0.5,
				-0.153,
				0.633,
				0.094,
				0.767,
				0.094,
				1,
				0.889,
				0.094,
				1.011,
				-0.347,
				1.133,
				-0.347,
				1,
				1.267,
				-0.347,
				1.4,
				0.789,
				1.533,
				0.789,
				1,
				1.667,
				0.789,
				1.8,
				-1.305,
				1.933,
				-1.305,
				1,
				2.089,
				-1.305,
				2.244,
				1.369,
				2.4,
				1.369,
				1,
				2.556,
				1.369,
				2.711,
				-1.001,
				2.867,
				-1.001,
				1,
				2.911,
				-1.001,
				2.956,
				-0.663,
				3,
				-0.663
			]
		},
		{
			"Target": "Parameter",
			"Id": "Param_Angle_Rotation_5_m_h",
			"Segments": [
				0,
				0.719,
				1,
				0.144,
				0.719,
				0.289,
				-0.436,
				0.433,
				-0.436,
				1,
				0.578,
				-0.436,
				0.722,
				0.256,
				0.867,
				0.256,
				1,
				1,
				0.256,
				1.133,
				-0.52,
				1.267,
				-0.52,
				1,
				1.4,
				-0.52,
				1.533,
				1.179,
				1.667,
				1.179,
				1,
				1.8,
				1.179,
				1.933,
				-2.119,
				2.067,
				-2.119,
				1,
				2.211,
				-2.119,
				2.356,
				2.532,
				2.5,
				2.532,
				1,
				2.656,
				2.532,
				2.811,
				-2.164,
				2.967,
				-2.164,
				1,
				2.978,
				-2.164,
				2.989,
				-2.142,
				3,
				-2.142
			]
		},
		{
			"Target": "Parameter",
			"Id": "Param_Angle_Rotation_6_m_h",
			"Segments": [
				0,
				0.964,
				1,
				0.033,
				0.964,
				0.067,
				1.217,
				0.1,
				1.217,
				1,
				0.256,
				1.217,
				0.411,
				-0.723,
				0.567,
				-0.723,
				1,
				0.711,
				-0.723,
				0.856,
				0.309,
				1,
				0.309,
				1,
				1.133,
				0.309,
				1.267,
				-0.66,
				1.4,
				-0.66,
				1,
				1.533,
				-0.66,
				1.667,
				1.524,
				1.8,
				1.524,
				1,
				1.933,
				1.524,
				2.067,
				-2.945,
				2.2,
				-2.945,
				1,
				2.344,
				-2.945,
				2.489,
				3.549,
				2.633,
				3.549,
				1,
				2.756,
				3.549,
				2.878,
				-2.186,
				3,
				-2.186
			]
		},
		{
			"Target": "Parameter",
			"Id": "Param_Angle_Rotation_7_m_h",
			"Segments": [
				0,
				0.513,
				1,
				0.056,
				0.513,
				0.111,
				1.423,
				0.167,
				1.423,
				1,
				0.322,
				1.423,
				0.478,
				-0.92,
				0.633,
				-0.92,
				1,
				0.778,
				-0.92,
				0.922,
				0.516,
				1.067,
				0.516,
				1,
				1.2,
				0.516,
				1.333,
				-0.761,
				1.467,
				-0.761,
				1,
				1.611,
				-0.761,
				1.756,
				1.561,
				1.9,
				1.561,
				1,
				2.022,
				1.561,
				2.144,
				-2.849,
				2.267,
				-2.849,
				1,
				2.411,
				-2.849,
				2.556,
				3.374,
				2.7,
				3.374,
				1,
				2.8,
				3.374,
				2.9,
				-0.773,
				3,
				-0.773
			]
		},
		{
			"Target": "Parameter",
			"Id": "Param_Angle_Rotation_8_m_h",
			"Segments": [
				0,
				-0.737,
				1,
				0.089,
				-0.737,
				0.178,
				2.314,
				0.267,
				2.314,
				1,
				0.422,
				2.314,
				0.578,
				-1.556,
				0.733,
				-1.556,
				1,
				0.878,
				-1.556,
				1.022,
				0.825,
				1.167,
				0.825,
				1,
				1.3,
				0.825,
				1.433,
				-1.177,
				1.567,
				-1.177,
				1,
				1.7,
				-1.177,
				1.833,
				2.311,
				1.967,
				2.311,
				1,
				2.089,
				2.311,
				2.211,
				-3.93,
				2.333,
				-3.93,
				1,
				2.478,
				-3.93,
				2.622,
				4.346,
				2.767,
				4.346,
				1,
				2.844,
				4.346,
				2.922,
				0.645,
				3,
				0.645
			]
		},
		{
			"Target": "Parameter",
			"Id": "Param_Angle_Rotation_9_m_h",
			"Segments": [
				0,
				-2.118,
				1,
				0.122,
				-2.118,
				0.244,
				2.666,
				0.367,
				2.666,
				1,
				0.511,
				2.666,
				0.656,
				-1.942,
				0.8,
				-1.942,
				1,
				0.944,
				-1.942,
				1.089,
				1.126,
				1.233,
				1.126,
				1,
				1.378,
				1.126,
				1.522,
				-1.463,
				1.667,
				-1.463,
				1,
				1.789,
				-1.463,
				1.911,
				2.624,
				2.033,
				2.624,
				1,
				2.156,
				2.624,
				2.278,
				-4.021,
				2.4,
				-4.021,
				1,
				2.544,
				-4.021,
				2.689,
				4.066,
				2.833,
				4.066,
				1,
				2.889,
				4.066,
				2.944,
				1.552,
				3,
				1.552
			]
		},
		{
			"Target": "Parameter",
			"Id": "Param_Angle_Rotation_1_l_m_h",
			"Segments": [
				0,
				-0.105,
				1,
				0.033,
				-0.105,
				0.067,
				-0.106,
				0.1,
				-0.106,
				1,
				0.144,
				-0.106,
				0.189,
				-0.102,
				0.233,
				-0.102,
				1,
				0.322,
				-0.102,
				0.411,
				-0.134,
				0.5,
				-0.134,
				1,
				0.644,
				-0.134,
				0.789,
				0.032,
				0.933,
				0.032,
				1,
				1.056,
				0.032,
				1.178,
				-0.141,
				1.3,
				-0.141,
				1,
				1.444,
				-0.141,
				1.589,
				0.092,
				1.733,
				0.092,
				1,
				1.756,
				0.092,
				1.778,
				0.092,
				1.8,
				0.092,
				1,
				1.878,
				0.092,
				1.956,
				0.11,
				2.033,
				0.11,
				1,
				2.2,
				0.11,
				2.367,
				0.004,
				2.533,
				0.004,
				1,
				2.622,
				0.004,
				2.711,
				0.037,
				2.8,
				0.037,
				1,
				2.867,
				0.037,
				2.933,
				-0.039,
				3,
				-0.039
			]
		},
		{
			"Target": "Parameter",
			"Id": "Param_Angle_Rotation_2_l_m_h",
			"Segments": [
				0,
				-0.105,
				1,
				0.033,
				-0.105,
				0.067,
				-0.106,
				0.1,
				-0.106,
				1,
				0.144,
				-0.106,
				0.189,
				-0.102,
				0.233,
				-0.102,
				1,
				0.322,
				-0.102,
				0.411,
				-0.134,
				0.5,
				-0.134,
				1,
				0.644,
				-0.134,
				0.789,
				0.032,
				0.933,
				0.032,
				1,
				1.056,
				0.032,
				1.178,
				-0.141,
				1.3,
				-0.141,
				1,
				1.444,
				-0.141,
				1.589,
				0.092,
				1.733,
				0.092,
				1,
				1.756,
				0.092,
				1.778,
				0.092,
				1.8,
				0.092,
				1,
				1.878,
				0.092,
				1.956,
				0.11,
				2.033,
				0.11,
				1,
				2.2,
				0.11,
				2.367,
				0.004,
				2.533,
				0.004,
				1,
				2.622,
				0.004,
				2.711,
				0.037,
				2.8,
				0.037,
				1,
				2.867,
				0.037,
				2.933,
				-0.039,
				3,
				-0.039
			]
		},
		{
			"Target": "Parameter",
			"Id": "Param_Angle_Rotation_3_l_m_h",
			"Segments": [
				0,
				0,
				1,
				0.078,
				0,
				0.156,
				-0.008,
				0.233,
				-0.008,
				1,
				0.311,
				-0.008,
				0.389,
				0.024,
				0.467,
				0.024,
				1,
				0.578,
				0.024,
				0.689,
				-0.091,
				0.8,
				-0.091,
				1,
				0.933,
				-0.091,
				1.067,
				0.149,
				1.2,
				0.149,
				1,
				1.333,
				0.149,
				1.467,
				-0.203,
				1.6,
				-0.203,
				1,
				1.733,
				-0.203,
				1.867,
				0.089,
				2,
				0.089,
				1,
				2.233,
				0.089,
				2.467,
				-0.056,
				2.7,
				-0.056,
				1,
				2.8,
				-0.056,
				2.9,
				0.086,
				3,
				0.086
			]
		},
		{
			"Target": "Parameter",
			"Id": "Param_Angle_Rotation_4_l_m_h",
			"Segments": [
				0,
				0.031,
				1,
				0.111,
				0.031,
				0.222,
				-0.044,
				0.333,
				-0.044,
				1,
				0.433,
				-0.044,
				0.533,
				0.059,
				0.633,
				0.059,
				1,
				0.744,
				0.059,
				0.856,
				-0.272,
				0.967,
				-0.272,
				1,
				1.111,
				-0.272,
				1.256,
				0.534,
				1.4,
				0.534,
				1,
				1.533,
				0.534,
				1.667,
				-0.771,
				1.8,
				-0.771,
				1,
				1.944,
				-0.771,
				2.089,
				0.596,
				2.233,
				0.596,
				1,
				2.411,
				0.596,
				2.589,
				-0.343,
				2.767,
				-0.343,
				1,
				2.844,
				-0.343,
				2.922,
				-0.049,
				3,
				-0.049
			]
		},
		{
			"Target": "Parameter",
			"Id": "Param_Angle_Rotation_5_l_m_h",
			"Segments": [
				0,
				0.21,
				1,
				0.122,
				0.21,
				0.244,
				-0.153,
				0.367,
				-0.153,
				1,
				0.5,
				-0.153,
				0.633,
				0.094,
				0.767,
				0.094,
				1,
				0.889,
				0.094,
				1.011,
				-0.347,
				1.133,
				-0.347,
				1,
				1.267,
				-0.347,
				1.4,
				0.789,
				1.533,
				0.789,
				1,
				1.667,
				0.789,
				1.8,
				-1.305,
				1.933,
				-1.305,
				1,
				2.089,
				-1.305,
				2.244,
				1.369,
				2.4,
				1.369,
				1,
				2.556,
				1.369,
				2.711,
				-1.001,
				2.867,
				-1.001,
				1,
				2.911,
				-1.001,
				2.956,
				-0.663,
				3,
				-0.663
			]
		},
		{
			"Target": "Parameter",
			"Id": "Param_Angle_Rotation_6_l_m_h",
			"Segments": [
				0,
				0.719,
				1,
				0.144,
				0.719,
				0.289,
				-0.436,
				0.433,
				-0.436,
				1,
				0.578,
				-0.436,
				0.722,
				0.256,
				0.867,
				0.256,
				1,
				1,
				0.256,
				1.133,
				-0.52,
				1.267,
				-0.52,
				1,
				1.4,
				-0.52,
				1.533,
				1.179,
				1.667,
				1.179,
				1,
				1.8,
				1.179,
				1.933,
				-2.119,
				2.067,
				-2.119,
				1,
				2.211,
				-2.119,
				2.356,
				2.532,
				2.5,
				2.532,
				1,
				2.656,
				2.532,
				2.811,
				-2.164,
				2.967,
				-2.164,
				1,
				2.978,
				-2.164,
				2.989,
				-2.142,
				3,
				-2.142
			]
		},
		{
			"Target": "Parameter",
			"Id": "Param_Angle_Rotation_7_l_m_h",
			"Segments": [
				0,
				0.964,
				1,
				0.033,
				0.964,
				0.067,
				1.217,
				0.1,
				1.217,
				1,
				0.256,
				1.217,
				0.411,
				-0.723,
				0.567,
				-0.723,
				1,
				0.711,
				-0.723,
				0.856,
				0.309,
				1,
				0.309,
				1,
				1.133,
				0.309,
				1.267,
				-0.66,
				1.4,
				-0.66,
				1,
				1.533,
				-0.66,
				1.667,
				1.524,
				1.8,
				1.524,
				1,
				1.933,
				1.524,
				2.067,
				-2.945,
				2.2,
				-2.945,
				1,
				2.344,
				-2.945,
				2.489,
				3.549,
				2.633,
				3.549,
				1,
				2.756,
				3.549,
				2.878,
				-2.186,
				3,
				-2.186
			]
		},
		{
			"Target": "Parameter",
			"Id": "Param_Angle_Rotation_8_l_m_h",
			"Segments": [
				0,
				0.616,
				1,
				0.056,
				0.616,
				0.111,
				1.707,
				0.167,
				1.707,
				1,
				0.322,
				1.707,
				0.478,
				-1.104,
				0.633,
				-1.104,
				1,
				0.778,
				-1.104,
				0.922,
				0.619,
				1.067,
				0.619,
				1,
				1.2,
				0.619,
				1.333,
				-0.913,
				1.467,
				-0.913,
				1,
				1.611,
				-0.913,
				1.756,
				1.873,
				1.9,
				1.873,
				1,
				2.022,
				1.873,
				2.144,
				-3.418,
				2.267,
				-3.418,
				1,
				2.411,
				-3.418,
				2.556,
				4.049,
				2.7,
				4.049,
				1,
				2.8,
				4.049,
				2.9,
				-0.928,
				3,
				-0.928
			]
		},
		{
			"Target": "Parameter",
			"Id": "Param_Angle_Rotation_9_l_m_h",
			"Segments": [
				0,
				-0.737,
				1,
				0.089,
				-0.737,
				0.178,
				2.314,
				0.267,
				2.314,
				1,
				0.422,
				2.314,
				0.578,
				-1.556,
				0.733,
				-1.556,
				1,
				0.878,
				-1.556,
				1.022,
				0.825,
				1.167,
				0.825,
				1,
				1.3,
				0.825,
				1.433,
				-1.177,
				1.567,
				-1.177,
				1,
				1.7,
				-1.177,
				1.833,
				2.311,
				1.967,
				2.311,
				1,
				2.089,
				2.311,
				2.211,
				-3.93,
				2.333,
				-3.93,
				1,
				2.478,
				-3.93,
				2.622,
				4.346,
				2.767,
				4.346,
				1,
				2.844,
				4.346,
				2.922,
				0.645,
				3,
				0.645
			]
		},
		{
			"Target": "Parameter",
			"Id": "Param_Angle_Rotation_1_r_r_h",
			"Segments": [
				0,
				-0.105,
				1,
				0.033,
				-0.105,
				0.067,
				-0.106,
				0.1,
				-0.106,
				1,
				0.144,
				-0.106,
				0.189,
				-0.102,
				0.233,
				-0.102,
				1,
				0.322,
				-0.102,
				0.411,
				-0.134,
				0.5,
				-0.134,
				1,
				0.644,
				-0.134,
				0.789,
				0.032,
				0.933,
				0.032,
				1,
				1.056,
				0.032,
				1.178,
				-0.141,
				1.3,
				-0.141,
				1,
				1.444,
				-0.141,
				1.589,
				0.092,
				1.733,
				0.092,
				1,
				1.756,
				0.092,
				1.778,
				0.092,
				1.8,
				0.092,
				1,
				1.878,
				0.092,
				1.956,
				0.11,
				2.033,
				0.11,
				1,
				2.2,
				0.11,
				2.367,
				0.004,
				2.533,
				0.004,
				1,
				2.622,
				0.004,
				2.711,
				0.037,
				2.8,
				0.037,
				1,
				2.867,
				0.037,
				2.933,
				-0.039,
				3,
				-0.039
			]
		},
		{
			"Target": "Parameter",
			"Id": "Param_Angle_Rotation_2_r_r_h",
			"Segments": [
				0,
				-0.105,
				1,
				0.033,
				-0.105,
				0.067,
				-0.106,
				0.1,
				-0.106,
				1,
				0.144,
				-0.106,
				0.189,
				-0.102,
				0.233,
				-0.102,
				1,
				0.322,
				-0.102,
				0.411,
				-0.134,
				0.5,
				-0.134,
				1,
				0.644,
				-0.134,
				0.789,
				0.032,
				0.933,
				0.032,
				1,
				1.056,
				0.032,
				1.178,
				-0.141,
				1.3,
				-0.141,
				1,
				1.444,
				-0.141,
				1.589,
				0.092,
				1.733,
				0.092,
				1,
				1.756,
				0.092,
				1.778,
				0.092,
				1.8,
				0.092,
				1,
				1.878,
				0.092,
				1.956,
				0.11,
				2.033,
				0.11,
				1,
				2.2,
				0.11,
				2.367,
				0.004,
				2.533,
				0.004,
				1,
				2.622,
				0.004,
				2.711,
				0.037,
				2.8,
				0.037,
				1,
				2.867,
				0.037,
				2.933,
				-0.039,
				3,
				-0.039
			]
		},
		{
			"Target": "Parameter",
			"Id": "Param_Angle_Rotation_3_r_r_h",
			"Segments": [
				0,
				-0.21,
				1,
				0.033,
				-0.21,
				0.067,
				-0.211,
				0.1,
				-0.211,
				1,
				0.144,
				-0.211,
				0.189,
				-0.203,
				0.233,
				-0.203,
				1,
				0.322,
				-0.203,
				0.411,
				-0.267,
				0.5,
				-0.267,
				1,
				0.644,
				-0.267,
				0.789,
				0.064,
				0.933,
				0.064,
				1,
				1.056,
				0.064,
				1.178,
				-0.282,
				1.3,
				-0.282,
				1,
				1.444,
				-0.282,
				1.589,
				0.185,
				1.733,
				0.185,
				1,
				1.756,
				0.185,
				1.778,
				0.183,
				1.8,
				0.183,
				1,
				1.878,
				0.183,
				1.956,
				0.22,
				2.033,
				0.22,
				1,
				2.2,
				0.22,
				2.367,
				0.007,
				2.533,
				0.007,
				1,
				2.622,
				0.007,
				2.711,
				0.074,
				2.8,
				0.074,
				1,
				2.867,
				0.074,
				2.933,
				-0.077,
				3,
				-0.077
			]
		},
		{
			"Target": "Parameter",
			"Id": "Param_Angle_Rotation_4_r_r_h",
			"Segments": [
				0,
				0,
				1,
				0.078,
				0,
				0.156,
				-0.023,
				0.233,
				-0.023,
				1,
				0.311,
				-0.023,
				0.389,
				0.073,
				0.467,
				0.073,
				1,
				0.578,
				0.073,
				0.689,
				-0.274,
				0.8,
				-0.274,
				1,
				0.933,
				-0.274,
				1.067,
				0.446,
				1.2,
				0.446,
				1,
				1.333,
				0.446,
				1.467,
				-0.608,
				1.6,
				-0.608,
				1,
				1.733,
				-0.608,
				1.867,
				0.268,
				2,
				0.268,
				1,
				2.233,
				0.268,
				2.467,
				-0.167,
				2.7,
				-0.167,
				1,
				2.8,
				-0.167,
				2.9,
				0.258,
				3,
				0.258
			]
		},
		{
			"Target": "Parameter",
			"Id": "Param_Angle_Rotation_5_r_r_h",
			"Segments": [
				0,
				0.041,
				1,
				0.111,
				0.041,
				0.222,
				-0.059,
				0.333,
				-0.059,
				1,
				0.433,
				-0.059,
				0.533,
				0.078,
				0.633,
				0.078,
				1,
				0.744,
				0.078,
				0.856,
				-0.363,
				0.967,
				-0.363,
				1,
				1.111,
				-0.363,
				1.256,
				0.712,
				1.4,
				0.712,
				1,
				1.533,
				0.712,
				1.667,
				-1.027,
				1.8,
				-1.027,
				1,
				1.944,
				-1.027,
				2.089,
				0.795,
				2.233,
				0.795,
				1,
				2.411,
				0.795,
				2.589,
				-0.457,
				2.767,
				-0.457,
				1,
				2.844,
				-0.457,
				2.922,
				-0.065,
				3,
				-0.065
			]
		},
		{
			"Target": "Parameter",
			"Id": "Param_Angle_Rotation_6_r_r_h",
			"Segments": [
				0,
				0.262,
				1,
				0.122,
				0.262,
				0.244,
				-0.192,
				0.367,
				-0.192,
				1,
				0.5,
				-0.192,
				0.633,
				0.118,
				0.767,
				0.118,
				1,
				0.889,
				0.118,
				1.011,
				-0.434,
				1.133,
				-0.434,
				1,
				1.267,
				-0.434,
				1.4,
				0.986,
				1.533,
				0.986,
				1,
				1.667,
				0.986,
				1.8,
				-1.631,
				1.933,
				-1.631,
				1,
				2.089,
				-1.631,
				2.244,
				1.712,
				2.4,
				1.712,
				1,
				2.556,
				1.712,
				2.711,
				-1.251,
				2.867,
				-1.251,
				1,
				2.911,
				-1.251,
				2.956,
				-0.828,
				3,
				-0.828
			]
		},
		{
			"Target": "Parameter",
			"Id": "Param_Angle_Rotation_7_r_r_h",
			"Segments": [
				0,
				0.719,
				1,
				0.144,
				0.719,
				0.289,
				-0.436,
				0.433,
				-0.436,
				1,
				0.578,
				-0.436,
				0.722,
				0.256,
				0.867,
				0.256,
				1,
				1,
				0.256,
				1.133,
				-0.52,
				1.267,
				-0.52,
				1,
				1.4,
				-0.52,
				1.533,
				1.179,
				1.667,
				1.179,
				1,
				1.8,
				1.179,
				1.933,
				-2.119,
				2.067,
				-2.119,
				1,
				2.211,
				-2.119,
				2.356,
				2.532,
				2.5,
				2.532,
				1,
				2.656,
				2.532,
				2.811,
				-2.164,
				2.967,
				-2.164,
				1,
				2.978,
				-2.164,
				2.989,
				-2.142,
				3,
				-2.142
			]
		},
		{
			"Target": "Parameter",
			"Id": "Param_Angle_Rotation_8_r_r_h",
			"Segments": [
				0,
				0.964,
				1,
				0.033,
				0.964,
				0.067,
				1.217,
				0.1,
				1.217,
				1,
				0.256,
				1.217,
				0.411,
				-0.723,
				0.567,
				-0.723,
				1,
				0.711,
				-0.723,
				0.856,
				0.309,
				1,
				0.309,
				1,
				1.133,
				0.309,
				1.267,
				-0.66,
				1.4,
				-0.66,
				1,
				1.533,
				-0.66,
				1.667,
				1.524,
				1.8,
				1.524,
				1,
				1.933,
				1.524,
				2.067,
				-2.945,
				2.2,
				-2.945,
				1,
				2.344,
				-2.945,
				2.489,
				3.549,
				2.633,
				3.549,
				1,
				2.756,
				3.549,
				2.878,
				-2.186,
				3,
				-2.186
			]
		},
		{
			"Target": "Parameter",
			"Id": "Param_Angle_Rotation_9_r_r_h",
			"Segments": [
				0,
				0.616,
				1,
				0.056,
				0.616,
				0.111,
				1.707,
				0.167,
				1.707,
				1,
				0.322,
				1.707,
				0.478,
				-1.104,
				0.633,
				-1.104,
				1,
				0.778,
				-1.104,
				0.922,
				0.619,
				1.067,
				0.619,
				1,
				1.2,
				0.619,
				1.333,
				-0.913,
				1.467,
				-0.913,
				1,
				1.611,
				-0.913,
				1.756,
				1.873,
				1.9,
				1.873,
				1,
				2.022,
				1.873,
				2.144,
				-3.418,
				2.267,
				-3.418,
				1,
				2.411,
				-3.418,
				2.556,
				4.049,
				2.7,
				4.049,
				1,
				2.8,
				4.049,
				2.9,
				-0.928,
				3,
				-0.928
			]
		},
		{
			"Target": "Parameter",
			"Id": "Param_Angle_Rotation_10_r_r_h",
			"Segments": [
				0,
				-0.737,
				1,
				0.089,
				-0.737,
				0.178,
				2.314,
				0.267,
				2.314,
				1,
				0.422,
				2.314,
				0.578,
				-1.556,
				0.733,
				-1.556,
				1,
				0.878,
				-1.556,
				1.022,
				0.825,
				1.167,
				0.825,
				1,
				1.3,
				0.825,
				1.433,
				-1.177,
				1.567,
				-1.177,
				1,
				1.7,
				-1.177,
				1.833,
				2.311,
				1.967,
				2.311,
				1,
				2.089,
				2.311,
				2.211,
				-3.93,
				2.333,
				-3.93,
				1,
				2.478,
				-3.93,
				2.622,
				4.346,
				2.767,
				4.346,
				1,
				2.844,
				4.346,
				2.922,
				0.645,
				3,
				0.645
			]
		},
		{
			"Target": "Parameter",
			"Id": "Param_Angle_Rotation_11_r_r_h",
			"Segments": [
				0,
				-2.118,
				1,
				0.122,
				-2.118,
				0.244,
				2.666,
				0.367,
				2.666,
				1,
				0.511,
				2.666,
				0.656,
				-1.942,
				0.8,
				-1.942,
				1,
				0.944,
				-1.942,
				1.089,
				1.126,
				1.233,
				1.126,
				1,
				1.378,
				1.126,
				1.522,
				-1.463,
				1.667,
				-1.463,
				1,
				1.789,
				-1.463,
				1.911,
				2.624,
				2.033,
				2.624,
				1,
				2.156,
				2.624,
				2.278,
				-4.021,
				2.4,
				-4.021,
				1,
				2.544,
				-4.021,
				2.689,
				4.066,
				2.833,
				4.066,
				1,
				2.889,
				4.066,
				2.944,
				1.552,
				3,
				1.552
			]
		},
		{
			"Target": "Parameter",
			"Id": "Param_Angle_Rotation_1_l_l_h",
			"Segments": [
				0,
				-0.105,
				1,
				0.033,
				-0.105,
				0.067,
				-0.106,
				0.1,
				-0.106,
				1,
				0.144,
				-0.106,
				0.189,
				-0.102,
				0.233,
				-0.102,
				1,
				0.322,
				-0.102,
				0.411,
				-0.134,
				0.5,
				-0.134,
				1,
				0.644,
				-0.134,
				0.789,
				0.032,
				0.933,
				0.032,
				1,
				1.056,
				0.032,
				1.178,
				-0.141,
				1.3,
				-0.141,
				1,
				1.444,
				-0.141,
				1.589,
				0.092,
				1.733,
				0.092,
				1,
				1.756,
				0.092,
				1.778,
				0.092,
				1.8,
				0.092,
				1,
				1.878,
				0.092,
				1.956,
				0.11,
				2.033,
				0.11,
				1,
				2.2,
				0.11,
				2.367,
				0.004,
				2.533,
				0.004,
				1,
				2.622,
				0.004,
				2.711,
				0.037,
				2.8,
				0.037,
				1,
				2.867,
				0.037,
				2.933,
				-0.039,
				3,
				-0.039
			]
		},
		{
			"Target": "Parameter",
			"Id": "Param_Angle_Rotation_2_l_l_h",
			"Segments": [
				0,
				-0.105,
				1,
				0.033,
				-0.105,
				0.067,
				-0.106,
				0.1,
				-0.106,
				1,
				0.144,
				-0.106,
				0.189,
				-0.102,
				0.233,
				-0.102,
				1,
				0.322,
				-0.102,
				0.411,
				-0.134,
				0.5,
				-0.134,
				1,
				0.644,
				-0.134,
				0.789,
				0.032,
				0.933,
				0.032,
				1,
				1.056,
				0.032,
				1.178,
				-0.141,
				1.3,
				-0.141,
				1,
				1.444,
				-0.141,
				1.589,
				0.092,
				1.733,
				0.092,
				1,
				1.756,
				0.092,
				1.778,
				0.092,
				1.8,
				0.092,
				1,
				1.878,
				0.092,
				1.956,
				0.11,
				2.033,
				0.11,
				1,
				2.2,
				0.11,
				2.367,
				0.004,
				2.533,
				0.004,
				1,
				2.622,
				0.004,
				2.711,
				0.037,
				2.8,
				0.037,
				1,
				2.867,
				0.037,
				2.933,
				-0.039,
				3,
				-0.039
			]
		},
		{
			"Target": "Parameter",
			"Id": "Param_Angle_Rotation_3_l_l_h",
			"Segments": [
				0,
				0,
				1,
				0.078,
				0,
				0.156,
				-0.008,
				0.233,
				-0.008,
				1,
				0.311,
				-0.008,
				0.389,
				0.024,
				0.467,
				0.024,
				1,
				0.578,
				0.024,
				0.689,
				-0.091,
				0.8,
				-0.091,
				1,
				0.933,
				-0.091,
				1.067,
				0.149,
				1.2,
				0.149,
				1,
				1.333,
				0.149,
				1.467,
				-0.203,
				1.6,
				-0.203,
				1,
				1.733,
				-0.203,
				1.867,
				0.089,
				2,
				0.089,
				1,
				2.233,
				0.089,
				2.467,
				-0.056,
				2.7,
				-0.056,
				1,
				2.8,
				-0.056,
				2.9,
				0.086,
				3,
				0.086
			]
		},
		{
			"Target": "Parameter",
			"Id": "Param_Angle_Rotation_4_l_l_h",
			"Segments": [
				0,
				0.031,
				1,
				0.111,
				0.031,
				0.222,
				-0.044,
				0.333,
				-0.044,
				1,
				0.433,
				-0.044,
				0.533,
				0.059,
				0.633,
				0.059,
				1,
				0.744,
				0.059,
				0.856,
				-0.272,
				0.967,
				-0.272,
				1,
				1.111,
				-0.272,
				1.256,
				0.534,
				1.4,
				0.534,
				1,
				1.533,
				0.534,
				1.667,
				-0.771,
				1.8,
				-0.771,
				1,
				1.944,
				-0.771,
				2.089,
				0.596,
				2.233,
				0.596,
				1,
				2.411,
				0.596,
				2.589,
				-0.343,
				2.767,
				-0.343,
				1,
				2.844,
				-0.343,
				2.922,
				-0.049,
				3,
				-0.049
			]
		},
		{
			"Target": "Parameter",
			"Id": "Param_Angle_Rotation_5_l_l_h",
			"Segments": [
				0,
				0.21,
				1,
				0.122,
				0.21,
				0.244,
				-0.153,
				0.367,
				-0.153,
				1,
				0.5,
				-0.153,
				0.633,
				0.094,
				0.767,
				0.094,
				1,
				0.889,
				0.094,
				1.011,
				-0.347,
				1.133,
				-0.347,
				1,
				1.267,
				-0.347,
				1.4,
				0.789,
				1.533,
				0.789,
				1,
				1.667,
				0.789,
				1.8,
				-1.305,
				1.933,
				-1.305,
				1,
				2.089,
				-1.305,
				2.244,
				1.369,
				2.4,
				1.369,
				1,
				2.556,
				1.369,
				2.711,
				-1.001,
				2.867,
				-1.001,
				1,
				2.911,
				-1.001,
				2.956,
				-0.663,
				3,
				-0.663
			]
		},
		{
			"Target": "Parameter",
			"Id": "Param_Angle_Rotation_6_l_l_h",
			"Segments": [
				0,
				0.719,
				1,
				0.144,
				0.719,
				0.289,
				-0.436,
				0.433,
				-0.436,
				1,
				0.578,
				-0.436,
				0.722,
				0.256,
				0.867,
				0.256,
				1,
				1,
				0.256,
				1.133,
				-0.52,
				1.267,
				-0.52,
				1,
				1.4,
				-0.52,
				1.533,
				1.179,
				1.667,
				1.179,
				1,
				1.8,
				1.179,
				1.933,
				-2.119,
				2.067,
				-2.119,
				1,
				2.211,
				-2.119,
				2.356,
				2.532,
				2.5,
				2.532,
				1,
				2.656,
				2.532,
				2.811,
				-2.164,
				2.967,
				-2.164,
				1,
				2.978,
				-2.164,
				2.989,
				-2.142,
				3,
				-2.142
			]
		},
		{
			"Target": "Parameter",
			"Id": "Param_Angle_Rotation_7_l_l_h",
			"Segments": [
				0,
				0.964,
				1,
				0.033,
				0.964,
				0.067,
				1.217,
				0.1,
				1.217,
				1,
				0.256,
				1.217,
				0.411,
				-0.723,
				0.567,
				-0.723,
				1,
				0.711,
				-0.723,
				0.856,
				0.309,
				1,
				0.309,
				1,
				1.133,
				0.309,
				1.267,
				-0.66,
				1.4,
				-0.66,
				1,
				1.533,
				-0.66,
				1.667,
				1.524,
				1.8,
				1.524,
				1,
				1.933,
				1.524,
				2.067,
				-2.945,
				2.2,
				-2.945,
				1,
				2.344,
				-2.945,
				2.489,
				3.549,
				2.633,
				3.549,
				1,
				2.756,
				3.549,
				2.878,
				-2.186,
				3,
				-2.186
			]
		},
		{
			"Target": "Parameter",
			"Id": "Param_Angle_Rotation_8_l_l_h",
			"Segments": [
				0,
				0.513,
				1,
				0.056,
				0.513,
				0.111,
				1.423,
				0.167,
				1.423,
				1,
				0.322,
				1.423,
				0.478,
				-0.92,
				0.633,
				-0.92,
				1,
				0.778,
				-0.92,
				0.922,
				0.516,
				1.067,
				0.516,
				1,
				1.2,
				0.516,
				1.333,
				-0.761,
				1.467,
				-0.761,
				1,
				1.611,
				-0.761,
				1.756,
				1.561,
				1.9,
				1.561,
				1,
				2.022,
				1.561,
				2.144,
				-2.849,
				2.267,
				-2.849,
				1,
				2.411,
				-2.849,
				2.556,
				3.374,
				2.7,
				3.374,
				1,
				2.8,
				3.374,
				2.9,
				-0.773,
				3,
				-0.773
			]
		},
		{
			"Target": "Parameter",
			"Id": "Param_Angle_Rotation_9_l_l_h",
			"Segments": [
				0,
				-0.614,
				1,
				0.089,
				-0.614,
				0.178,
				1.928,
				0.267,
				1.928,
				1,
				0.422,
				1.928,
				0.578,
				-1.296,
				0.733,
				-1.296,
				1,
				0.878,
				-1.296,
				1.022,
				0.688,
				1.167,
				0.688,
				1,
				1.3,
				0.688,
				1.433,
				-0.981,
				1.567,
				-0.981,
				1,
				1.7,
				-0.981,
				1.833,
				1.926,
				1.967,
				1.926,
				1,
				2.089,
				1.926,
				2.211,
				-3.275,
				2.333,
				-3.275,
				1,
				2.478,
				-3.275,
				2.622,
				3.621,
				2.767,
				3.621,
				1,
				2.844,
				3.621,
				2.922,
				0.538,
				3,
				0.538
			]
		},
		{
			"Target": "Parameter",
			"Id": "Param_Angle_Rotation_10_l_l_h",
			"Segments": [
				0,
				-2.118,
				1,
				0.122,
				-2.118,
				0.244,
				2.666,
				0.367,
				2.666,
				1,
				0.511,
				2.666,
				0.656,
				-1.942,
				0.8,
				-1.942,
				1,
				0.944,
				-1.942,
				1.089,
				1.126,
				1.233,
				1.126,
				1,
				1.378,
				1.126,
				1.522,
				-1.463,
				1.667,
				-1.463,
				1,
				1.789,
				-1.463,
				1.911,
				2.624,
				2.033,
				2.624,
				1,
				2.156,
				2.624,
				2.278,
				-4.021,
				2.4,
				-4.021,
				1,
				2.544,
				-4.021,
				2.689,
				4.066,
				2.833,
				4.066,
				1,
				2.889,
				4.066,
				2.944,
				1.552,
				3,
				1.552
			]
		},
		{
			"Target": "Parameter",
			"Id": "Param_Angle_Rotation_11_l_l_h",
			"Segments": [
				0,
				-2.118,
				1,
				0.122,
				-2.118,
				0.244,
				2.666,
				0.367,
				2.666,
				1,
				0.511,
				2.666,
				0.656,
				-1.942,
				0.8,
				-1.942,
				1,
				0.944,
				-1.942,
				1.089,
				1.126,
				1.233,
				1.126,
				1,
				1.378,
				1.126,
				1.522,
				-1.463,
				1.667,
				-1.463,
				1,
				1.789,
				-1.463,
				1.911,
				2.624,
				2.033,
				2.624,
				1,
				2.156,
				2.624,
				2.278,
				-4.021,
				2.4,
				-4.021,
				1,
				2.544,
				-4.021,
				2.689,
				4.066,
				2.833,
				4.066,
				1,
				2.889,
				4.066,
				2.944,
				1.552,
				3,
				1.552
			]
		},
		{
			"Target": "Parameter",
			"Id": "Param_Angle_Rotation_1_rr_h",
			"Segments": [
				0,
				-0.105,
				1,
				0.033,
				-0.105,
				0.067,
				-0.106,
				0.1,
				-0.106,
				1,
				0.144,
				-0.106,
				0.189,
				-0.102,
				0.233,
				-0.102,
				1,
				0.322,
				-0.102,
				0.411,
				-0.134,
				0.5,
				-0.134,
				1,
				0.644,
				-0.134,
				0.789,
				0.032,
				0.933,
				0.032,
				1,
				1.056,
				0.032,
				1.178,
				-0.141,
				1.3,
				-0.141,
				1,
				1.444,
				-0.141,
				1.589,
				0.092,
				1.733,
				0.092,
				1,
				1.756,
				0.092,
				1.778,
				0.092,
				1.8,
				0.092,
				1,
				1.878,
				0.092,
				1.956,
				0.11,
				2.033,
				0.11,
				1,
				2.2,
				0.11,
				2.367,
				0.004,
				2.533,
				0.004,
				1,
				2.622,
				0.004,
				2.711,
				0.037,
				2.8,
				0.037,
				1,
				2.867,
				0.037,
				2.933,
				-0.039,
				3,
				-0.039
			]
		},
		{
			"Target": "Parameter",
			"Id": "Param_Angle_Rotation_2_rr_h",
			"Segments": [
				0,
				-0.105,
				1,
				0.033,
				-0.105,
				0.067,
				-0.106,
				0.1,
				-0.106,
				1,
				0.144,
				-0.106,
				0.189,
				-0.102,
				0.233,
				-0.102,
				1,
				0.322,
				-0.102,
				0.411,
				-0.134,
				0.5,
				-0.134,
				1,
				0.644,
				-0.134,
				0.789,
				0.032,
				0.933,
				0.032,
				1,
				1.056,
				0.032,
				1.178,
				-0.141,
				1.3,
				-0.141,
				1,
				1.444,
				-0.141,
				1.589,
				0.092,
				1.733,
				0.092,
				1,
				1.756,
				0.092,
				1.778,
				0.092,
				1.8,
				0.092,
				1,
				1.878,
				0.092,
				1.956,
				0.11,
				2.033,
				0.11,
				1,
				2.2,
				0.11,
				2.367,
				0.004,
				2.533,
				0.004,
				1,
				2.622,
				0.004,
				2.711,
				0.037,
				2.8,
				0.037,
				1,
				2.867,
				0.037,
				2.933,
				-0.039,
				3,
				-0.039
			]
		},
		{
			"Target": "Parameter",
			"Id": "Param_Angle_Rotation_3_rr_h",
			"Segments": [
				0,
				0,
				1,
				0.078,
				0,
				0.156,
				-0.008,
				0.233,
				-0.008,
				1,
				0.311,
				-0.008,
				0.389,
				0.024,
				0.467,
				0.024,
				1,
				0.578,
				0.024,
				0.689,
				-0.091,
				0.8,
				-0.091,
				1,
				0.933,
				-0.091,
				1.067,
				0.149,
				1.2,
				0.149,
				1,
				1.333,
				0.149,
				1.467,
				-0.203,
				1.6,
				-0.203,
				1,
				1.733,
				-0.203,
				1.867,
				0.089,
				2,
				0.089,
				1,
				2.233,
				0.089,
				2.467,
				-0.056,
				2.7,
				-0.056,
				1,
				2.8,
				-0.056,
				2.9,
				0.086,
				3,
				0.086
			]
		},
		{
			"Target": "Parameter",
			"Id": "Param_Angle_Rotation_4_rr_h",
			"Segments": [
				0,
				0.01,
				1,
				0.111,
				0.01,
				0.222,
				-0.015,
				0.333,
				-0.015,
				1,
				0.433,
				-0.015,
				0.533,
				0.02,
				0.633,
				0.02,
				1,
				0.744,
				0.02,
				0.856,
				-0.091,
				0.967,
				-0.091,
				1,
				1.111,
				-0.091,
				1.256,
				0.178,
				1.4,
				0.178,
				1,
				1.533,
				0.178,
				1.667,
				-0.257,
				1.8,
				-0.257,
				1,
				1.944,
				-0.257,
				2.089,
				0.199,
				2.233,
				0.199,
				1,
				2.411,
				0.199,
				2.589,
				-0.114,
				2.767,
				-0.114,
				1,
				2.844,
				-0.114,
				2.922,
				-0.016,
				3,
				-0.016
			]
		},
		{
			"Target": "Parameter",
			"Id": "Param_Angle_Rotation_5_rr_h",
			"Segments": [
				0,
				0.052,
				1,
				0.122,
				0.052,
				0.244,
				-0.038,
				0.367,
				-0.038,
				1,
				0.5,
				-0.038,
				0.633,
				0.024,
				0.767,
				0.024,
				1,
				0.889,
				0.024,
				1.011,
				-0.087,
				1.133,
				-0.087,
				1,
				1.267,
				-0.087,
				1.4,
				0.197,
				1.533,
				0.197,
				1,
				1.667,
				0.197,
				1.8,
				-0.326,
				1.933,
				-0.326,
				1,
				2.089,
				-0.326,
				2.244,
				0.342,
				2.4,
				0.342,
				1,
				2.556,
				0.342,
				2.711,
				-0.25,
				2.867,
				-0.25,
				1,
				2.911,
				-0.25,
				2.956,
				-0.166,
				3,
				-0.166
			]
		},
		{
			"Target": "Parameter",
			"Id": "Param_Angle_Rotation_6_rr_h",
			"Segments": [
				0,
				0.719,
				1,
				0.144,
				0.719,
				0.289,
				-0.436,
				0.433,
				-0.436,
				1,
				0.578,
				-0.436,
				0.722,
				0.256,
				0.867,
				0.256,
				1,
				1,
				0.256,
				1.133,
				-0.52,
				1.267,
				-0.52,
				1,
				1.4,
				-0.52,
				1.533,
				1.179,
				1.667,
				1.179,
				1,
				1.8,
				1.179,
				1.933,
				-2.119,
				2.067,
				-2.119,
				1,
				2.211,
				-2.119,
				2.356,
				2.532,
				2.5,
				2.532,
				1,
				2.656,
				2.532,
				2.811,
				-2.164,
				2.967,
				-2.164,
				1,
				2.978,
				-2.164,
				2.989,
				-2.142,
				3,
				-2.142
			]
		},
		{
			"Target": "Parameter",
			"Id": "Param_Angle_Rotation_7_rr_h",
			"Segments": [
				0,
				1.157,
				1,
				0.033,
				1.157,
				0.067,
				1.46,
				0.1,
				1.46,
				1,
				0.256,
				1.46,
				0.411,
				-0.867,
				0.567,
				-0.867,
				1,
				0.711,
				-0.867,
				0.856,
				0.371,
				1,
				0.371,
				1,
				1.133,
				0.371,
				1.267,
				-0.792,
				1.4,
				-0.792,
				1,
				1.533,
				-0.792,
				1.667,
				1.828,
				1.8,
				1.828,
				1,
				1.933,
				1.828,
				2.067,
				-3.534,
				2.2,
				-3.534,
				1,
				2.344,
				-3.534,
				2.489,
				4.259,
				2.633,
				4.259,
				1,
				2.756,
				4.259,
				2.878,
				-2.624,
				3,
				-2.624
			]
		},
		{
			"Target": "Parameter",
			"Id": "Param_Angle_Rotation_8_rr_h",
			"Segments": [
				0,
				0.616,
				1,
				0.056,
				0.616,
				0.111,
				1.707,
				0.167,
				1.707,
				1,
				0.322,
				1.707,
				0.478,
				-1.104,
				0.633,
				-1.104,
				1,
				0.778,
				-1.104,
				0.922,
				0.619,
				1.067,
				0.619,
				1,
				1.2,
				0.619,
				1.333,
				-0.913,
				1.467,
				-0.913,
				1,
				1.611,
				-0.913,
				1.756,
				1.873,
				1.9,
				1.873,
				1,
				2.022,
				1.873,
				2.144,
				-3.418,
				2.267,
				-3.418,
				1,
				2.411,
				-3.418,
				2.556,
				4.049,
				2.7,
				4.049,
				1,
				2.8,
				4.049,
				2.9,
				-0.928,
				3,
				-0.928
			]
		},
		{
			"Target": "Parameter",
			"Id": "Param_Angle_Rotation_9_rr_h",
			"Segments": [
				0,
				-0.737,
				1,
				0.089,
				-0.737,
				0.178,
				2.314,
				0.267,
				2.314,
				1,
				0.422,
				2.314,
				0.578,
				-1.556,
				0.733,
				-1.556,
				1,
				0.878,
				-1.556,
				1.022,
				0.825,
				1.167,
				0.825,
				1,
				1.3,
				0.825,
				1.433,
				-1.177,
				1.567,
				-1.177,
				1,
				1.7,
				-1.177,
				1.833,
				2.311,
				1.967,
				2.311,
				1,
				2.089,
				2.311,
				2.211,
				-3.93,
				2.333,
				-3.93,
				1,
				2.478,
				-3.93,
				2.622,
				4.346,
				2.767,
				4.346,
				1,
				2.844,
				4.346,
				2.922,
				0.645,
				3,
				0.645
			]
		},
		{
			"Target": "Parameter",
			"Id": "Param_Angle_Rotation_10_rr_h",
			"Segments": [
				0,
				-2.118,
				1,
				0.122,
				-2.118,
				0.244,
				2.666,
				0.367,
				2.666,
				1,
				0.511,
				2.666,
				0.656,
				-1.942,
				0.8,
				-1.942,
				1,
				0.944,
				-1.942,
				1.089,
				1.126,
				1.233,
				1.126,
				1,
				1.378,
				1.126,
				1.522,
				-1.463,
				1.667,
				-1.463,
				1,
				1.789,
				-1.463,
				1.911,
				2.624,
				2.033,
				2.624,
				1,
				2.156,
				2.624,
				2.278,
				-4.021,
				2.4,
				-4.021,
				1,
				2.544,
				-4.021,
				2.689,
				4.066,
				2.833,
				4.066,
				1,
				2.889,
				4.066,
				2.944,
				1.552,
				3,
				1.552
			]
		},
		{
			"Target": "Parameter",
			"Id": "Param_Angle_Rotation_11_rr_h",
			"Segments": [
				0,
				-2.118,
				1,
				0.122,
				-2.118,
				0.244,
				2.666,
				0.367,
				2.666,
				1,
				0.511,
				2.666,
				0.656,
				-1.942,
				0.8,
				-1.942,
				1,
				0.944,
				-1.942,
				1.089,
				1.126,
				1.233,
				1.126,
				1,
				1.378,
				1.126,
				1.522,
				-1.463,
				1.667,
				-1.463,
				1,
				1.789,
				-1.463,
				1.911,
				2.624,
				2.033,
				2.624,
				1,
				2.156,
				2.624,
				2.278,
				-4.021,
				2.4,
				-4.021,
				1,
				2.544,
				-4.021,
				2.689,
				4.066,
				2.833,
				4.066,
				1,
				2.889,
				4.066,
				2.944,
				1.552,
				3,
				1.552
			]
		},
		{
			"Target": "Parameter",
			"Id": "Param_Angle_Rotation_1_shadow_m",
			"Segments": [
				0,
				-0.105,
				1,
				0.033,
				-0.105,
				0.067,
				-0.106,
				0.1,
				-0.106,
				1,
				0.144,
				-0.106,
				0.189,
				-0.102,
				0.233,
				-0.102,
				1,
				0.322,
				-0.102,
				0.411,
				-0.134,
				0.5,
				-0.134,
				1,
				0.644,
				-0.134,
				0.789,
				0.032,
				0.933,
				0.032,
				1,
				1.056,
				0.032,
				1.178,
				-0.141,
				1.3,
				-0.141,
				1,
				1.444,
				-0.141,
				1.589,
				0.092,
				1.733,
				0.092,
				1,
				1.756,
				0.092,
				1.778,
				0.092,
				1.8,
				0.092,
				1,
				1.878,
				0.092,
				1.956,
				0.11,
				2.033,
				0.11,
				1,
				2.2,
				0.11,
				2.367,
				0.004,
				2.533,
				0.004,
				1,
				2.622,
				0.004,
				2.711,
				0.037,
				2.8,
				0.037,
				1,
				2.867,
				0.037,
				2.933,
				-0.039,
				3,
				-0.039
			]
		},
		{
			"Target": "Parameter",
			"Id": "Param_Angle_Rotation_2_shadow_m",
			"Segments": [
				0,
				-0.105,
				1,
				0.033,
				-0.105,
				0.067,
				-0.106,
				0.1,
				-0.106,
				1,
				0.144,
				-0.106,
				0.189,
				-0.102,
				0.233,
				-0.102,
				1,
				0.322,
				-0.102,
				0.411,
				-0.134,
				0.5,
				-0.134,
				1,
				0.644,
				-0.134,
				0.789,
				0.032,
				0.933,
				0.032,
				1,
				1.056,
				0.032,
				1.178,
				-0.141,
				1.3,
				-0.141,
				1,
				1.444,
				-0.141,
				1.589,
				0.092,
				1.733,
				0.092,
				1,
				1.756,
				0.092,
				1.778,
				0.092,
				1.8,
				0.092,
				1,
				1.878,
				0.092,
				1.956,
				0.11,
				2.033,
				0.11,
				1,
				2.2,
				0.11,
				2.367,
				0.004,
				2.533,
				0.004,
				1,
				2.622,
				0.004,
				2.711,
				0.037,
				2.8,
				0.037,
				1,
				2.867,
				0.037,
				2.933,
				-0.039,
				3,
				-0.039
			]
		},
		{
			"Target": "Parameter",
			"Id": "Param_Angle_Rotation_3_shadow_m",
			"Segments": [
				0,
				0,
				1,
				0.078,
				0,
				0.156,
				-0.008,
				0.233,
				-0.008,
				1,
				0.311,
				-0.008,
				0.389,
				0.024,
				0.467,
				0.024,
				1,
				0.578,
				0.024,
				0.689,
				-0.091,
				0.8,
				-0.091,
				1,
				0.933,
				-0.091,
				1.067,
				0.149,
				1.2,
				0.149,
				1,
				1.333,
				0.149,
				1.467,
				-0.203,
				1.6,
				-0.203,
				1,
				1.733,
				-0.203,
				1.867,
				0.089,
				2,
				0.089,
				1,
				2.233,
				0.089,
				2.467,
				-0.056,
				2.7,
				-0.056,
				1,
				2.8,
				-0.056,
				2.9,
				0.086,
				3,
				0.086
			]
		},
		{
			"Target": "Parameter",
			"Id": "Param_Angle_Rotation_4_shadow_m",
			"Segments": [
				0,
				0.041,
				1,
				0.111,
				0.041,
				0.222,
				-0.059,
				0.333,
				-0.059,
				1,
				0.433,
				-0.059,
				0.533,
				0.078,
				0.633,
				0.078,
				1,
				0.744,
				0.078,
				0.856,
				-0.363,
				0.967,
				-0.363,
				1,
				1.111,
				-0.363,
				1.256,
				0.712,
				1.4,
				0.712,
				1,
				1.533,
				0.712,
				1.667,
				-1.027,
				1.8,
				-1.027,
				1,
				1.944,
				-1.027,
				2.089,
				0.795,
				2.233,
				0.795,
				1,
				2.411,
				0.795,
				2.589,
				-0.457,
				2.767,
				-0.457,
				1,
				2.844,
				-0.457,
				2.922,
				-0.065,
				3,
				-0.065
			]
		},
		{
			"Target": "Parameter",
			"Id": "Param_Angle_Rotation_5_shadow_m",
			"Segments": [
				0,
				0.262,
				1,
				0.122,
				0.262,
				0.244,
				-0.192,
				0.367,
				-0.192,
				1,
				0.5,
				-0.192,
				0.633,
				0.118,
				0.767,
				0.118,
				1,
				0.889,
				0.118,
				1.011,
				-0.434,
				1.133,
				-0.434,
				1,
				1.267,
				-0.434,
				1.4,
				0.986,
				1.533,
				0.986,
				1,
				1.667,
				0.986,
				1.8,
				-1.631,
				1.933,
				-1.631,
				1,
				2.089,
				-1.631,
				2.244,
				1.712,
				2.4,
				1.712,
				1,
				2.556,
				1.712,
				2.711,
				-1.251,
				2.867,
				-1.251,
				1,
				2.911,
				-1.251,
				2.956,
				-0.828,
				3,
				-0.828
			]
		},
		{
			"Target": "Parameter",
			"Id": "Param_Angle_Rotation_6_shadow_m",
			"Segments": [
				0,
				0.719,
				1,
				0.144,
				0.719,
				0.289,
				-0.436,
				0.433,
				-0.436,
				1,
				0.578,
				-0.436,
				0.722,
				0.256,
				0.867,
				0.256,
				1,
				1,
				0.256,
				1.133,
				-0.52,
				1.267,
				-0.52,
				1,
				1.4,
				-0.52,
				1.533,
				1.179,
				1.667,
				1.179,
				1,
				1.8,
				1.179,
				1.933,
				-2.119,
				2.067,
				-2.119,
				1,
				2.211,
				-2.119,
				2.356,
				2.532,
				2.5,
				2.532,
				1,
				2.656,
				2.532,
				2.811,
				-2.164,
				2.967,
				-2.164,
				1,
				2.978,
				-2.164,
				2.989,
				-2.142,
				3,
				-2.142
			]
		},
		{
			"Target": "Parameter",
			"Id": "Param_Angle_Rotation_7_shadow_m",
			"Segments": [
				0,
				0.964,
				1,
				0.033,
				0.964,
				0.067,
				1.217,
				0.1,
				1.217,
				1,
				0.256,
				1.217,
				0.411,
				-0.723,
				0.567,
				-0.723,
				1,
				0.711,
				-0.723,
				0.856,
				0.309,
				1,
				0.309,
				1,
				1.133,
				0.309,
				1.267,
				-0.66,
				1.4,
				-0.66,
				1,
				1.533,
				-0.66,
				1.667,
				1.524,
				1.8,
				1.524,
				1,
				1.933,
				1.524,
				2.067,
				-2.945,
				2.2,
				-2.945,
				1,
				2.344,
				-2.945,
				2.489,
				3.549,
				2.633,
				3.549,
				1,
				2.756,
				3.549,
				2.878,
				-2.186,
				3,
				-2.186
			]
		},
		{
			"Target": "Parameter",
			"Id": "Param_Angle_Rotation_8_shadow_m",
			"Segments": [
				0,
				0.616,
				1,
				0.056,
				0.616,
				0.111,
				1.707,
				0.167,
				1.707,
				1,
				0.322,
				1.707,
				0.478,
				-1.104,
				0.633,
				-1.104,
				1,
				0.778,
				-1.104,
				0.922,
				0.619,
				1.067,
				0.619,
				1,
				1.2,
				0.619,
				1.333,
				-0.913,
				1.467,
				-0.913,
				1,
				1.611,
				-0.913,
				1.756,
				1.873,
				1.9,
				1.873,
				1,
				2.022,
				1.873,
				2.144,
				-3.418,
				2.267,
				-3.418,
				1,
				2.411,
				-3.418,
				2.556,
				4.049,
				2.7,
				4.049,
				1,
				2.8,
				4.049,
				2.9,
				-0.928,
				3,
				-0.928
			]
		},
		{
			"Target": "Parameter",
			"Id": "Param_Angle_Rotation_9_shadow_m",
			"Segments": [
				0,
				-0.737,
				1,
				0.089,
				-0.737,
				0.178,
				2.314,
				0.267,
				2.314,
				1,
				0.422,
				2.314,
				0.578,
				-1.556,
				0.733,
				-1.556,
				1,
				0.878,
				-1.556,
				1.022,
				0.825,
				1.167,
				0.825,
				1,
				1.3,
				0.825,
				1.433,
				-1.177,
				1.567,
				-1.177,
				1,
				1.7,
				-1.177,
				1.833,
				2.311,
				1.967,
				2.311,
				1,
				2.089,
				2.311,
				2.211,
				-3.93,
				2.333,
				-3.93,
				1,
				2.478,
				-3.93,
				2.622,
				4.346,
				2.767,
				4.346,
				1,
				2.844,
				4.346,
				2.922,
				0.645,
				3,
				0.645
			]
		}
	]
}