{
	"Version": 3,
	"Meta": {
		"Duration": 4.9,
		"Fps": 60.0,
		"Loop": true,
		"AreBeziersRestricted": true,
		"CurveCount": 86,
		"TotalSegmentCount": 1107,
		"TotalPointCount": 3221,
		"UserDataCount": 0,
		"TotalUserDataSize": 0
	},
	"Curves": [
		{
			"Target": "Parameter",
			"Id": "ParamAngleX",
			"Segments": [
				0,
				0,
				0,
				0.15,
				0,
				1,
				0.344,
				0,
				0.539,
				3.079,
				0.733,
				7,
				1,
				0.822,
				8.792,
				0.911,
				9,
				1,
				9,
				1,
				1.111,
				9,
				1.222,
				6,
				1.333,
				6,
				1,
				1.494,
				6,
				1.656,
				6.986,
				1.817,
				10,
				1,
				1.933,
				12.182,
				2.05,
				14,
				2.167,
				14,
				1,
				2.333,
				14,
				2.5,
				-1,
				2.667,
				-1,
				1,
				2.806,
				-1,
				2.944,
				-0.751,
				3.083,
				0,
				1,
				3.311,
				1.231,
				3.539,
				2,
				3.767,
				2,
				1,
				4.056,
				2,
				4.344,
				0,
				4.633,
				0,
				0,
				4.9,
				0
			]
		},
		{
			"Target": "Parameter",
			"Id": "ParamAngleY",
			"Segments": [
				0,
				0,
				0,
				0.15,
				0,
				1,
				0.344,
				0,
				0.539,
				-12,
				0.733,
				-12,
				1,
				0.822,
				-12,
				0.911,
				-12,
				1,
				-12,
				1,
				1.111,
				-12,
				1.222,
				-11,
				1.333,
				-11,
				1,
				1.494,
				-11,
				1.656,
				-14,
				1.817,
				-14,
				1,
				1.933,
				-14,
				2.05,
				-12.87,
				2.167,
				-12,
				1,
				2.333,
				-10.758,
				2.5,
				-10.627,
				2.667,
				-9,
				1,
				2.806,
				-7.644,
				2.944,
				0,
				3.083,
				0,
				1,
				3.311,
				0,
				3.539,
				-1,
				3.767,
				-1,
				1,
				4.056,
				-1,
				4.344,
				0,
				4.633,
				0,
				0,
				4.9,
				0
			]
		},
		{
			"Target": "Parameter",
			"Id": "ParamAngleZ",
			"Segments": [
				0,
				0,
				0,
				0.167,
				0,
				1,
				0.356,
				0,
				0.544,
				-12,
				0.733,
				-12,
				1,
				0.811,
				-12,
				0.889,
				-6.274,
				0.967,
				-2,
				1,
				1.072,
				3.801,
				1.178,
				5,
				1.283,
				5,
				1,
				1.461,
				5,
				1.639,
				2.347,
				1.817,
				0,
				1,
				1.956,
				-1.833,
				2.094,
				-2,
				2.233,
				-2,
				1,
				2.361,
				-2,
				2.489,
				0,
				2.617,
				0,
				1,
				2.817,
				0,
				3.017,
				-4.303,
				3.217,
				-10,
				1,
				3.283,
				-11.899,
				3.35,
				-12,
				3.417,
				-12,
				1,
				3.533,
				-12,
				3.65,
				10,
				3.767,
				10,
				1,
				3.867,
				10,
				3.967,
				-5,
				4.067,
				-5,
				1,
				4.25,
				-5,
				4.433,
				0,
				4.617,
				0,
				0,
				4.9,
				0
			]
		},
		{
			"Target": "Parameter",
			"Id": "ParamMouthForm",
			"Segments": [
				0,
				0,
				1,
				0.067,
				0,
				0.133,
				-0.098,
				0.2,
				-0.5,
				1,
				0.228,
				-0.668,
				0.256,
				-1,
				0.283,
				-1,
				1,
				0.3,
				-1,
				0.317,
				-1,
				0.333,
				-1,
				1,
				0.35,
				-1,
				0.367,
				-0.073,
				0.383,
				0.1,
				1,
				0.411,
				0.389,
				0.439,
				0.5,
				0.467,
				0.7,
				1,
				0.494,
				0.9,
				0.522,
				1,
				0.55,
				1,
				1,
				0.617,
				1,
				0.683,
				0.588,
				0.75,
				0,
				1,
				0.794,
				-0.392,
				0.839,
				-0.5,
				0.883,
				-0.5,
				1,
				0.933,
				-0.5,
				0.983,
				-0.5,
				1.033,
				-0.5,
				1,
				1.083,
				-0.5,
				1.133,
				0,
				1.183,
				0,
				1,
				1.211,
				0,
				1.239,
				-0.7,
				1.267,
				-0.7,
				1,
				1.3,
				-0.7,
				1.333,
				-0.1,
				1.367,
				-0.1,
				1,
				1.383,
				-0.1,
				1.4,
				-1,
				1.417,
				-1,
				1,
				1.439,
				-1,
				1.461,
				-0.396,
				1.483,
				-0.1,
				1,
				1.5,
				0.122,
				1.517,
				0.208,
				1.533,
				0.3,
				1,
				1.556,
				0.423,
				1.578,
				0.505,
				1.6,
				0.6,
				1,
				1.617,
				0.671,
				1.633,
				0.7,
				1.65,
				0.7,
				1,
				1.678,
				0.7,
				1.706,
				-0.6,
				1.733,
				-0.6,
				1,
				1.756,
				-0.6,
				1.778,
				-0.514,
				1.8,
				-0.4,
				1,
				1.822,
				-0.286,
				1.844,
				-0.167,
				1.867,
				-0.1,
				1,
				1.894,
				-0.016,
				1.922,
				0,
				1.95,
				0,
				1,
				1.978,
				0,
				2.006,
				-1,
				2.033,
				-1,
				1,
				2.056,
				-1,
				2.078,
				0.8,
				2.1,
				0.8,
				1,
				2.128,
				0.8,
				2.156,
				0.7,
				2.183,
				0.7,
				1,
				2.261,
				0.7,
				2.339,
				0.7,
				2.417,
				0.7,
				1,
				2.456,
				0.7,
				2.494,
				0.7,
				2.533,
				0.7,
				1,
				2.567,
				0.7,
				2.6,
				0.58,
				2.633,
				0.4,
				1,
				2.661,
				0.25,
				2.689,
				0.2,
				2.717,
				0.2,
				1,
				2.767,
				0.2,
				2.817,
				0.2,
				2.867,
				0.2,
				1,
				2.894,
				0.2,
				2.922,
				-0.4,
				2.95,
				-0.4,
				1,
				2.972,
				-0.4,
				2.994,
				0.8,
				3.017,
				0.8,
				1,
				3.044,
				0.8,
				3.072,
				0.658,
				3.1,
				0.5,
				1,
				3.122,
				0.374,
				3.144,
				0.361,
				3.167,
				0.2,
				1,
				3.211,
				-0.123,
				3.256,
				-0.5,
				3.3,
				-0.5,
				1,
				3.372,
				-0.5,
				3.444,
				0,
				3.517,
				0,
				1,
				3.561,
				0,
				3.606,
				-0.51,
				3.65,
				-0.6,
				1,
				3.683,
				-0.668,
				3.717,
				-0.648,
				3.75,
				-0.7,
				1,
				3.778,
				-0.743,
				3.806,
				-0.9,
				3.833,
				-0.9,
				1,
				3.878,
				-0.9,
				3.922,
				-0.9,
				3.967,
				-0.9,
				1,
				3.994,
				-0.9,
				4.022,
				-0.443,
				4.05,
				-0.2,
				1,
				4.094,
				0.189,
				4.139,
				0.605,
				4.183,
				0.7,
				1,
				4.233,
				0.807,
				4.283,
				0.8,
				4.333,
				0.8,
				1,
				4.467,
				0.8,
				4.6,
				0,
				4.733,
				0,
				0,
				4.9,
				0
			]
		},
		{
			"Target": "Parameter",
			"Id": "ParamMouthOpenY",
			"Segments": [
				0,
				0,
				1,
				0.067,
				0,
				0.133,
				0,
				0.2,
				0,
				1,
				0.228,
				0,
				0.256,
				0.086,
				0.283,
				0.4,
				1,
				0.3,
				0.588,
				0.317,
				0.8,
				0.333,
				0.8,
				1,
				0.35,
				0.8,
				0.367,
				0.4,
				0.383,
				0.4,
				1,
				0.411,
				0.4,
				0.439,
				0.4,
				0.467,
				0.4,
				1,
				0.494,
				0.4,
				0.522,
				0.4,
				0.55,
				0.4,
				1,
				0.617,
				0.4,
				0.683,
				0,
				0.75,
				0,
				1,
				0.794,
				0,
				0.839,
				0,
				0.883,
				0,
				1,
				0.933,
				0,
				0.983,
				0,
				1.033,
				0,
				1,
				1.083,
				0,
				1.133,
				0,
				1.183,
				0,
				1,
				1.211,
				0,
				1.239,
				0.161,
				1.267,
				0.3,
				1,
				1.3,
				0.467,
				1.333,
				0.529,
				1.367,
				0.7,
				1,
				1.383,
				0.786,
				1.4,
				1,
				1.417,
				1,
				1,
				1.439,
				1,
				1.461,
				1,
				1.483,
				1,
				1,
				1.5,
				1,
				1.517,
				0.3,
				1.533,
				0.3,
				1,
				1.556,
				0.3,
				1.578,
				0.3,
				1.6,
				0.3,
				1,
				1.617,
				0.3,
				1.633,
				0.6,
				1.65,
				0.6,
				1,
				1.678,
				0.6,
				1.706,
				0.5,
				1.733,
				0.5,
				1,
				1.756,
				0.5,
				1.778,
				0.567,
				1.8,
				0.7,
				1,
				1.822,
				0.833,
				1.844,
				0.9,
				1.867,
				0.9,
				1,
				1.894,
				0.9,
				1.922,
				0.1,
				1.95,
				0.1,
				1,
				1.978,
				0.1,
				2.006,
				0.3,
				2.033,
				0.3,
				1,
				2.056,
				0.3,
				2.078,
				0.3,
				2.1,
				0.3,
				1,
				2.128,
				0.3,
				2.156,
				0.3,
				2.183,
				0.3,
				1,
				2.261,
				0.3,
				2.339,
				0,
				2.417,
				0,
				1,
				2.456,
				0,
				2.494,
				0,
				2.533,
				0,
				1,
				2.567,
				0,
				2.6,
				0,
				2.633,
				0,
				1,
				2.661,
				0,
				2.689,
				0.446,
				2.717,
				0.5,
				1,
				2.767,
				0.598,
				2.817,
				0.606,
				2.867,
				0.7,
				1,
				2.894,
				0.752,
				2.922,
				1,
				2.95,
				1,
				1,
				2.972,
				1,
				2.994,
				0.2,
				3.017,
				0.2,
				1,
				3.044,
				0.2,
				3.072,
				0.9,
				3.1,
				0.9,
				1,
				3.122,
				0.9,
				3.144,
				0.8,
				3.167,
				0.8,
				1,
				3.211,
				0.8,
				3.256,
				1,
				3.3,
				1,
				1,
				3.372,
				1,
				3.444,
				0.4,
				3.517,
				0.4,
				1,
				3.561,
				0.4,
				3.606,
				0.5,
				3.65,
				0.5,
				1,
				3.683,
				0.5,
				3.717,
				0.2,
				3.75,
				0.2,
				1,
				3.778,
				0.2,
				3.806,
				0.2,
				3.833,
				0.2,
				1,
				3.878,
				0.2,
				3.922,
				0.5,
				3.967,
				0.5,
				1,
				3.994,
				0.5,
				4.022,
				0,
				4.05,
				0,
				1,
				4.094,
				0,
				4.139,
				0.012,
				4.183,
				0.2,
				1,
				4.233,
				0.412,
				4.283,
				0.7,
				4.333,
				0.7,
				1,
				4.467,
				0.7,
				4.6,
				0,
				4.733,
				0,
				0,
				4.9,
				0
			]
		},
		{
			"Target": "Parameter",
			"Id": "ParamEyeLOpen",
			"Segments": [
				0,
				1,
				0,
				0.1,
				1,
				1,
				0.194,
				1,
				0.289,
				0.9,
				0.383,
				0.9,
				1,
				0.494,
				0.9,
				0.606,
				0.905,
				0.717,
				0.914,
				1,
				0.806,
				0.921,
				0.894,
				0.925,
				0.983,
				0.925,
				1,
				1.094,
				0.925,
				1.206,
				0.917,
				1.317,
				0.914,
				1,
				1.578,
				0.907,
				1.839,
				0.905,
				2.1,
				0.905,
				1,
				2.344,
				0.905,
				2.589,
				0.975,
				2.833,
				0.975,
				1,
				3.022,
				0.975,
				3.211,
				0.816,
				3.4,
				0.816,
				1,
				3.511,
				0.816,
				3.622,
				0.833,
				3.733,
				0.833,
				1,
				3.839,
				0.833,
				3.944,
				0.816,
				4.05,
				0.816,
				1,
				4.328,
				0.816,
				4.606,
				0.848,
				4.883,
				0.848,
				0,
				4.9,
				0.848
			]
		},
		{
			"Target": "Parameter",
			"Id": "Param8",
			"Segments": [
				0,
				0,
				1,
				0.1,
				0,
				0.2,
				0,
				0.3,
				0,
				1,
				0.517,
				0,
				0.733,
				7.641,
				0.95,
				7.641,
				1,
				1.1,
				7.641,
				1.25,
				2.985,
				1.4,
				2.985,
				1,
				1.656,
				2.985,
				1.911,
				10.919,
				2.167,
				10.919,
				1,
				2.344,
				10.919,
				2.522,
				-11.92,
				2.7,
				-11.92,
				1,
				2.85,
				-11.92,
				3,
				3.676,
				3.15,
				3.676,
				1,
				3.278,
				3.676,
				3.406,
				0.897,
				3.533,
				0.897,
				1,
				3.639,
				0.897,
				3.744,
				1.508,
				3.85,
				1.508,
				1,
				4.1,
				1.508,
				4.35,
				-0.195,
				4.6,
				-0.195,
				1,
				4.694,
				-0.195,
				4.789,
				0.071,
				4.883,
				0.071,
				0,
				4.9,
				0.071
			]
		},
		{
			"Target": "Parameter",
			"Id": "Param9",
			"Segments": [
				0,
				0,
				1,
				0.067,
				0,
				0.133,
				0,
				0.2,
				0,
				1,
				0.4,
				0,
				0.6,
				-9.651,
				0.8,
				-9.651,
				1,
				1,
				-9.651,
				1.2,
				-7.547,
				1.4,
				-7.547,
				1,
				1.572,
				-7.547,
				1.744,
				-10.145,
				1.917,
				-10.145,
				1,
				2.189,
				-10.145,
				2.461,
				1.343,
				2.733,
				1.343,
				1,
				3.094,
				1.343,
				3.456,
				-0.789,
				3.817,
				-0.789,
				1,
				4.044,
				-0.789,
				4.272,
				0,
				4.5,
				0,
				1,
				4.628,
				0,
				4.756,
				0,
				4.883,
				0,
				0,
				4.9,
				0
			]
		},
		{
			"Target": "Parameter",
			"Id": "Param10",
			"Segments": [
				0,
				0,
				0,
				0.1,
				0,
				1,
				0.194,
				0,
				0.289,
				0.334,
				0.383,
				0.5,
				1,
				0.533,
				0.763,
				0.683,
				0.8,
				0.833,
				0.8,
				1,
				0.894,
				0.8,
				0.956,
				0.62,
				1.017,
				0.6,
				1,
				1.261,
				0.519,
				1.506,
				0.5,
				1.75,
				0.5,
				1,
				1.933,
				0.5,
				2.117,
				0.551,
				2.3,
				0.6,
				1,
				2.461,
				0.643,
				2.622,
				0.652,
				2.783,
				0.7,
				1,
				2.861,
				0.723,
				2.939,
				1,
				3.017,
				1,
				0,
				4.9,
				1
			]
		},
		{
			"Target": "Parameter",
			"Id": "Param12",
			"Segments": [
				0,
				0,
				0,
				0.15,
				0,
				1,
				0.217,
				0,
				0.283,
				11,
				0.35,
				11,
				1,
				0.45,
				11,
				0.55,
				0,
				0.65,
				0,
				1,
				0.994,
				0,
				1.339,
				0,
				1.683,
				0,
				1,
				1.75,
				0,
				1.817,
				-11,
				1.883,
				-11,
				1,
				2.056,
				-11,
				2.228,
				-9.682,
				2.4,
				-4,
				1,
				2.478,
				-1.434,
				2.556,
				4,
				2.633,
				4,
				1,
				2.65,
				4,
				2.667,
				0,
				2.683,
				0,
				1,
				2.767,
				0,
				2.85,
				0,
				2.933,
				0,
				1,
				3.039,
				0,
				3.144,
				20,
				3.25,
				20,
				0,
				4.9,
				20
			]
		},
		{
			"Target": "Parameter",
			"Id": "Param13",
			"Segments": [
				0,
				0,
				1,
				0.089,
				0,
				0.178,
				12,
				0.267,
				12,
				1,
				0.367,
				12,
				0.467,
				-19.929,
				0.567,
				-25,
				1,
				0.672,
				-30.353,
				0.778,
				-30,
				0.883,
				-30,
				1,
				1.428,
				-30,
				1.972,
				-30,
				2.517,
				-30,
				1,
				2.622,
				-30,
				2.728,
				5.25,
				2.833,
				8,
				1,
				2.928,
				10.46,
				3.022,
				10,
				3.117,
				10,
				1,
				3.433,
				10,
				3.75,
				-3,
				4.067,
				-3,
				1,
				4.2,
				-3,
				4.333,
				0,
				4.467,
				0,
				0,
				4.9,
				0
			]
		},
		{
			"Target": "Parameter",
			"Id": "Param11",
			"Segments": [
				0,
				0,
				1,
				0.044,
				0,
				0.089,
				-9,
				0.133,
				-9,
				1,
				0.2,
				-9,
				0.267,
				20,
				0.333,
				20,
				1,
				0.428,
				20,
				0.522,
				2.445,
				0.617,
				0,
				1,
				0.983,
				-9.491,
				1.35,
				-12,
				1.717,
				-12,
				1,
				2.139,
				-12,
				2.561,
				5,
				2.983,
				5,
				1,
				3.106,
				5,
				3.228,
				4.916,
				3.35,
				4,
				1,
				3.4,
				3.625,
				3.45,
				-13,
				3.5,
				-13,
				1,
				3.572,
				-13,
				3.644,
				0,
				3.717,
				0,
				0,
				4.9,
				0
			]
		},
		{
			"Target": "Parameter",
			"Id": "Param2",
			"Segments": [
				0,
				-5.221,
				1,
				0.039,
				-5.221,
				0.078,
				-5.198,
				0.117,
				-5.198,
				1,
				0.311,
				-5.198,
				0.506,
				-14.844,
				0.7,
				-14.844,
				1,
				0.85,
				-14.844,
				1,
				0.321,
				1.15,
				0.321,
				1,
				1.289,
				0.321,
				1.428,
				-7.669,
				1.567,
				-7.669,
				1,
				1.806,
				-7.669,
				2.044,
				-4.83,
				2.283,
				-4.83,
				1,
				2.428,
				-4.83,
				2.572,
				-9.601,
				2.717,
				-9.601,
				1,
				2.828,
				-9.601,
				2.939,
				-6.377,
				3.05,
				-6.377,
				1,
				3.172,
				-6.377,
				3.294,
				-11.85,
				3.417,
				-11.85,
				1,
				3.556,
				-11.85,
				3.694,
				6.043,
				3.833,
				6.043,
				1,
				3.944,
				6.043,
				4.056,
				-14.891,
				4.167,
				-14.891,
				1,
				4.294,
				-14.891,
				4.422,
				-1.001,
				4.55,
				-1.001,
				1,
				4.661,
				-1.001,
				4.772,
				-7.11,
				4.883,
				-7.11,
				0,
				4.9,
				-7.11
			]
		},
		{
			"Target": "Parameter",
			"Id": "Param3",
			"Segments": [
				0,
				-0.254,
				1,
				0.172,
				-0.254,
				0.344,
				2.902,
				0.517,
				2.902,
				1,
				0.656,
				2.902,
				0.794,
				-6.315,
				0.933,
				-6.315,
				1,
				1.061,
				-6.315,
				1.189,
				6.881,
				1.317,
				6.881,
				1,
				1.433,
				6.881,
				1.55,
				-4.656,
				1.667,
				-4.656,
				1,
				1.778,
				-4.656,
				1.889,
				2.237,
				2,
				2.237,
				1,
				2.094,
				2.237,
				2.189,
				-1.263,
				2.283,
				-1.263,
				1,
				2.383,
				-1.263,
				2.483,
				2.234,
				2.583,
				2.234,
				1,
				2.689,
				2.234,
				2.794,
				-2.907,
				2.9,
				-2.907,
				1,
				3.022,
				-2.907,
				3.144,
				3.97,
				3.267,
				3.97,
				1,
				3.406,
				3.97,
				3.544,
				-8.541,
				3.683,
				-8.541,
				1,
				3.794,
				-8.541,
				3.906,
				15.458,
				4.017,
				15.458,
				1,
				4.128,
				15.458,
				4.239,
				-15.685,
				4.35,
				-15.685,
				1,
				4.467,
				-15.685,
				4.583,
				11.672,
				4.7,
				11.672,
				1,
				4.761,
				11.672,
				4.822,
				0.051,
				4.883,
				0.051,
				0,
				4.9,
				0.051
			]
		},
		{
			"Target": "Parameter",
			"Id": "ParamEyeROpen",
			"Segments": [
				0,
				1,
				0,
				0.1,
				1,
				1,
				0.194,
				1,
				0.289,
				0.899,
				0.383,
				0.899,
				1,
				0.494,
				0.899,
				0.606,
				0.905,
				0.717,
				0.914,
				1,
				0.806,
				0.921,
				0.894,
				0.924,
				0.983,
				0.924,
				1,
				1.089,
				0.924,
				1.194,
				0.917,
				1.3,
				0.914,
				1,
				1.567,
				0.907,
				1.833,
				0.906,
				2.1,
				0.906,
				1,
				2.344,
				0.906,
				2.589,
				0.976,
				2.833,
				0.976,
				1,
				3.022,
				0.976,
				3.211,
				0.818,
				3.4,
				0.818,
				1,
				3.506,
				0.818,
				3.611,
				0.833,
				3.717,
				0.833,
				1,
				3.822,
				0.833,
				3.928,
				0.818,
				4.033,
				0.818,
				1,
				4.317,
				0.818,
				4.6,
				0.847,
				4.883,
				0.847,
				0,
				4.9,
				0.847
			]
		},
		{
			"Target": "Parameter",
			"Id": "ParamEyeBallX",
			"Segments": [
				0,
				0,
				1,
				0.189,
				0,
				0.378,
				0,
				0.567,
				0,
				1,
				0.811,
				0,
				1.056,
				-0.5,
				1.3,
				-0.5,
				1,
				1.367,
				-0.5,
				1.433,
				0.245,
				1.5,
				0.4,
				1,
				1.589,
				0.607,
				1.678,
				0.667,
				1.767,
				0.8,
				1,
				1.811,
				0.867,
				1.856,
				0.9,
				1.9,
				0.9,
				1,
				1.994,
				0.9,
				2.089,
				-0.9,
				2.183,
				-0.9,
				1,
				2.239,
				-0.9,
				2.294,
				1,
				2.35,
				1,
				1,
				2.389,
				1,
				2.428,
				1,
				2.467,
				1,
				1,
				2.5,
				1,
				2.533,
				1.022,
				2.567,
				0.9,
				1,
				2.6,
				0.778,
				2.633,
				-0.2,
				2.667,
				-0.2,
				1,
				2.733,
				-0.2,
				2.8,
				0.2,
				2.867,
				0.2,
				1,
				3.039,
				0.2,
				3.211,
				-0.1,
				3.383,
				-0.1,
				1,
				3.678,
				-0.1,
				3.972,
				0,
				4.267,
				0,
				0,
				4.9,
				0
			]
		},
		{
			"Target": "Parameter",
			"Id": "ParamEyeBallY",
			"Segments": [
				0,
				0,
				1,
				0.189,
				0,
				0.378,
				0.3,
				0.567,
				0.3,
				1,
				0.811,
				0.3,
				1.056,
				0.3,
				1.3,
				0.3,
				1,
				1.367,
				0.3,
				1.433,
				-0.2,
				1.5,
				-0.2,
				1,
				1.589,
				-0.2,
				1.678,
				0,
				1.767,
				0,
				1,
				1.811,
				0,
				1.856,
				0,
				1.9,
				0,
				1,
				1.994,
				0,
				2.089,
				0.2,
				2.183,
				0.2,
				1,
				2.239,
				0.2,
				2.294,
				-0.4,
				2.35,
				-0.4,
				1,
				2.389,
				-0.4,
				2.428,
				-0.4,
				2.467,
				-0.4,
				1,
				2.5,
				-0.4,
				2.533,
				-0.5,
				2.567,
				-0.5,
				1,
				2.6,
				-0.5,
				2.633,
				0.2,
				2.667,
				0.2,
				1,
				2.733,
				0.2,
				2.8,
				-0.1,
				2.867,
				-0.1,
				1,
				3.039,
				-0.1,
				3.211,
				0.2,
				3.383,
				0.2,
				1,
				3.678,
				0.2,
				3.972,
				0,
				4.267,
				0,
				0,
				4.9,
				0
			]
		},
		{
			"Target": "Parameter",
			"Id": "ParamBrowLY",
			"Segments": [
				0,
				0,
				0,
				0.25,
				0,
				1,
				0.328,
				0,
				0.406,
				-0.3,
				0.483,
				-0.3,
				1,
				0.661,
				-0.3,
				0.839,
				-0.3,
				1.017,
				-0.3,
				1,
				1.133,
				-0.3,
				1.25,
				0.157,
				1.367,
				0.2,
				1,
				1.517,
				0.256,
				1.667,
				0.265,
				1.817,
				0.3,
				1,
				1.95,
				0.331,
				2.083,
				0.339,
				2.217,
				0.4,
				1,
				2.422,
				0.494,
				2.628,
				0.7,
				2.833,
				0.7,
				1,
				3.022,
				0.7,
				3.211,
				-0.9,
				3.4,
				-0.9,
				0,
				4.9,
				-0.9
			]
		},
		{
			"Target": "Parameter",
			"Id": "ParamBodyAngleX",
			"Segments": [
				0,
				0,
				1,
				0.211,
				0,
				0.422,
				0,
				0.633,
				0,
				1,
				0.772,
				0,
				0.911,
				2.422,
				1.05,
				2.422,
				1,
				1.183,
				2.422,
				1.317,
				1.355,
				1.45,
				1.355,
				1,
				1.7,
				1.355,
				1.95,
				3.698,
				2.2,
				3.698,
				1,
				2.378,
				3.698,
				2.556,
				-3.157,
				2.733,
				-3.157,
				1,
				2.939,
				-3.157,
				3.144,
				0.613,
				3.35,
				0.613,
				1,
				3.722,
				0.613,
				4.094,
				0,
				4.467,
				0,
				1,
				4.606,
				0,
				4.744,
				0,
				4.883,
				0,
				0,
				4.9,
				0
			]
		},
		{
			"Target": "Parameter",
			"Id": "ParamBodyAngleY",
			"Segments": [
				0,
				0,
				1,
				0.106,
				0,
				0.211,
				0,
				0.317,
				0,
				1,
				0.489,
				0,
				0.661,
				-3.839,
				0.833,
				-3.839,
				1,
				1.022,
				-3.839,
				1.211,
				-3.173,
				1.4,
				-3.173,
				1,
				1.572,
				-3.173,
				1.744,
				-4.181,
				1.917,
				-4.181,
				1,
				2.189,
				-4.181,
				2.461,
				0.393,
				2.733,
				0.393,
				1,
				2.867,
				0.393,
				3,
				0,
				3.133,
				0,
				1,
				3.717,
				0,
				4.3,
				0,
				4.883,
				0,
				0,
				4.9,
				0
			]
		},
		{
			"Target": "Parameter",
			"Id": "ParamBodyAngleZ",
			"Segments": [
				0,
				0,
				1,
				0.111,
				0,
				0.222,
				0,
				0.333,
				0,
				1,
				0.483,
				0,
				0.633,
				-2.953,
				0.783,
				-2.953,
				1,
				0.961,
				-2.953,
				1.139,
				1.508,
				1.317,
				1.508,
				1,
				1.611,
				1.508,
				1.906,
				-0.557,
				2.2,
				-0.557,
				1,
				2.339,
				-0.557,
				2.478,
				0,
				2.617,
				0,
				1,
				2.733,
				0,
				2.85,
				0,
				2.967,
				0,
				1,
				3.128,
				0,
				3.289,
				-2.951,
				3.45,
				-2.951,
				1,
				3.578,
				-2.951,
				3.706,
				2.666,
				3.833,
				2.666,
				1,
				3.956,
				2.666,
				4.078,
				-1.366,
				4.2,
				-1.366,
				1,
				4.378,
				-1.366,
				4.556,
				0.167,
				4.733,
				0.167,
				1,
				4.783,
				0.167,
				4.833,
				0.101,
				4.883,
				0.101,
				0,
				4.9,
				0.101
			]
		},
		{
			"Target": "Parameter",
			"Id": "Param6",
			"Segments": [
				0,
				-6.247,
				1,
				0.067,
				-6.247,
				0.133,
				-1.475,
				0.2,
				-1.475,
				1,
				0.339,
				-1.475,
				0.478,
				-13.346,
				0.617,
				-13.346,
				1,
				0.783,
				-13.346,
				0.95,
				6.758,
				1.117,
				6.758,
				1,
				1.244,
				6.758,
				1.372,
				-8.312,
				1.5,
				-8.312,
				1,
				1.622,
				-8.312,
				1.744,
				2.241,
				1.867,
				2.241,
				1,
				1.989,
				2.241,
				2.111,
				-5.253,
				2.233,
				-5.253,
				1,
				2.272,
				-5.253,
				2.311,
				-5.028,
				2.35,
				-5.028,
				1,
				2.478,
				-5.028,
				2.606,
				-11.549,
				2.733,
				-11.549,
				1,
				2.85,
				-11.549,
				2.967,
				-4.161,
				3.083,
				-4.161,
				1,
				3.206,
				-4.161,
				3.328,
				-14.796,
				3.45,
				-14.796,
				1,
				3.578,
				-14.796,
				3.706,
				13.471,
				3.833,
				13.471,
				1,
				3.956,
				13.471,
				4.078,
				-25.127,
				4.2,
				-25.127,
				1,
				4.322,
				-25.127,
				4.444,
				10.18,
				4.567,
				10.18,
				1,
				4.672,
				10.18,
				4.778,
				-15.861,
				4.883,
				-15.861,
				0,
				4.9,
				-15.861
			]
		},
		{
			"Target": "Parameter",
			"Id": "Param7",
			"Segments": [
				0,
				-28.361,
				1,
				0.011,
				-28.361,
				0.022,
				-30,
				0.033,
				-30,
				1,
				0.039,
				-30,
				0.044,
				-30,
				0.05,
				-30,
				1,
				0.172,
				-30,
				0.294,
				28.114,
				0.417,
				28.114,
				1,
				0.539,
				28.114,
				0.661,
				-27.188,
				0.783,
				-27.188,
				1,
				0.922,
				-27.188,
				1.061,
				25.186,
				1.2,
				25.186,
				1,
				1.333,
				25.186,
				1.467,
				-25.094,
				1.6,
				-25.094,
				1,
				1.728,
				-25.094,
				1.856,
				24.077,
				1.983,
				24.077,
				1,
				2.1,
				24.077,
				2.217,
				-20.987,
				2.333,
				-20.987,
				1,
				2.45,
				-20.987,
				2.567,
				17.804,
				2.683,
				17.804,
				1,
				2.794,
				17.804,
				2.906,
				-16.523,
				3.017,
				-16.523,
				1,
				3.128,
				-16.523,
				3.239,
				17.422,
				3.35,
				17.422,
				1,
				3.461,
				17.422,
				3.572,
				-24.762,
				3.683,
				-24.762,
				1,
				3.778,
				-24.762,
				3.872,
				30,
				3.967,
				30,
				1,
				4.011,
				30,
				4.056,
				30,
				4.1,
				30,
				1,
				4.161,
				30,
				4.222,
				-30,
				4.283,
				-30,
				1,
				4.35,
				-30,
				4.417,
				-30,
				4.483,
				-30,
				1,
				4.544,
				-30,
				4.606,
				30,
				4.667,
				30,
				1,
				4.739,
				30,
				4.811,
				30,
				4.883,
				30,
				0,
				4.9,
				30
			]
		},
		{
			"Target": "Parameter",
			"Id": "ParamBreath",
			"Segments": [
				0,
				0,
				1,
				0.183,
				0,
				0.367,
				0.671,
				0.55,
				0.671,
				1,
				0.861,
				0.671,
				1.172,
				0.044,
				1.483,
				0.044,
				1,
				1.8,
				0.044,
				2.117,
				0.708,
				2.433,
				0.708,
				1,
				2.878,
				0.708,
				3.322,
				0.082,
				3.767,
				0.082,
				1,
				4.144,
				0.082,
				4.522,
				0.749,
				4.9,
				0.749
			]
		},
		{
			"Target": "Parameter",
			"Id": "Param4",
			"Segments": [
				0,
				-2.183,
				1,
				0.106,
				-2.183,
				0.211,
				-1.863,
				0.317,
				-1.863,
				1,
				0.472,
				-1.863,
				0.628,
				-5.001,
				0.783,
				-5.001,
				1,
				0.917,
				-5.001,
				1.05,
				0.913,
				1.183,
				0.913,
				1,
				1.317,
				0.913,
				1.45,
				-3.207,
				1.583,
				-3.207,
				1,
				1.706,
				-3.207,
				1.828,
				-2.181,
				1.95,
				-2.181,
				1,
				2.033,
				-2.181,
				2.117,
				-2.556,
				2.2,
				-2.556,
				1,
				2.306,
				-2.556,
				2.411,
				-0.784,
				2.517,
				-0.784,
				1,
				2.65,
				-0.784,
				2.783,
				-4.305,
				2.917,
				-4.305,
				1,
				3.022,
				-4.305,
				3.128,
				-2.209,
				3.233,
				-2.209,
				1,
				3.322,
				-2.209,
				3.411,
				-3.678,
				3.5,
				-3.678,
				1,
				3.617,
				-3.678,
				3.733,
				1.115,
				3.85,
				1.115,
				1,
				3.972,
				1.115,
				4.094,
				-5.174,
				4.217,
				-5.174,
				1,
				4.344,
				-5.174,
				4.472,
				-0.306,
				4.6,
				-0.306,
				1,
				4.694,
				-0.306,
				4.789,
				-2.759,
				4.883,
				-2.759,
				0,
				4.9,
				-2.759
			]
		},
		{
			"Target": "Parameter",
			"Id": "Param5",
			"Segments": [
				0,
				-0.06,
				1,
				0.05,
				-0.06,
				0.1,
				-0.347,
				0.15,
				-0.347,
				1,
				0.311,
				-0.347,
				0.472,
				1.247,
				0.633,
				1.247,
				1,
				0.767,
				1.247,
				0.9,
				-2.924,
				1.033,
				-2.924,
				1,
				1.156,
				-2.924,
				1.278,
				3.414,
				1.4,
				3.414,
				1,
				1.528,
				3.414,
				1.656,
				-2.355,
				1.783,
				-2.355,
				1,
				1.911,
				-2.355,
				2.039,
				1.214,
				2.167,
				1.214,
				1,
				2.261,
				1.214,
				2.356,
				-1.168,
				2.45,
				-1.168,
				1,
				2.561,
				-1.168,
				2.672,
				2.02,
				2.783,
				2.02,
				1,
				2.906,
				2.02,
				3.028,
				-2.286,
				3.15,
				-2.286,
				1,
				3.261,
				-2.286,
				3.372,
				1.837,
				3.483,
				1.837,
				1,
				3.583,
				1.837,
				3.683,
				-2.734,
				3.783,
				-2.734,
				1,
				3.889,
				-2.734,
				3.994,
				3.987,
				4.1,
				3.987,
				1,
				4.217,
				3.987,
				4.333,
				-4.008,
				4.45,
				-4.008,
				1,
				4.578,
				-4.008,
				4.706,
				3.205,
				4.833,
				3.205,
				1,
				4.85,
				3.205,
				4.867,
				2.867,
				4.883,
				2.867,
				0,
				4.9,
				2.867
			]
		},
		{
			"Target": "Parameter",
			"Id": "Param_Angle_Rotation_1_m_h",
			"Segments": [
				0,
				-0.108,
				1,
				0.067,
				-0.108,
				0.133,
				-0.106,
				0.2,
				-0.106,
				1,
				0.383,
				-0.106,
				0.567,
				-0.347,
				0.75,
				-0.347,
				1,
				0.922,
				-0.347,
				1.094,
				0.082,
				1.267,
				0.082,
				1,
				1.461,
				0.082,
				1.656,
				-0.221,
				1.85,
				-0.221,
				1,
				2.017,
				-0.221,
				2.183,
				-0.058,
				2.35,
				-0.058,
				1,
				2.511,
				-0.058,
				2.672,
				-0.218,
				2.833,
				-0.218,
				1,
				2.944,
				-0.218,
				3.056,
				-0.156,
				3.167,
				-0.156,
				1,
				3.272,
				-0.156,
				3.378,
				-0.219,
				3.483,
				-0.219,
				1,
				3.617,
				-0.219,
				3.75,
				0.143,
				3.883,
				0.143,
				1,
				4.028,
				0.143,
				4.172,
				-0.276,
				4.317,
				-0.276,
				1,
				4.494,
				-0.276,
				4.672,
				-0.031,
				4.85,
				-0.031,
				1,
				4.861,
				-0.031,
				4.872,
				-0.033,
				4.883,
				-0.033,
				0,
				4.9,
				-0.033
			]
		},
		{
			"Target": "Parameter",
			"Id": "Param_Angle_Rotation_2_m_h",
			"Segments": [
				0,
				-0.01,
				1,
				0.017,
				-0.01,
				0.033,
				-0.011,
				0.05,
				-0.011,
				1,
				0.239,
				-0.011,
				0.428,
				0.133,
				0.617,
				0.133,
				1,
				0.778,
				0.133,
				0.939,
				-0.274,
				1.1,
				-0.274,
				1,
				1.256,
				-0.274,
				1.411,
				0.229,
				1.567,
				0.229,
				1,
				1.744,
				0.229,
				1.922,
				-0.147,
				2.1,
				-0.147,
				1,
				2.278,
				-0.147,
				2.456,
				0.142,
				2.633,
				0.142,
				1,
				2.783,
				0.142,
				2.933,
				-0.098,
				3.083,
				-0.098,
				1,
				3.206,
				-0.098,
				3.328,
				0.078,
				3.45,
				0.078,
				1,
				3.567,
				0.078,
				3.683,
				-0.257,
				3.8,
				-0.257,
				1,
				3.928,
				-0.257,
				4.056,
				0.328,
				4.183,
				0.328,
				1,
				4.328,
				0.328,
				4.472,
				-0.243,
				4.617,
				-0.243,
				1,
				4.706,
				-0.243,
				4.794,
				-0.007,
				4.883,
				-0.007,
				0,
				4.9,
				-0.007
			]
		},
		{
			"Target": "Parameter",
			"Id": "Param_Angle_Rotation_3_m_h",
			"Segments": [
				0,
				0.014,
				1,
				0.078,
				0.014,
				0.156,
				-0.082,
				0.233,
				-0.082,
				1,
				0.422,
				-0.082,
				0.611,
				0.398,
				0.8,
				0.398,
				1,
				0.961,
				0.398,
				1.122,
				-0.904,
				1.283,
				-0.904,
				1,
				1.444,
				-0.904,
				1.606,
				0.939,
				1.767,
				0.939,
				1,
				1.939,
				0.939,
				2.111,
				-0.697,
				2.283,
				-0.697,
				1,
				2.461,
				-0.697,
				2.639,
				0.598,
				2.817,
				0.598,
				1,
				2.972,
				0.598,
				3.128,
				-0.441,
				3.283,
				-0.441,
				1,
				3.411,
				-0.441,
				3.539,
				0.273,
				3.667,
				0.273,
				1,
				3.783,
				0.273,
				3.9,
				-0.698,
				4.017,
				-0.698,
				1,
				4.144,
				-0.698,
				4.272,
				1.076,
				4.4,
				1.076,
				1,
				4.55,
				1.076,
				4.7,
				-1,
				4.85,
				-1,
				1,
				4.861,
				-1,
				4.872,
				-0.973,
				4.883,
				-0.973,
				0,
				4.9,
				-0.973
			]
		},
		{
			"Target": "Parameter",
			"Id": "Param_Angle_Rotation_4_m_h",
			"Segments": [
				0,
				0.328,
				1,
				0.117,
				0.328,
				0.233,
				-0.237,
				0.35,
				-0.237,
				1,
				0.544,
				-0.237,
				0.739,
				0.502,
				0.933,
				0.502,
				1,
				1.1,
				0.502,
				1.267,
				-1.224,
				1.433,
				-1.224,
				1,
				1.6,
				-1.224,
				1.767,
				1.513,
				1.933,
				1.513,
				1,
				2.1,
				1.513,
				2.267,
				-1.293,
				2.433,
				-1.293,
				1,
				2.606,
				-1.293,
				2.778,
				1.071,
				2.95,
				1.071,
				1,
				3.117,
				1.071,
				3.283,
				-0.834,
				3.45,
				-0.834,
				1,
				3.583,
				-0.834,
				3.717,
				0.509,
				3.85,
				0.509,
				1,
				3.967,
				0.509,
				4.083,
				-0.844,
				4.2,
				-0.844,
				1,
				4.328,
				-0.844,
				4.456,
				1.491,
				4.583,
				1.491,
				1,
				4.683,
				1.491,
				4.783,
				-0.923,
				4.883,
				-0.923,
				0,
				4.9,
				-0.923
			]
		},
		{
			"Target": "Parameter",
			"Id": "Param_Angle_Rotation_5_m_h",
			"Segments": [
				0,
				1.064,
				1,
				0.15,
				1.064,
				0.3,
				-0.567,
				0.45,
				-0.567,
				1,
				0.639,
				-0.567,
				0.828,
				0.669,
				1.017,
				0.669,
				1,
				1.2,
				0.669,
				1.383,
				-1.628,
				1.567,
				-1.628,
				1,
				1.728,
				-1.628,
				1.889,
				2.273,
				2.05,
				2.273,
				1,
				2.217,
				2.273,
				2.383,
				-2.16,
				2.55,
				-2.16,
				1,
				2.717,
				-2.16,
				2.883,
				1.807,
				3.05,
				1.807,
				1,
				3.222,
				1.807,
				3.394,
				-1.434,
				3.567,
				-1.434,
				1,
				3.711,
				-1.434,
				3.856,
				1.001,
				4,
				1.001,
				1,
				4.122,
				1.001,
				4.244,
				-1.241,
				4.367,
				-1.241,
				1,
				4.494,
				-1.241,
				4.622,
				2.132,
				4.75,
				2.132,
				1,
				4.794,
				2.132,
				4.839,
				1.007,
				4.883,
				1.007,
				0,
				4.9,
				1.007
			]
		},
		{
			"Target": "Parameter",
			"Id": "Param_Angle_Rotation_6_m_h",
			"Segments": [
				0,
				0.851,
				1,
				0.05,
				0.851,
				0.1,
				1.813,
				0.15,
				1.813,
				1,
				0.3,
				1.813,
				0.45,
				-0.849,
				0.6,
				-0.849,
				1,
				0.761,
				-0.849,
				0.922,
				1.027,
				1.083,
				1.027,
				1,
				1.278,
				1.027,
				1.472,
				-2.415,
				1.667,
				-2.415,
				1,
				1.839,
				-2.415,
				2.011,
				3.391,
				2.183,
				3.391,
				1,
				2.35,
				3.391,
				2.517,
				-3.282,
				2.683,
				-3.282,
				1,
				2.856,
				-3.282,
				3.028,
				2.871,
				3.2,
				2.871,
				1,
				3.372,
				2.871,
				3.544,
				-2.302,
				3.717,
				-2.302,
				1,
				3.867,
				-2.302,
				4.017,
				1.299,
				4.167,
				1.299,
				1,
				4.283,
				1.299,
				4.4,
				-1.292,
				4.517,
				-1.292,
				1,
				4.639,
				-1.292,
				4.761,
				2.85,
				4.883,
				2.85,
				0,
				4.9,
				2.85
			]
		},
		{
			"Target": "Parameter",
			"Id": "Param_Angle_Rotation_7_m_h",
			"Segments": [
				0,
				-0.651,
				1,
				0.089,
				-0.651,
				0.178,
				1.825,
				0.267,
				1.825,
				1,
				0.417,
				1.825,
				0.567,
				-1.066,
				0.717,
				-1.066,
				1,
				0.883,
				-1.066,
				1.05,
				1.111,
				1.217,
				1.111,
				1,
				1.406,
				1.111,
				1.594,
				-2.106,
				1.783,
				-2.106,
				1,
				1.95,
				-2.106,
				2.117,
				2.921,
				2.283,
				2.921,
				1,
				2.45,
				2.921,
				2.617,
				-2.878,
				2.783,
				-2.878,
				1,
				2.956,
				-2.878,
				3.128,
				2.536,
				3.3,
				2.536,
				1,
				3.472,
				2.536,
				3.644,
				-2.01,
				3.817,
				-2.01,
				1,
				3.972,
				-2.01,
				4.128,
				1.322,
				4.283,
				1.322,
				1,
				4.406,
				1.322,
				4.528,
				-1.48,
				4.65,
				-1.48,
				1,
				4.728,
				-1.48,
				4.806,
				1.506,
				4.883,
				1.506,
				0,
				4.9,
				1.506
			]
		},
		{
			"Target": "Parameter",
			"Id": "Param_Angle_Rotation_8_m_h",
			"Segments": [
				0,
				-3.118,
				1,
				0.128,
				-3.118,
				0.256,
				2.977,
				0.383,
				2.977,
				1,
				0.539,
				2.977,
				0.694,
				-1.693,
				0.85,
				-1.693,
				1,
				1,
				-1.693,
				1.15,
				1.744,
				1.3,
				1.744,
				1,
				1.489,
				1.744,
				1.678,
				-3.09,
				1.867,
				-3.09,
				1,
				2.033,
				-3.09,
				2.2,
				4.059,
				2.367,
				4.059,
				1,
				2.539,
				4.059,
				2.711,
				-4.082,
				2.883,
				-4.082,
				1,
				3.056,
				-4.082,
				3.228,
				3.801,
				3.4,
				3.801,
				1,
				3.578,
				3.801,
				3.756,
				-3.403,
				3.933,
				-3.403,
				1,
				4.094,
				-3.403,
				4.256,
				2.184,
				4.417,
				2.184,
				1,
				4.533,
				2.184,
				4.65,
				-1.969,
				4.767,
				-1.969,
				1,
				4.806,
				-1.969,
				4.844,
				-0.615,
				4.883,
				-0.615,
				0,
				4.9,
				-0.615
			]
		},
		{
			"Target": "Parameter",
			"Id": "Param_Angle_Rotation_9_m_h",
			"Segments": [
				0,
				-4.157,
				1,
				0.167,
				-4.157,
				0.333,
				3.284,
				0.5,
				3.284,
				1,
				0.656,
				3.284,
				0.811,
				-2.031,
				0.967,
				-2.031,
				1,
				1.117,
				-2.031,
				1.267,
				2.101,
				1.417,
				2.101,
				1,
				1.594,
				2.101,
				1.772,
				-3.258,
				1.95,
				-3.258,
				1,
				2.111,
				-3.258,
				2.272,
				3.955,
				2.433,
				3.955,
				1,
				2.611,
				3.955,
				2.789,
				-4.044,
				2.967,
				-4.044,
				1,
				3.144,
				-4.044,
				3.322,
				3.886,
				3.5,
				3.886,
				1,
				3.683,
				3.886,
				3.867,
				-3.643,
				4.05,
				-3.643,
				1,
				4.211,
				-3.643,
				4.372,
				2.475,
				4.533,
				2.475,
				1,
				4.65,
				2.475,
				4.767,
				-2.206,
				4.883,
				-2.206,
				0,
				4.9,
				-2.206
			]
		},
		{
			"Target": "Parameter",
			"Id": "Param_Angle_Rotation_1_l_m_h",
			"Segments": [
				0,
				-0.108,
				1,
				0.067,
				-0.108,
				0.133,
				-0.106,
				0.2,
				-0.106,
				1,
				0.383,
				-0.106,
				0.567,
				-0.347,
				0.75,
				-0.347,
				1,
				0.922,
				-0.347,
				1.094,
				0.082,
				1.267,
				0.082,
				1,
				1.461,
				0.082,
				1.656,
				-0.221,
				1.85,
				-0.221,
				1,
				2.017,
				-0.221,
				2.183,
				-0.058,
				2.35,
				-0.058,
				1,
				2.511,
				-0.058,
				2.672,
				-0.218,
				2.833,
				-0.218,
				1,
				2.944,
				-0.218,
				3.056,
				-0.156,
				3.167,
				-0.156,
				1,
				3.272,
				-0.156,
				3.378,
				-0.219,
				3.483,
				-0.219,
				1,
				3.617,
				-0.219,
				3.75,
				0.143,
				3.883,
				0.143,
				1,
				4.028,
				0.143,
				4.172,
				-0.276,
				4.317,
				-0.276,
				1,
				4.494,
				-0.276,
				4.672,
				-0.031,
				4.85,
				-0.031,
				1,
				4.861,
				-0.031,
				4.872,
				-0.033,
				4.883,
				-0.033,
				0,
				4.9,
				-0.033
			]
		},
		{
			"Target": "Parameter",
			"Id": "Param_Angle_Rotation_2_l_m_h",
			"Segments": [
				0,
				-0.108,
				1,
				0.067,
				-0.108,
				0.133,
				-0.106,
				0.2,
				-0.106,
				1,
				0.383,
				-0.106,
				0.567,
				-0.347,
				0.75,
				-0.347,
				1,
				0.922,
				-0.347,
				1.094,
				0.082,
				1.267,
				0.082,
				1,
				1.461,
				0.082,
				1.656,
				-0.221,
				1.85,
				-0.221,
				1,
				2.017,
				-0.221,
				2.183,
				-0.058,
				2.35,
				-0.058,
				1,
				2.511,
				-0.058,
				2.672,
				-0.218,
				2.833,
				-0.218,
				1,
				2.944,
				-0.218,
				3.056,
				-0.156,
				3.167,
				-0.156,
				1,
				3.272,
				-0.156,
				3.378,
				-0.219,
				3.483,
				-0.219,
				1,
				3.617,
				-0.219,
				3.75,
				0.143,
				3.883,
				0.143,
				1,
				4.028,
				0.143,
				4.172,
				-0.276,
				4.317,
				-0.276,
				1,
				4.494,
				-0.276,
				4.672,
				-0.031,
				4.85,
				-0.031,
				1,
				4.861,
				-0.031,
				4.872,
				-0.033,
				4.883,
				-0.033,
				0,
				4.9,
				-0.033
			]
		},
		{
			"Target": "Parameter",
			"Id": "Param_Angle_Rotation_3_l_m_h",
			"Segments": [
				0,
				-0.01,
				1,
				0.017,
				-0.01,
				0.033,
				-0.011,
				0.05,
				-0.011,
				1,
				0.239,
				-0.011,
				0.428,
				0.133,
				0.617,
				0.133,
				1,
				0.778,
				0.133,
				0.939,
				-0.274,
				1.1,
				-0.274,
				1,
				1.256,
				-0.274,
				1.411,
				0.229,
				1.567,
				0.229,
				1,
				1.744,
				0.229,
				1.922,
				-0.147,
				2.1,
				-0.147,
				1,
				2.278,
				-0.147,
				2.456,
				0.142,
				2.633,
				0.142,
				1,
				2.783,
				0.142,
				2.933,
				-0.098,
				3.083,
				-0.098,
				1,
				3.206,
				-0.098,
				3.328,
				0.078,
				3.45,
				0.078,
				1,
				3.567,
				0.078,
				3.683,
				-0.257,
				3.8,
				-0.257,
				1,
				3.928,
				-0.257,
				4.056,
				0.328,
				4.183,
				0.328,
				1,
				4.328,
				0.328,
				4.472,
				-0.243,
				4.617,
				-0.243,
				1,
				4.706,
				-0.243,
				4.794,
				-0.007,
				4.883,
				-0.007,
				0,
				4.9,
				-0.007
			]
		},
		{
			"Target": "Parameter",
			"Id": "Param_Angle_Rotation_4_l_m_h",
			"Segments": [
				0,
				0.014,
				1,
				0.078,
				0.014,
				0.156,
				-0.082,
				0.233,
				-0.082,
				1,
				0.422,
				-0.082,
				0.611,
				0.398,
				0.8,
				0.398,
				1,
				0.961,
				0.398,
				1.122,
				-0.904,
				1.283,
				-0.904,
				1,
				1.444,
				-0.904,
				1.606,
				0.939,
				1.767,
				0.939,
				1,
				1.939,
				0.939,
				2.111,
				-0.697,
				2.283,
				-0.697,
				1,
				2.461,
				-0.697,
				2.639,
				0.598,
				2.817,
				0.598,
				1,
				2.972,
				0.598,
				3.128,
				-0.441,
				3.283,
				-0.441,
				1,
				3.411,
				-0.441,
				3.539,
				0.273,
				3.667,
				0.273,
				1,
				3.783,
				0.273,
				3.9,
				-0.698,
				4.017,
				-0.698,
				1,
				4.144,
				-0.698,
				4.272,
				1.076,
				4.4,
				1.076,
				1,
				4.55,
				1.076,
				4.7,
				-1,
				4.85,
				-1,
				1,
				4.861,
				-1,
				4.872,
				-0.973,
				4.883,
				-0.973,
				0,
				4.9,
				-0.973
			]
		},
		{
			"Target": "Parameter",
			"Id": "Param_Angle_Rotation_5_l_m_h",
			"Segments": [
				0,
				0.328,
				1,
				0.117,
				0.328,
				0.233,
				-0.237,
				0.35,
				-0.237,
				1,
				0.544,
				-0.237,
				0.739,
				0.502,
				0.933,
				0.502,
				1,
				1.1,
				0.502,
				1.267,
				-1.224,
				1.433,
				-1.224,
				1,
				1.6,
				-1.224,
				1.767,
				1.513,
				1.933,
				1.513,
				1,
				2.1,
				1.513,
				2.267,
				-1.293,
				2.433,
				-1.293,
				1,
				2.606,
				-1.293,
				2.778,
				1.071,
				2.95,
				1.071,
				1,
				3.117,
				1.071,
				3.283,
				-0.834,
				3.45,
				-0.834,
				1,
				3.583,
				-0.834,
				3.717,
				0.509,
				3.85,
				0.509,
				1,
				3.967,
				0.509,
				4.083,
				-0.844,
				4.2,
				-0.844,
				1,
				4.328,
				-0.844,
				4.456,
				1.491,
				4.583,
				1.491,
				1,
				4.683,
				1.491,
				4.783,
				-0.923,
				4.883,
				-0.923,
				0,
				4.9,
				-0.923
			]
		},
		{
			"Target": "Parameter",
			"Id": "Param_Angle_Rotation_6_l_m_h",
			"Segments": [
				0,
				1.064,
				1,
				0.15,
				1.064,
				0.3,
				-0.567,
				0.45,
				-0.567,
				1,
				0.639,
				-0.567,
				0.828,
				0.669,
				1.017,
				0.669,
				1,
				1.2,
				0.669,
				1.383,
				-1.628,
				1.567,
				-1.628,
				1,
				1.728,
				-1.628,
				1.889,
				2.273,
				2.05,
				2.273,
				1,
				2.217,
				2.273,
				2.383,
				-2.16,
				2.55,
				-2.16,
				1,
				2.717,
				-2.16,
				2.883,
				1.807,
				3.05,
				1.807,
				1,
				3.222,
				1.807,
				3.394,
				-1.434,
				3.567,
				-1.434,
				1,
				3.711,
				-1.434,
				3.856,
				1.001,
				4,
				1.001,
				1,
				4.122,
				1.001,
				4.244,
				-1.241,
				4.367,
				-1.241,
				1,
				4.494,
				-1.241,
				4.622,
				2.132,
				4.75,
				2.132,
				1,
				4.794,
				2.132,
				4.839,
				1.007,
				4.883,
				1.007,
				0,
				4.9,
				1.007
			]
		},
		{
			"Target": "Parameter",
			"Id": "Param_Angle_Rotation_7_l_m_h",
			"Segments": [
				0,
				0.851,
				1,
				0.05,
				0.851,
				0.1,
				1.813,
				0.15,
				1.813,
				1,
				0.3,
				1.813,
				0.45,
				-0.849,
				0.6,
				-0.849,
				1,
				0.761,
				-0.849,
				0.922,
				1.027,
				1.083,
				1.027,
				1,
				1.278,
				1.027,
				1.472,
				-2.415,
				1.667,
				-2.415,
				1,
				1.839,
				-2.415,
				2.011,
				3.391,
				2.183,
				3.391,
				1,
				2.35,
				3.391,
				2.517,
				-3.282,
				2.683,
				-3.282,
				1,
				2.856,
				-3.282,
				3.028,
				2.871,
				3.2,
				2.871,
				1,
				3.372,
				2.871,
				3.544,
				-2.302,
				3.717,
				-2.302,
				1,
				3.867,
				-2.302,
				4.017,
				1.299,
				4.167,
				1.299,
				1,
				4.283,
				1.299,
				4.4,
				-1.292,
				4.517,
				-1.292,
				1,
				4.639,
				-1.292,
				4.761,
				2.85,
				4.883,
				2.85,
				0,
				4.9,
				2.85
			]
		},
		{
			"Target": "Parameter",
			"Id": "Param_Angle_Rotation_8_l_m_h",
			"Segments": [
				0,
				-0.781,
				1,
				0.089,
				-0.781,
				0.178,
				2.19,
				0.267,
				2.19,
				1,
				0.417,
				2.19,
				0.567,
				-1.28,
				0.717,
				-1.28,
				1,
				0.883,
				-1.28,
				1.05,
				1.334,
				1.217,
				1.334,
				1,
				1.406,
				1.334,
				1.594,
				-2.527,
				1.783,
				-2.527,
				1,
				1.95,
				-2.527,
				2.117,
				3.506,
				2.283,
				3.506,
				1,
				2.45,
				3.506,
				2.617,
				-3.453,
				2.783,
				-3.453,
				1,
				2.956,
				-3.453,
				3.128,
				3.043,
				3.3,
				3.043,
				1,
				3.472,
				3.043,
				3.644,
				-2.412,
				3.817,
				-2.412,
				1,
				3.972,
				-2.412,
				4.128,
				1.587,
				4.283,
				1.587,
				1,
				4.406,
				1.587,
				4.528,
				-1.776,
				4.65,
				-1.776,
				1,
				4.728,
				-1.776,
				4.806,
				1.807,
				4.883,
				1.807,
				0,
				4.9,
				1.807
			]
		},
		{
			"Target": "Parameter",
			"Id": "Param_Angle_Rotation_9_l_m_h",
			"Segments": [
				0,
				-3.118,
				1,
				0.128,
				-3.118,
				0.256,
				2.977,
				0.383,
				2.977,
				1,
				0.539,
				2.977,
				0.694,
				-1.693,
				0.85,
				-1.693,
				1,
				1,
				-1.693,
				1.15,
				1.744,
				1.3,
				1.744,
				1,
				1.489,
				1.744,
				1.678,
				-3.09,
				1.867,
				-3.09,
				1,
				2.033,
				-3.09,
				2.2,
				4.059,
				2.367,
				4.059,
				1,
				2.539,
				4.059,
				2.711,
				-4.082,
				2.883,
				-4.082,
				1,
				3.056,
				-4.082,
				3.228,
				3.801,
				3.4,
				3.801,
				1,
				3.578,
				3.801,
				3.756,
				-3.403,
				3.933,
				-3.403,
				1,
				4.094,
				-3.403,
				4.256,
				2.184,
				4.417,
				2.184,
				1,
				4.533,
				2.184,
				4.65,
				-1.969,
				4.767,
				-1.969,
				1,
				4.806,
				-1.969,
				4.844,
				-0.615,
				4.883,
				-0.615,
				0,
				4.9,
				-0.615
			]
		},
		{
			"Target": "Parameter",
			"Id": "Param_Angle_Rotation_1_r_r_h",
			"Segments": [
				0,
				-0.108,
				1,
				0.067,
				-0.108,
				0.133,
				-0.106,
				0.2,
				-0.106,
				1,
				0.383,
				-0.106,
				0.567,
				-0.347,
				0.75,
				-0.347,
				1,
				0.922,
				-0.347,
				1.094,
				0.082,
				1.267,
				0.082,
				1,
				1.461,
				0.082,
				1.656,
				-0.221,
				1.85,
				-0.221,
				1,
				2.017,
				-0.221,
				2.183,
				-0.058,
				2.35,
				-0.058,
				1,
				2.511,
				-0.058,
				2.672,
				-0.218,
				2.833,
				-0.218,
				1,
				2.944,
				-0.218,
				3.056,
				-0.156,
				3.167,
				-0.156,
				1,
				3.272,
				-0.156,
				3.378,
				-0.219,
				3.483,
				-0.219,
				1,
				3.617,
				-0.219,
				3.75,
				0.143,
				3.883,
				0.143,
				1,
				4.028,
				0.143,
				4.172,
				-0.276,
				4.317,
				-0.276,
				1,
				4.494,
				-0.276,
				4.672,
				-0.031,
				4.85,
				-0.031,
				1,
				4.861,
				-0.031,
				4.872,
				-0.033,
				4.883,
				-0.033,
				0,
				4.9,
				-0.033
			]
		},
		{
			"Target": "Parameter",
			"Id": "Param_Angle_Rotation_2_r_r_h",
			"Segments": [
				0,
				-0.108,
				1,
				0.067,
				-0.108,
				0.133,
				-0.106,
				0.2,
				-0.106,
				1,
				0.383,
				-0.106,
				0.567,
				-0.347,
				0.75,
				-0.347,
				1,
				0.922,
				-0.347,
				1.094,
				0.082,
				1.267,
				0.082,
				1,
				1.461,
				0.082,
				1.656,
				-0.221,
				1.85,
				-0.221,
				1,
				2.017,
				-0.221,
				2.183,
				-0.058,
				2.35,
				-0.058,
				1,
				2.511,
				-0.058,
				2.672,
				-0.218,
				2.833,
				-0.218,
				1,
				2.944,
				-0.218,
				3.056,
				-0.156,
				3.167,
				-0.156,
				1,
				3.272,
				-0.156,
				3.378,
				-0.219,
				3.483,
				-0.219,
				1,
				3.617,
				-0.219,
				3.75,
				0.143,
				3.883,
				0.143,
				1,
				4.028,
				0.143,
				4.172,
				-0.276,
				4.317,
				-0.276,
				1,
				4.494,
				-0.276,
				4.672,
				-0.031,
				4.85,
				-0.031,
				1,
				4.861,
				-0.031,
				4.872,
				-0.033,
				4.883,
				-0.033,
				0,
				4.9,
				-0.033
			]
		},
		{
			"Target": "Parameter",
			"Id": "Param_Angle_Rotation_3_r_r_h",
			"Segments": [
				0,
				-0.216,
				1,
				0.067,
				-0.216,
				0.133,
				-0.211,
				0.2,
				-0.211,
				1,
				0.383,
				-0.211,
				0.567,
				-0.694,
				0.75,
				-0.694,
				1,
				0.922,
				-0.694,
				1.094,
				0.163,
				1.267,
				0.163,
				1,
				1.461,
				0.163,
				1.656,
				-0.442,
				1.85,
				-0.442,
				1,
				2.017,
				-0.442,
				2.183,
				-0.116,
				2.35,
				-0.116,
				1,
				2.511,
				-0.116,
				2.672,
				-0.435,
				2.833,
				-0.435,
				1,
				2.944,
				-0.435,
				3.056,
				-0.313,
				3.167,
				-0.313,
				1,
				3.272,
				-0.313,
				3.378,
				-0.439,
				3.483,
				-0.439,
				1,
				3.617,
				-0.439,
				3.75,
				0.286,
				3.883,
				0.286,
				1,
				4.028,
				0.286,
				4.172,
				-0.552,
				4.317,
				-0.552,
				1,
				4.494,
				-0.552,
				4.672,
				-0.063,
				4.85,
				-0.063,
				1,
				4.861,
				-0.063,
				4.872,
				-0.067,
				4.883,
				-0.067,
				0,
				4.9,
				-0.067
			]
		},
		{
			"Target": "Parameter",
			"Id": "Param_Angle_Rotation_4_r_r_h",
			"Segments": [
				0,
				-0.03,
				1,
				0.017,
				-0.03,
				0.033,
				-0.032,
				0.05,
				-0.032,
				1,
				0.239,
				-0.032,
				0.428,
				0.4,
				0.617,
				0.4,
				1,
				0.778,
				0.4,
				0.939,
				-0.821,
				1.1,
				-0.821,
				1,
				1.256,
				-0.821,
				1.411,
				0.686,
				1.567,
				0.686,
				1,
				1.744,
				0.686,
				1.922,
				-0.44,
				2.1,
				-0.44,
				1,
				2.278,
				-0.44,
				2.456,
				0.427,
				2.633,
				0.427,
				1,
				2.783,
				0.427,
				2.933,
				-0.295,
				3.083,
				-0.295,
				1,
				3.206,
				-0.295,
				3.328,
				0.234,
				3.45,
				0.234,
				1,
				3.567,
				0.234,
				3.683,
				-0.771,
				3.8,
				-0.771,
				1,
				3.928,
				-0.771,
				4.056,
				0.985,
				4.183,
				0.985,
				1,
				4.328,
				0.985,
				4.472,
				-0.729,
				4.617,
				-0.729,
				1,
				4.706,
				-0.729,
				4.794,
				-0.021,
				4.883,
				-0.021,
				0,
				4.9,
				-0.021
			]
		},
		{
			"Target": "Parameter",
			"Id": "Param_Angle_Rotation_5_r_r_h",
			"Segments": [
				0,
				0.019,
				1,
				0.078,
				0.019,
				0.156,
				-0.109,
				0.233,
				-0.109,
				1,
				0.422,
				-0.109,
				0.611,
				0.531,
				0.8,
				0.531,
				1,
				0.961,
				0.531,
				1.122,
				-1.205,
				1.283,
				-1.205,
				1,
				1.444,
				-1.205,
				1.606,
				1.252,
				1.767,
				1.252,
				1,
				1.939,
				1.252,
				2.111,
				-0.93,
				2.283,
				-0.93,
				1,
				2.461,
				-0.93,
				2.639,
				0.798,
				2.817,
				0.798,
				1,
				2.972,
				0.798,
				3.128,
				-0.588,
				3.283,
				-0.588,
				1,
				3.411,
				-0.588,
				3.539,
				0.363,
				3.667,
				0.363,
				1,
				3.783,
				0.363,
				3.9,
				-0.931,
				4.017,
				-0.931,
				1,
				4.144,
				-0.931,
				4.272,
				1.435,
				4.4,
				1.435,
				1,
				4.55,
				1.435,
				4.7,
				-1.334,
				4.85,
				-1.334,
				1,
				4.861,
				-1.334,
				4.872,
				-1.297,
				4.883,
				-1.297,
				0,
				4.9,
				-1.297
			]
		},
		{
			"Target": "Parameter",
			"Id": "Param_Angle_Rotation_6_r_r_h",
			"Segments": [
				0,
				0.409,
				1,
				0.117,
				0.409,
				0.233,
				-0.296,
				0.35,
				-0.296,
				1,
				0.544,
				-0.296,
				0.739,
				0.628,
				0.933,
				0.628,
				1,
				1.1,
				0.628,
				1.267,
				-1.53,
				1.433,
				-1.53,
				1,
				1.6,
				-1.53,
				1.767,
				1.892,
				1.933,
				1.892,
				1,
				2.1,
				1.892,
				2.267,
				-1.616,
				2.433,
				-1.616,
				1,
				2.606,
				-1.616,
				2.778,
				1.338,
				2.95,
				1.338,
				1,
				3.117,
				1.338,
				3.283,
				-1.042,
				3.45,
				-1.042,
				1,
				3.583,
				-1.042,
				3.717,
				0.637,
				3.85,
				0.637,
				1,
				3.967,
				0.637,
				4.083,
				-1.054,
				4.2,
				-1.054,
				1,
				4.328,
				-1.054,
				4.456,
				1.864,
				4.583,
				1.864,
				1,
				4.683,
				1.864,
				4.783,
				-1.153,
				4.883,
				-1.153,
				0,
				4.9,
				-1.153
			]
		},
		{
			"Target": "Parameter",
			"Id": "Param_Angle_Rotation_7_r_r_h",
			"Segments": [
				0,
				1.064,
				1,
				0.15,
				1.064,
				0.3,
				-0.567,
				0.45,
				-0.567,
				1,
				0.639,
				-0.567,
				0.828,
				0.669,
				1.017,
				0.669,
				1,
				1.2,
				0.669,
				1.383,
				-1.628,
				1.567,
				-1.628,
				1,
				1.728,
				-1.628,
				1.889,
				2.273,
				2.05,
				2.273,
				1,
				2.217,
				2.273,
				2.383,
				-2.16,
				2.55,
				-2.16,
				1,
				2.717,
				-2.16,
				2.883,
				1.807,
				3.05,
				1.807,
				1,
				3.222,
				1.807,
				3.394,
				-1.434,
				3.567,
				-1.434,
				1,
				3.711,
				-1.434,
				3.856,
				1.001,
				4,
				1.001,
				1,
				4.122,
				1.001,
				4.244,
				-1.241,
				4.367,
				-1.241,
				1,
				4.494,
				-1.241,
				4.622,
				2.132,
				4.75,
				2.132,
				1,
				4.794,
				2.132,
				4.839,
				1.007,
				4.883,
				1.007,
				0,
				4.9,
				1.007
			]
		},
		{
			"Target": "Parameter",
			"Id": "Param_Angle_Rotation_8_r_r_h",
			"Segments": [
				0,
				0.851,
				1,
				0.05,
				0.851,
				0.1,
				1.813,
				0.15,
				1.813,
				1,
				0.3,
				1.813,
				0.45,
				-0.849,
				0.6,
				-0.849,
				1,
				0.761,
				-0.849,
				0.922,
				1.027,
				1.083,
				1.027,
				1,
				1.278,
				1.027,
				1.472,
				-2.415,
				1.667,
				-2.415,
				1,
				1.839,
				-2.415,
				2.011,
				3.391,
				2.183,
				3.391,
				1,
				2.35,
				3.391,
				2.517,
				-3.282,
				2.683,
				-3.282,
				1,
				2.856,
				-3.282,
				3.028,
				2.871,
				3.2,
				2.871,
				1,
				3.372,
				2.871,
				3.544,
				-2.302,
				3.717,
				-2.302,
				1,
				3.867,
				-2.302,
				4.017,
				1.299,
				4.167,
				1.299,
				1,
				4.283,
				1.299,
				4.4,
				-1.292,
				4.517,
				-1.292,
				1,
				4.639,
				-1.292,
				4.761,
				2.85,
				4.883,
				2.85,
				0,
				4.9,
				2.85
			]
		},
		{
			"Target": "Parameter",
			"Id": "Param_Angle_Rotation_9_r_r_h",
			"Segments": [
				0,
				-0.781,
				1,
				0.089,
				-0.781,
				0.178,
				2.19,
				0.267,
				2.19,
				1,
				0.417,
				2.19,
				0.567,
				-1.28,
				0.717,
				-1.28,
				1,
				0.883,
				-1.28,
				1.05,
				1.334,
				1.217,
				1.334,
				1,
				1.406,
				1.334,
				1.594,
				-2.527,
				1.783,
				-2.527,
				1,
				1.95,
				-2.527,
				2.117,
				3.506,
				2.283,
				3.506,
				1,
				2.45,
				3.506,
				2.617,
				-3.453,
				2.783,
				-3.453,
				1,
				2.956,
				-3.453,
				3.128,
				3.043,
				3.3,
				3.043,
				1,
				3.472,
				3.043,
				3.644,
				-2.412,
				3.817,
				-2.412,
				1,
				3.972,
				-2.412,
				4.128,
				1.587,
				4.283,
				1.587,
				1,
				4.406,
				1.587,
				4.528,
				-1.776,
				4.65,
				-1.776,
				1,
				4.728,
				-1.776,
				4.806,
				1.807,
				4.883,
				1.807,
				0,
				4.9,
				1.807
			]
		},
		{
			"Target": "Parameter",
			"Id": "Param_Angle_Rotation_10_r_r_h",
			"Segments": [
				0,
				-3.118,
				1,
				0.128,
				-3.118,
				0.256,
				2.977,
				0.383,
				2.977,
				1,
				0.539,
				2.977,
				0.694,
				-1.693,
				0.85,
				-1.693,
				1,
				1,
				-1.693,
				1.15,
				1.744,
				1.3,
				1.744,
				1,
				1.489,
				1.744,
				1.678,
				-3.09,
				1.867,
				-3.09,
				1,
				2.033,
				-3.09,
				2.2,
				4.059,
				2.367,
				4.059,
				1,
				2.539,
				4.059,
				2.711,
				-4.082,
				2.883,
				-4.082,
				1,
				3.056,
				-4.082,
				3.228,
				3.801,
				3.4,
				3.801,
				1,
				3.578,
				3.801,
				3.756,
				-3.403,
				3.933,
				-3.403,
				1,
				4.094,
				-3.403,
				4.256,
				2.184,
				4.417,
				2.184,
				1,
				4.533,
				2.184,
				4.65,
				-1.969,
				4.767,
				-1.969,
				1,
				4.806,
				-1.969,
				4.844,
				-0.615,
				4.883,
				-0.615,
				0,
				4.9,
				-0.615
			]
		},
		{
			"Target": "Parameter",
			"Id": "Param_Angle_Rotation_11_r_r_h",
			"Segments": [
				0,
				-4.157,
				1,
				0.167,
				-4.157,
				0.333,
				3.284,
				0.5,
				3.284,
				1,
				0.656,
				3.284,
				0.811,
				-2.031,
				0.967,
				-2.031,
				1,
				1.117,
				-2.031,
				1.267,
				2.101,
				1.417,
				2.101,
				1,
				1.594,
				2.101,
				1.772,
				-3.258,
				1.95,
				-3.258,
				1,
				2.111,
				-3.258,
				2.272,
				3.955,
				2.433,
				3.955,
				1,
				2.611,
				3.955,
				2.789,
				-4.044,
				2.967,
				-4.044,
				1,
				3.144,
				-4.044,
				3.322,
				3.886,
				3.5,
				3.886,
				1,
				3.683,
				3.886,
				3.867,
				-3.643,
				4.05,
				-3.643,
				1,
				4.211,
				-3.643,
				4.372,
				2.475,
				4.533,
				2.475,
				1,
				4.65,
				2.475,
				4.767,
				-2.206,
				4.883,
				-2.206,
				0,
				4.9,
				-2.206
			]
		},
		{
			"Target": "Parameter",
			"Id": "Param_Angle_Rotation_1_l_l_h",
			"Segments": [
				0,
				-0.108,
				1,
				0.067,
				-0.108,
				0.133,
				-0.106,
				0.2,
				-0.106,
				1,
				0.383,
				-0.106,
				0.567,
				-0.347,
				0.75,
				-0.347,
				1,
				0.922,
				-0.347,
				1.094,
				0.082,
				1.267,
				0.082,
				1,
				1.461,
				0.082,
				1.656,
				-0.221,
				1.85,
				-0.221,
				1,
				2.017,
				-0.221,
				2.183,
				-0.058,
				2.35,
				-0.058,
				1,
				2.511,
				-0.058,
				2.672,
				-0.218,
				2.833,
				-0.218,
				1,
				2.944,
				-0.218,
				3.056,
				-0.156,
				3.167,
				-0.156,
				1,
				3.272,
				-0.156,
				3.378,
				-0.219,
				3.483,
				-0.219,
				1,
				3.617,
				-0.219,
				3.75,
				0.143,
				3.883,
				0.143,
				1,
				4.028,
				0.143,
				4.172,
				-0.276,
				4.317,
				-0.276,
				1,
				4.494,
				-0.276,
				4.672,
				-0.031,
				4.85,
				-0.031,
				1,
				4.861,
				-0.031,
				4.872,
				-0.033,
				4.883,
				-0.033,
				0,
				4.9,
				-0.033
			]
		},
		{
			"Target": "Parameter",
			"Id": "Param_Angle_Rotation_2_l_l_h",
			"Segments": [
				0,
				-0.108,
				1,
				0.067,
				-0.108,
				0.133,
				-0.106,
				0.2,
				-0.106,
				1,
				0.383,
				-0.106,
				0.567,
				-0.347,
				0.75,
				-0.347,
				1,
				0.922,
				-0.347,
				1.094,
				0.082,
				1.267,
				0.082,
				1,
				1.461,
				0.082,
				1.656,
				-0.221,
				1.85,
				-0.221,
				1,
				2.017,
				-0.221,
				2.183,
				-0.058,
				2.35,
				-0.058,
				1,
				2.511,
				-0.058,
				2.672,
				-0.218,
				2.833,
				-0.218,
				1,
				2.944,
				-0.218,
				3.056,
				-0.156,
				3.167,
				-0.156,
				1,
				3.272,
				-0.156,
				3.378,
				-0.219,
				3.483,
				-0.219,
				1,
				3.617,
				-0.219,
				3.75,
				0.143,
				3.883,
				0.143,
				1,
				4.028,
				0.143,
				4.172,
				-0.276,
				4.317,
				-0.276,
				1,
				4.494,
				-0.276,
				4.672,
				-0.031,
				4.85,
				-0.031,
				1,
				4.861,
				-0.031,
				4.872,
				-0.033,
				4.883,
				-0.033,
				0,
				4.9,
				-0.033
			]
		},
		{
			"Target": "Parameter",
			"Id": "Param_Angle_Rotation_3_l_l_h",
			"Segments": [
				0,
				-0.01,
				1,
				0.017,
				-0.01,
				0.033,
				-0.011,
				0.05,
				-0.011,
				1,
				0.239,
				-0.011,
				0.428,
				0.133,
				0.617,
				0.133,
				1,
				0.778,
				0.133,
				0.939,
				-0.274,
				1.1,
				-0.274,
				1,
				1.256,
				-0.274,
				1.411,
				0.229,
				1.567,
				0.229,
				1,
				1.744,
				0.229,
				1.922,
				-0.147,
				2.1,
				-0.147,
				1,
				2.278,
				-0.147,
				2.456,
				0.142,
				2.633,
				0.142,
				1,
				2.783,
				0.142,
				2.933,
				-0.098,
				3.083,
				-0.098,
				1,
				3.206,
				-0.098,
				3.328,
				0.078,
				3.45,
				0.078,
				1,
				3.567,
				0.078,
				3.683,
				-0.257,
				3.8,
				-0.257,
				1,
				3.928,
				-0.257,
				4.056,
				0.328,
				4.183,
				0.328,
				1,
				4.328,
				0.328,
				4.472,
				-0.243,
				4.617,
				-0.243,
				1,
				4.706,
				-0.243,
				4.794,
				-0.007,
				4.883,
				-0.007,
				0,
				4.9,
				-0.007
			]
		},
		{
			"Target": "Parameter",
			"Id": "Param_Angle_Rotation_4_l_l_h",
			"Segments": [
				0,
				0.014,
				1,
				0.078,
				0.014,
				0.156,
				-0.082,
				0.233,
				-0.082,
				1,
				0.422,
				-0.082,
				0.611,
				0.398,
				0.8,
				0.398,
				1,
				0.961,
				0.398,
				1.122,
				-0.904,
				1.283,
				-0.904,
				1,
				1.444,
				-0.904,
				1.606,
				0.939,
				1.767,
				0.939,
				1,
				1.939,
				0.939,
				2.111,
				-0.697,
				2.283,
				-0.697,
				1,
				2.461,
				-0.697,
				2.639,
				0.598,
				2.817,
				0.598,
				1,
				2.972,
				0.598,
				3.128,
				-0.441,
				3.283,
				-0.441,
				1,
				3.411,
				-0.441,
				3.539,
				0.273,
				3.667,
				0.273,
				1,
				3.783,
				0.273,
				3.9,
				-0.698,
				4.017,
				-0.698,
				1,
				4.144,
				-0.698,
				4.272,
				1.076,
				4.4,
				1.076,
				1,
				4.55,
				1.076,
				4.7,
				-1,
				4.85,
				-1,
				1,
				4.861,
				-1,
				4.872,
				-0.973,
				4.883,
				-0.973,
				0,
				4.9,
				-0.973
			]
		},
		{
			"Target": "Parameter",
			"Id": "Param_Angle_Rotation_5_l_l_h",
			"Segments": [
				0,
				0.328,
				1,
				0.117,
				0.328,
				0.233,
				-0.237,
				0.35,
				-0.237,
				1,
				0.544,
				-0.237,
				0.739,
				0.502,
				0.933,
				0.502,
				1,
				1.1,
				0.502,
				1.267,
				-1.224,
				1.433,
				-1.224,
				1,
				1.6,
				-1.224,
				1.767,
				1.513,
				1.933,
				1.513,
				1,
				2.1,
				1.513,
				2.267,
				-1.293,
				2.433,
				-1.293,
				1,
				2.606,
				-1.293,
				2.778,
				1.071,
				2.95,
				1.071,
				1,
				3.117,
				1.071,
				3.283,
				-0.834,
				3.45,
				-0.834,
				1,
				3.583,
				-0.834,
				3.717,
				0.509,
				3.85,
				0.509,
				1,
				3.967,
				0.509,
				4.083,
				-0.844,
				4.2,
				-0.844,
				1,
				4.328,
				-0.844,
				4.456,
				1.491,
				4.583,
				1.491,
				1,
				4.683,
				1.491,
				4.783,
				-0.923,
				4.883,
				-0.923,
				0,
				4.9,
				-0.923
			]
		},
		{
			"Target": "Parameter",
			"Id": "Param_Angle_Rotation_6_l_l_h",
			"Segments": [
				0,
				1.064,
				1,
				0.15,
				1.064,
				0.3,
				-0.567,
				0.45,
				-0.567,
				1,
				0.639,
				-0.567,
				0.828,
				0.669,
				1.017,
				0.669,
				1,
				1.2,
				0.669,
				1.383,
				-1.628,
				1.567,
				-1.628,
				1,
				1.728,
				-1.628,
				1.889,
				2.273,
				2.05,
				2.273,
				1,
				2.217,
				2.273,
				2.383,
				-2.16,
				2.55,
				-2.16,
				1,
				2.717,
				-2.16,
				2.883,
				1.807,
				3.05,
				1.807,
				1,
				3.222,
				1.807,
				3.394,
				-1.434,
				3.567,
				-1.434,
				1,
				3.711,
				-1.434,
				3.856,
				1.001,
				4,
				1.001,
				1,
				4.122,
				1.001,
				4.244,
				-1.241,
				4.367,
				-1.241,
				1,
				4.494,
				-1.241,
				4.622,
				2.132,
				4.75,
				2.132,
				1,
				4.794,
				2.132,
				4.839,
				1.007,
				4.883,
				1.007,
				0,
				4.9,
				1.007
			]
		},
		{
			"Target": "Parameter",
			"Id": "Param_Angle_Rotation_7_l_l_h",
			"Segments": [
				0,
				0.851,
				1,
				0.05,
				0.851,
				0.1,
				1.813,
				0.15,
				1.813,
				1,
				0.3,
				1.813,
				0.45,
				-0.849,
				0.6,
				-0.849,
				1,
				0.761,
				-0.849,
				0.922,
				1.027,
				1.083,
				1.027,
				1,
				1.278,
				1.027,
				1.472,
				-2.415,
				1.667,
				-2.415,
				1,
				1.839,
				-2.415,
				2.011,
				3.391,
				2.183,
				3.391,
				1,
				2.35,
				3.391,
				2.517,
				-3.282,
				2.683,
				-3.282,
				1,
				2.856,
				-3.282,
				3.028,
				2.871,
				3.2,
				2.871,
				1,
				3.372,
				2.871,
				3.544,
				-2.302,
				3.717,
				-2.302,
				1,
				3.867,
				-2.302,
				4.017,
				1.299,
				4.167,
				1.299,
				1,
				4.283,
				1.299,
				4.4,
				-1.292,
				4.517,
				-1.292,
				1,
				4.639,
				-1.292,
				4.761,
				2.85,
				4.883,
				2.85,
				0,
				4.9,
				2.85
			]
		},
		{
			"Target": "Parameter",
			"Id": "Param_Angle_Rotation_8_l_l_h",
			"Segments": [
				0,
				-0.651,
				1,
				0.089,
				-0.651,
				0.178,
				1.825,
				0.267,
				1.825,
				1,
				0.417,
				1.825,
				0.567,
				-1.066,
				0.717,
				-1.066,
				1,
				0.883,
				-1.066,
				1.05,
				1.111,
				1.217,
				1.111,
				1,
				1.406,
				1.111,
				1.594,
				-2.106,
				1.783,
				-2.106,
				1,
				1.95,
				-2.106,
				2.117,
				2.921,
				2.283,
				2.921,
				1,
				2.45,
				2.921,
				2.617,
				-2.878,
				2.783,
				-2.878,
				1,
				2.956,
				-2.878,
				3.128,
				2.536,
				3.3,
				2.536,
				1,
				3.472,
				2.536,
				3.644,
				-2.01,
				3.817,
				-2.01,
				1,
				3.972,
				-2.01,
				4.128,
				1.322,
				4.283,
				1.322,
				1,
				4.406,
				1.322,
				4.528,
				-1.48,
				4.65,
				-1.48,
				1,
				4.728,
				-1.48,
				4.806,
				1.506,
				4.883,
				1.506,
				0,
				4.9,
				1.506
			]
		},
		{
			"Target": "Parameter",
			"Id": "Param_Angle_Rotation_9_l_l_h",
			"Segments": [
				0,
				-2.598,
				1,
				0.128,
				-2.598,
				0.256,
				2.48,
				0.383,
				2.48,
				1,
				0.539,
				2.48,
				0.694,
				-1.411,
				0.85,
				-1.411,
				1,
				1,
				-1.411,
				1.15,
				1.453,
				1.3,
				1.453,
				1,
				1.489,
				1.453,
				1.678,
				-2.575,
				1.867,
				-2.575,
				1,
				2.033,
				-2.575,
				2.2,
				3.383,
				2.367,
				3.383,
				1,
				2.539,
				3.383,
				2.711,
				-3.401,
				2.883,
				-3.401,
				1,
				3.056,
				-3.401,
				3.228,
				3.168,
				3.4,
				3.168,
				1,
				3.578,
				3.168,
				3.756,
				-2.836,
				3.933,
				-2.836,
				1,
				4.094,
				-2.836,
				4.256,
				1.82,
				4.417,
				1.82,
				1,
				4.533,
				1.82,
				4.65,
				-1.641,
				4.767,
				-1.641,
				1,
				4.806,
				-1.641,
				4.844,
				-0.512,
				4.883,
				-0.512,
				0,
				4.9,
				-0.512
			]
		},
		{
			"Target": "Parameter",
			"Id": "Param_Angle_Rotation_10_l_l_h",
			"Segments": [
				0,
				-4.157,
				1,
				0.167,
				-4.157,
				0.333,
				3.284,
				0.5,
				3.284,
				1,
				0.656,
				3.284,
				0.811,
				-2.031,
				0.967,
				-2.031,
				1,
				1.117,
				-2.031,
				1.267,
				2.101,
				1.417,
				2.101,
				1,
				1.594,
				2.101,
				1.772,
				-3.258,
				1.95,
				-3.258,
				1,
				2.111,
				-3.258,
				2.272,
				3.955,
				2.433,
				3.955,
				1,
				2.611,
				3.955,
				2.789,
				-4.044,
				2.967,
				-4.044,
				1,
				3.144,
				-4.044,
				3.322,
				3.886,
				3.5,
				3.886,
				1,
				3.683,
				3.886,
				3.867,
				-3.643,
				4.05,
				-3.643,
				1,
				4.211,
				-3.643,
				4.372,
				2.475,
				4.533,
				2.475,
				1,
				4.65,
				2.475,
				4.767,
				-2.206,
				4.883,
				-2.206,
				0,
				4.9,
				-2.206
			]
		},
		{
			"Target": "Parameter",
			"Id": "Param_Angle_Rotation_11_l_l_h",
			"Segments": [
				0,
				-4.157,
				1,
				0.167,
				-4.157,
				0.333,
				3.284,
				0.5,
				3.284,
				1,
				0.656,
				3.284,
				0.811,
				-2.031,
				0.967,
				-2.031,
				1,
				1.117,
				-2.031,
				1.267,
				2.101,
				1.417,
				2.101,
				1,
				1.594,
				2.101,
				1.772,
				-3.258,
				1.95,
				-3.258,
				1,
				2.111,
				-3.258,
				2.272,
				3.955,
				2.433,
				3.955,
				1,
				2.611,
				3.955,
				2.789,
				-4.044,
				2.967,
				-4.044,
				1,
				3.144,
				-4.044,
				3.322,
				3.886,
				3.5,
				3.886,
				1,
				3.683,
				3.886,
				3.867,
				-3.643,
				4.05,
				-3.643,
				1,
				4.211,
				-3.643,
				4.372,
				2.475,
				4.533,
				2.475,
				1,
				4.65,
				2.475,
				4.767,
				-2.206,
				4.883,
				-2.206,
				0,
				4.9,
				-2.206
			]
		},
		{
			"Target": "Parameter",
			"Id": "Param_Angle_Rotation_1_rr_h",
			"Segments": [
				0,
				-0.108,
				1,
				0.067,
				-0.108,
				0.133,
				-0.106,
				0.2,
				-0.106,
				1,
				0.383,
				-0.106,
				0.567,
				-0.347,
				0.75,
				-0.347,
				1,
				0.922,
				-0.347,
				1.094,
				0.082,
				1.267,
				0.082,
				1,
				1.461,
				0.082,
				1.656,
				-0.221,
				1.85,
				-0.221,
				1,
				2.017,
				-0.221,
				2.183,
				-0.058,
				2.35,
				-0.058,
				1,
				2.511,
				-0.058,
				2.672,
				-0.218,
				2.833,
				-0.218,
				1,
				2.944,
				-0.218,
				3.056,
				-0.156,
				3.167,
				-0.156,
				1,
				3.272,
				-0.156,
				3.378,
				-0.219,
				3.483,
				-0.219,
				1,
				3.617,
				-0.219,
				3.75,
				0.143,
				3.883,
				0.143,
				1,
				4.028,
				0.143,
				4.172,
				-0.276,
				4.317,
				-0.276,
				1,
				4.494,
				-0.276,
				4.672,
				-0.031,
				4.85,
				-0.031,
				1,
				4.861,
				-0.031,
				4.872,
				-0.033,
				4.883,
				-0.033,
				0,
				4.9,
				-0.033
			]
		},
		{
			"Target": "Parameter",
			"Id": "Param_Angle_Rotation_2_rr_h",
			"Segments": [
				0,
				-0.108,
				1,
				0.067,
				-0.108,
				0.133,
				-0.106,
				0.2,
				-0.106,
				1,
				0.383,
				-0.106,
				0.567,
				-0.347,
				0.75,
				-0.347,
				1,
				0.922,
				-0.347,
				1.094,
				0.082,
				1.267,
				0.082,
				1,
				1.461,
				0.082,
				1.656,
				-0.221,
				1.85,
				-0.221,
				1,
				2.017,
				-0.221,
				2.183,
				-0.058,
				2.35,
				-0.058,
				1,
				2.511,
				-0.058,
				2.672,
				-0.218,
				2.833,
				-0.218,
				1,
				2.944,
				-0.218,
				3.056,
				-0.156,
				3.167,
				-0.156,
				1,
				3.272,
				-0.156,
				3.378,
				-0.219,
				3.483,
				-0.219,
				1,
				3.617,
				-0.219,
				3.75,
				0.143,
				3.883,
				0.143,
				1,
				4.028,
				0.143,
				4.172,
				-0.276,
				4.317,
				-0.276,
				1,
				4.494,
				-0.276,
				4.672,
				-0.031,
				4.85,
				-0.031,
				1,
				4.861,
				-0.031,
				4.872,
				-0.033,
				4.883,
				-0.033,
				0,
				4.9,
				-0.033
			]
		},
		{
			"Target": "Parameter",
			"Id": "Param_Angle_Rotation_3_rr_h",
			"Segments": [
				0,
				-0.01,
				1,
				0.017,
				-0.01,
				0.033,
				-0.011,
				0.05,
				-0.011,
				1,
				0.239,
				-0.011,
				0.428,
				0.133,
				0.617,
				0.133,
				1,
				0.778,
				0.133,
				0.939,
				-0.274,
				1.1,
				-0.274,
				1,
				1.256,
				-0.274,
				1.411,
				0.229,
				1.567,
				0.229,
				1,
				1.744,
				0.229,
				1.922,
				-0.147,
				2.1,
				-0.147,
				1,
				2.278,
				-0.147,
				2.456,
				0.142,
				2.633,
				0.142,
				1,
				2.783,
				0.142,
				2.933,
				-0.098,
				3.083,
				-0.098,
				1,
				3.206,
				-0.098,
				3.328,
				0.078,
				3.45,
				0.078,
				1,
				3.567,
				0.078,
				3.683,
				-0.257,
				3.8,
				-0.257,
				1,
				3.928,
				-0.257,
				4.056,
				0.328,
				4.183,
				0.328,
				1,
				4.328,
				0.328,
				4.472,
				-0.243,
				4.617,
				-0.243,
				1,
				4.706,
				-0.243,
				4.794,
				-0.007,
				4.883,
				-0.007,
				0,
				4.9,
				-0.007
			]
		},
		{
			"Target": "Parameter",
			"Id": "Param_Angle_Rotation_4_rr_h",
			"Segments": [
				0,
				0.005,
				1,
				0.078,
				0.005,
				0.156,
				-0.027,
				0.233,
				-0.027,
				1,
				0.422,
				-0.027,
				0.611,
				0.133,
				0.8,
				0.133,
				1,
				0.961,
				0.133,
				1.122,
				-0.301,
				1.283,
				-0.301,
				1,
				1.444,
				-0.301,
				1.606,
				0.313,
				1.767,
				0.313,
				1,
				1.939,
				0.313,
				2.111,
				-0.232,
				2.283,
				-0.232,
				1,
				2.461,
				-0.232,
				2.639,
				0.199,
				2.817,
				0.199,
				1,
				2.972,
				0.199,
				3.128,
				-0.147,
				3.283,
				-0.147,
				1,
				3.411,
				-0.147,
				3.539,
				0.091,
				3.667,
				0.091,
				1,
				3.783,
				0.091,
				3.9,
				-0.233,
				4.017,
				-0.233,
				1,
				4.144,
				-0.233,
				4.272,
				0.359,
				4.4,
				0.359,
				1,
				4.55,
				0.359,
				4.7,
				-0.333,
				4.85,
				-0.333,
				1,
				4.861,
				-0.333,
				4.872,
				-0.324,
				4.883,
				-0.324,
				0,
				4.9,
				-0.324
			]
		},
		{
			"Target": "Parameter",
			"Id": "Param_Angle_Rotation_5_rr_h",
			"Segments": [
				0,
				0.082,
				1,
				0.117,
				0.082,
				0.233,
				-0.059,
				0.35,
				-0.059,
				1,
				0.544,
				-0.059,
				0.739,
				0.126,
				0.933,
				0.126,
				1,
				1.1,
				0.126,
				1.267,
				-0.306,
				1.433,
				-0.306,
				1,
				1.6,
				-0.306,
				1.767,
				0.378,
				1.933,
				0.378,
				1,
				2.1,
				0.378,
				2.267,
				-0.323,
				2.433,
				-0.323,
				1,
				2.606,
				-0.323,
				2.778,
				0.268,
				2.95,
				0.268,
				1,
				3.117,
				0.268,
				3.283,
				-0.208,
				3.45,
				-0.208,
				1,
				3.583,
				-0.208,
				3.717,
				0.127,
				3.85,
				0.127,
				1,
				3.967,
				0.127,
				4.083,
				-0.211,
				4.2,
				-0.211,
				1,
				4.328,
				-0.211,
				4.456,
				0.373,
				4.583,
				0.373,
				1,
				4.683,
				0.373,
				4.783,
				-0.231,
				4.883,
				-0.231,
				0,
				4.9,
				-0.231
			]
		},
		{
			"Target": "Parameter",
			"Id": "Param_Angle_Rotation_6_rr_h",
			"Segments": [
				0,
				1.064,
				1,
				0.15,
				1.064,
				0.3,
				-0.567,
				0.45,
				-0.567,
				1,
				0.639,
				-0.567,
				0.828,
				0.669,
				1.017,
				0.669,
				1,
				1.2,
				0.669,
				1.383,
				-1.628,
				1.567,
				-1.628,
				1,
				1.728,
				-1.628,
				1.889,
				2.273,
				2.05,
				2.273,
				1,
				2.217,
				2.273,
				2.383,
				-2.16,
				2.55,
				-2.16,
				1,
				2.717,
				-2.16,
				2.883,
				1.807,
				3.05,
				1.807,
				1,
				3.222,
				1.807,
				3.394,
				-1.434,
				3.567,
				-1.434,
				1,
				3.711,
				-1.434,
				3.856,
				1.001,
				4,
				1.001,
				1,
				4.122,
				1.001,
				4.244,
				-1.241,
				4.367,
				-1.241,
				1,
				4.494,
				-1.241,
				4.622,
				2.132,
				4.75,
				2.132,
				1,
				4.794,
				2.132,
				4.839,
				1.007,
				4.883,
				1.007,
				0,
				4.9,
				1.007
			]
		},
		{
			"Target": "Parameter",
			"Id": "Param_Angle_Rotation_7_rr_h",
			"Segments": [
				0,
				1.021,
				1,
				0.05,
				1.021,
				0.1,
				2.176,
				0.15,
				2.176,
				1,
				0.3,
				2.176,
				0.45,
				-1.019,
				0.6,
				-1.019,
				1,
				0.761,
				-1.019,
				0.922,
				1.233,
				1.083,
				1.233,
				1,
				1.278,
				1.233,
				1.472,
				-2.898,
				1.667,
				-2.898,
				1,
				1.839,
				-2.898,
				2.011,
				4.069,
				2.183,
				4.069,
				1,
				2.35,
				4.069,
				2.517,
				-3.938,
				2.683,
				-3.938,
				1,
				2.856,
				-3.938,
				3.028,
				3.445,
				3.2,
				3.445,
				1,
				3.372,
				3.445,
				3.544,
				-2.762,
				3.717,
				-2.762,
				1,
				3.867,
				-2.762,
				4.017,
				1.558,
				4.167,
				1.558,
				1,
				4.283,
				1.558,
				4.4,
				-1.55,
				4.517,
				-1.55,
				1,
				4.639,
				-1.55,
				4.761,
				3.42,
				4.883,
				3.42,
				0,
				4.9,
				3.42
			]
		},
		{
			"Target": "Parameter",
			"Id": "Param_Angle_Rotation_8_rr_h",
			"Segments": [
				0,
				-0.781,
				1,
				0.089,
				-0.781,
				0.178,
				2.19,
				0.267,
				2.19,
				1,
				0.417,
				2.19,
				0.567,
				-1.28,
				0.717,
				-1.28,
				1,
				0.883,
				-1.28,
				1.05,
				1.334,
				1.217,
				1.334,
				1,
				1.406,
				1.334,
				1.594,
				-2.527,
				1.783,
				-2.527,
				1,
				1.95,
				-2.527,
				2.117,
				3.506,
				2.283,
				3.506,
				1,
				2.45,
				3.506,
				2.617,
				-3.453,
				2.783,
				-3.453,
				1,
				2.956,
				-3.453,
				3.128,
				3.043,
				3.3,
				3.043,
				1,
				3.472,
				3.043,
				3.644,
				-2.412,
				3.817,
				-2.412,
				1,
				3.972,
				-2.412,
				4.128,
				1.587,
				4.283,
				1.587,
				1,
				4.406,
				1.587,
				4.528,
				-1.776,
				4.65,
				-1.776,
				1,
				4.728,
				-1.776,
				4.806,
				1.807,
				4.883,
				1.807,
				0,
				4.9,
				1.807
			]
		},
		{
			"Target": "Parameter",
			"Id": "Param_Angle_Rotation_9_rr_h",
			"Segments": [
				0,
				-3.118,
				1,
				0.128,
				-3.118,
				0.256,
				2.977,
				0.383,
				2.977,
				1,
				0.539,
				2.977,
				0.694,
				-1.693,
				0.85,
				-1.693,
				1,
				1,
				-1.693,
				1.15,
				1.744,
				1.3,
				1.744,
				1,
				1.489,
				1.744,
				1.678,
				-3.09,
				1.867,
				-3.09,
				1,
				2.033,
				-3.09,
				2.2,
				4.059,
				2.367,
				4.059,
				1,
				2.539,
				4.059,
				2.711,
				-4.082,
				2.883,
				-4.082,
				1,
				3.056,
				-4.082,
				3.228,
				3.801,
				3.4,
				3.801,
				1,
				3.578,
				3.801,
				3.756,
				-3.403,
				3.933,
				-3.403,
				1,
				4.094,
				-3.403,
				4.256,
				2.184,
				4.417,
				2.184,
				1,
				4.533,
				2.184,
				4.65,
				-1.969,
				4.767,
				-1.969,
				1,
				4.806,
				-1.969,
				4.844,
				-0.615,
				4.883,
				-0.615,
				0,
				4.9,
				-0.615
			]
		},
		{
			"Target": "Parameter",
			"Id": "Param_Angle_Rotation_10_rr_h",
			"Segments": [
				0,
				-4.157,
				1,
				0.167,
				-4.157,
				0.333,
				3.284,
				0.5,
				3.284,
				1,
				0.656,
				3.284,
				0.811,
				-2.031,
				0.967,
				-2.031,
				1,
				1.117,
				-2.031,
				1.267,
				2.101,
				1.417,
				2.101,
				1,
				1.594,
				2.101,
				1.772,
				-3.258,
				1.95,
				-3.258,
				1,
				2.111,
				-3.258,
				2.272,
				3.955,
				2.433,
				3.955,
				1,
				2.611,
				3.955,
				2.789,
				-4.044,
				2.967,
				-4.044,
				1,
				3.144,
				-4.044,
				3.322,
				3.886,
				3.5,
				3.886,
				1,
				3.683,
				3.886,
				3.867,
				-3.643,
				4.05,
				-3.643,
				1,
				4.211,
				-3.643,
				4.372,
				2.475,
				4.533,
				2.475,
				1,
				4.65,
				2.475,
				4.767,
				-2.206,
				4.883,
				-2.206,
				0,
				4.9,
				-2.206
			]
		},
		{
			"Target": "Parameter",
			"Id": "Param_Angle_Rotation_11_rr_h",
			"Segments": [
				0,
				-4.157,
				1,
				0.167,
				-4.157,
				0.333,
				3.284,
				0.5,
				3.284,
				1,
				0.656,
				3.284,
				0.811,
				-2.031,
				0.967,
				-2.031,
				1,
				1.117,
				-2.031,
				1.267,
				2.101,
				1.417,
				2.101,
				1,
				1.594,
				2.101,
				1.772,
				-3.258,
				1.95,
				-3.258,
				1,
				2.111,
				-3.258,
				2.272,
				3.955,
				2.433,
				3.955,
				1,
				2.611,
				3.955,
				2.789,
				-4.044,
				2.967,
				-4.044,
				1,
				3.144,
				-4.044,
				3.322,
				3.886,
				3.5,
				3.886,
				1,
				3.683,
				3.886,
				3.867,
				-3.643,
				4.05,
				-3.643,
				1,
				4.211,
				-3.643,
				4.372,
				2.475,
				4.533,
				2.475,
				1,
				4.65,
				2.475,
				4.767,
				-2.206,
				4.883,
				-2.206,
				0,
				4.9,
				-2.206
			]
		},
		{
			"Target": "Parameter",
			"Id": "Param_Angle_Rotation_1_shadow_m",
			"Segments": [
				0,
				-0.108,
				1,
				0.067,
				-0.108,
				0.133,
				-0.106,
				0.2,
				-0.106,
				1,
				0.383,
				-0.106,
				0.567,
				-0.347,
				0.75,
				-0.347,
				1,
				0.922,
				-0.347,
				1.094,
				0.082,
				1.267,
				0.082,
				1,
				1.461,
				0.082,
				1.656,
				-0.221,
				1.85,
				-0.221,
				1,
				2.017,
				-0.221,
				2.183,
				-0.058,
				2.35,
				-0.058,
				1,
				2.511,
				-0.058,
				2.672,
				-0.218,
				2.833,
				-0.218,
				1,
				2.944,
				-0.218,
				3.056,
				-0.156,
				3.167,
				-0.156,
				1,
				3.272,
				-0.156,
				3.378,
				-0.219,
				3.483,
				-0.219,
				1,
				3.617,
				-0.219,
				3.75,
				0.143,
				3.883,
				0.143,
				1,
				4.028,
				0.143,
				4.172,
				-0.276,
				4.317,
				-0.276,
				1,
				4.494,
				-0.276,
				4.672,
				-0.031,
				4.85,
				-0.031,
				1,
				4.861,
				-0.031,
				4.872,
				-0.033,
				4.883,
				-0.033,
				0,
				4.9,
				-0.033
			]
		},
		{
			"Target": "Parameter",
			"Id": "Param_Angle_Rotation_2_shadow_m",
			"Segments": [
				0,
				-0.108,
				1,
				0.067,
				-0.108,
				0.133,
				-0.106,
				0.2,
				-0.106,
				1,
				0.383,
				-0.106,
				0.567,
				-0.347,
				0.75,
				-0.347,
				1,
				0.922,
				-0.347,
				1.094,
				0.082,
				1.267,
				0.082,
				1,
				1.461,
				0.082,
				1.656,
				-0.221,
				1.85,
				-0.221,
				1,
				2.017,
				-0.221,
				2.183,
				-0.058,
				2.35,
				-0.058,
				1,
				2.511,
				-0.058,
				2.672,
				-0.218,
				2.833,
				-0.218,
				1,
				2.944,
				-0.218,
				3.056,
				-0.156,
				3.167,
				-0.156,
				1,
				3.272,
				-0.156,
				3.378,
				-0.219,
				3.483,
				-0.219,
				1,
				3.617,
				-0.219,
				3.75,
				0.143,
				3.883,
				0.143,
				1,
				4.028,
				0.143,
				4.172,
				-0.276,
				4.317,
				-0.276,
				1,
				4.494,
				-0.276,
				4.672,
				-0.031,
				4.85,
				-0.031,
				1,
				4.861,
				-0.031,
				4.872,
				-0.033,
				4.883,
				-0.033,
				0,
				4.9,
				-0.033
			]
		},
		{
			"Target": "Parameter",
			"Id": "Param_Angle_Rotation_3_shadow_m",
			"Segments": [
				0,
				-0.01,
				1,
				0.017,
				-0.01,
				0.033,
				-0.011,
				0.05,
				-0.011,
				1,
				0.239,
				-0.011,
				0.428,
				0.133,
				0.617,
				0.133,
				1,
				0.778,
				0.133,
				0.939,
				-0.274,
				1.1,
				-0.274,
				1,
				1.256,
				-0.274,
				1.411,
				0.229,
				1.567,
				0.229,
				1,
				1.744,
				0.229,
				1.922,
				-0.147,
				2.1,
				-0.147,
				1,
				2.278,
				-0.147,
				2.456,
				0.142,
				2.633,
				0.142,
				1,
				2.783,
				0.142,
				2.933,
				-0.098,
				3.083,
				-0.098,
				1,
				3.206,
				-0.098,
				3.328,
				0.078,
				3.45,
				0.078,
				1,
				3.567,
				0.078,
				3.683,
				-0.257,
				3.8,
				-0.257,
				1,
				3.928,
				-0.257,
				4.056,
				0.328,
				4.183,
				0.328,
				1,
				4.328,
				0.328,
				4.472,
				-0.243,
				4.617,
				-0.243,
				1,
				4.706,
				-0.243,
				4.794,
				-0.007,
				4.883,
				-0.007,
				0,
				4.9,
				-0.007
			]
		},
		{
			"Target": "Parameter",
			"Id": "Param_Angle_Rotation_4_shadow_m",
			"Segments": [
				0,
				0.019,
				1,
				0.078,
				0.019,
				0.156,
				-0.109,
				0.233,
				-0.109,
				1,
				0.422,
				-0.109,
				0.611,
				0.531,
				0.8,
				0.531,
				1,
				0.961,
				0.531,
				1.122,
				-1.205,
				1.283,
				-1.205,
				1,
				1.444,
				-1.205,
				1.606,
				1.252,
				1.767,
				1.252,
				1,
				1.939,
				1.252,
				2.111,
				-0.93,
				2.283,
				-0.93,
				1,
				2.461,
				-0.93,
				2.639,
				0.798,
				2.817,
				0.798,
				1,
				2.972,
				0.798,
				3.128,
				-0.588,
				3.283,
				-0.588,
				1,
				3.411,
				-0.588,
				3.539,
				0.363,
				3.667,
				0.363,
				1,
				3.783,
				0.363,
				3.9,
				-0.931,
				4.017,
				-0.931,
				1,
				4.144,
				-0.931,
				4.272,
				1.435,
				4.4,
				1.435,
				1,
				4.55,
				1.435,
				4.7,
				-1.334,
				4.85,
				-1.334,
				1,
				4.861,
				-1.334,
				4.872,
				-1.297,
				4.883,
				-1.297,
				0,
				4.9,
				-1.297
			]
		},
		{
			"Target": "Parameter",
			"Id": "Param_Angle_Rotation_5_shadow_m",
			"Segments": [
				0,
				0.409,
				1,
				0.117,
				0.409,
				0.233,
				-0.296,
				0.35,
				-0.296,
				1,
				0.544,
				-0.296,
				0.739,
				0.628,
				0.933,
				0.628,
				1,
				1.1,
				0.628,
				1.267,
				-1.53,
				1.433,
				-1.53,
				1,
				1.6,
				-1.53,
				1.767,
				1.892,
				1.933,
				1.892,
				1,
				2.1,
				1.892,
				2.267,
				-1.616,
				2.433,
				-1.616,
				1,
				2.606,
				-1.616,
				2.778,
				1.338,
				2.95,
				1.338,
				1,
				3.117,
				1.338,
				3.283,
				-1.042,
				3.45,
				-1.042,
				1,
				3.583,
				-1.042,
				3.717,
				0.637,
				3.85,
				0.637,
				1,
				3.967,
				0.637,
				4.083,
				-1.054,
				4.2,
				-1.054,
				1,
				4.328,
				-1.054,
				4.456,
				1.864,
				4.583,
				1.864,
				1,
				4.683,
				1.864,
				4.783,
				-1.153,
				4.883,
				-1.153,
				0,
				4.9,
				-1.153
			]
		},
		{
			"Target": "Parameter",
			"Id": "Param_Angle_Rotation_6_shadow_m",
			"Segments": [
				0,
				1.064,
				1,
				0.15,
				1.064,
				0.3,
				-0.567,
				0.45,
				-0.567,
				1,
				0.639,
				-0.567,
				0.828,
				0.669,
				1.017,
				0.669,
				1,
				1.2,
				0.669,
				1.383,
				-1.628,
				1.567,
				-1.628,
				1,
				1.728,
				-1.628,
				1.889,
				2.273,
				2.05,
				2.273,
				1,
				2.217,
				2.273,
				2.383,
				-2.16,
				2.55,
				-2.16,
				1,
				2.717,
				-2.16,
				2.883,
				1.807,
				3.05,
				1.807,
				1,
				3.222,
				1.807,
				3.394,
				-1.434,
				3.567,
				-1.434,
				1,
				3.711,
				-1.434,
				3.856,
				1.001,
				4,
				1.001,
				1,
				4.122,
				1.001,
				4.244,
				-1.241,
				4.367,
				-1.241,
				1,
				4.494,
				-1.241,
				4.622,
				2.132,
				4.75,
				2.132,
				1,
				4.794,
				2.132,
				4.839,
				1.007,
				4.883,
				1.007,
				0,
				4.9,
				1.007
			]
		},
		{
			"Target": "Parameter",
			"Id": "Param_Angle_Rotation_7_shadow_m",
			"Segments": [
				0,
				0.851,
				1,
				0.05,
				0.851,
				0.1,
				1.813,
				0.15,
				1.813,
				1,
				0.3,
				1.813,
				0.45,
				-0.849,
				0.6,
				-0.849,
				1,
				0.761,
				-0.849,
				0.922,
				1.027,
				1.083,
				1.027,
				1,
				1.278,
				1.027,
				1.472,
				-2.415,
				1.667,
				-2.415,
				1,
				1.839,
				-2.415,
				2.011,
				3.391,
				2.183,
				3.391,
				1,
				2.35,
				3.391,
				2.517,
				-3.282,
				2.683,
				-3.282,
				1,
				2.856,
				-3.282,
				3.028,
				2.871,
				3.2,
				2.871,
				1,
				3.372,
				2.871,
				3.544,
				-2.302,
				3.717,
				-2.302,
				1,
				3.867,
				-2.302,
				4.017,
				1.299,
				4.167,
				1.299,
				1,
				4.283,
				1.299,
				4.4,
				-1.292,
				4.517,
				-1.292,
				1,
				4.639,
				-1.292,
				4.761,
				2.85,
				4.883,
				2.85,
				0,
				4.9,
				2.85
			]
		},
		{
			"Target": "Parameter",
			"Id": "Param_Angle_Rotation_8_shadow_m",
			"Segments": [
				0,
				-0.781,
				1,
				0.089,
				-0.781,
				0.178,
				2.19,
				0.267,
				2.19,
				1,
				0.417,
				2.19,
				0.567,
				-1.28,
				0.717,
				-1.28,
				1,
				0.883,
				-1.28,
				1.05,
				1.334,
				1.217,
				1.334,
				1,
				1.406,
				1.334,
				1.594,
				-2.527,
				1.783,
				-2.527,
				1,
				1.95,
				-2.527,
				2.117,
				3.506,
				2.283,
				3.506,
				1,
				2.45,
				3.506,
				2.617,
				-3.453,
				2.783,
				-3.453,
				1,
				2.956,
				-3.453,
				3.128,
				3.043,
				3.3,
				3.043,
				1,
				3.472,
				3.043,
				3.644,
				-2.412,
				3.817,
				-2.412,
				1,
				3.972,
				-2.412,
				4.128,
				1.587,
				4.283,
				1.587,
				1,
				4.406,
				1.587,
				4.528,
				-1.776,
				4.65,
				-1.776,
				1,
				4.728,
				-1.776,
				4.806,
				1.807,
				4.883,
				1.807,
				0,
				4.9,
				1.807
			]
		},
		{
			"Target": "Parameter",
			"Id": "Param_Angle_Rotation_9_shadow_m",
			"Segments": [
				0,
				-3.118,
				1,
				0.128,
				-3.118,
				0.256,
				2.977,
				0.383,
				2.977,
				1,
				0.539,
				2.977,
				0.694,
				-1.693,
				0.85,
				-1.693,
				1,
				1,
				-1.693,
				1.15,
				1.744,
				1.3,
				1.744,
				1,
				1.489,
				1.744,
				1.678,
				-3.09,
				1.867,
				-3.09,
				1,
				2.033,
				-3.09,
				2.2,
				4.059,
				2.367,
				4.059,
				1,
				2.539,
				4.059,
				2.711,
				-4.082,
				2.883,
				-4.082,
				1,
				3.056,
				-4.082,
				3.228,
				3.801,
				3.4,
				3.801,
				1,
				3.578,
				3.801,
				3.756,
				-3.403,
				3.933,
				-3.403,
				1,
				4.094,
				-3.403,
				4.256,
				2.184,
				4.417,
				2.184,
				1,
				4.533,
				2.184,
				4.65,
				-1.969,
				4.767,
				-1.969,
				1,
				4.806,
				-1.969,
				4.844,
				-0.615,
				4.883,
				-0.615,
				0,
				4.9,
				-0.615
			]
		}
	]
}