{
	"Version": 3,
	"Meta": {
		"Duration": 2.4,
		"Fps": 30.0,
		"Loop": true,
		"AreBeziersRestricted": false,
		"CurveCount": 74,
		"TotalSegmentCount": 475,
		"TotalPointCount": 1499,
		"UserDataCount": 0,
		"TotalUserDataSize": 0
	},
	"Curves": [
		{
			"Target": "Parameter",
			"Id": "ParamAngleX",
			"Segments": [
				0,
				0,
				1,
				0.089,
				0,
				0.178,
				0,
				0.267,
				0,
				1,
				0.289,
				0,
				0.311,
				0,
				0.333,
				0,
				1,
				0.478,
				0,
				0.622,
				16,
				0.767,
				16,
				1,
				0.967,
				16,
				1.167,
				-14,
				1.367,
				-14,
				1,
				1.489,
				-14,
				1.611,
				0,
				1.733,
				0,
				1,
				1.811,
				0,
				1.889,
				0,
				1.967,
				0,
				1,
				2.111,
				0,
				2.256,
				0,
				2.4,
				0
			]
		},
		{
			"Target": "Parameter",
			"Id": "ParamAngleY",
			"Segments": [
				0,
				0,
				1,
				0.089,
				0,
				0.178,
				0,
				0.267,
				0,
				1,
				0.289,
				0,
				0.311,
				0,
				0.333,
				0,
				1,
				0.478,
				0,
				0.622,
				-15.822,
				0.767,
				-18,
				1,
				0.967,
				-21.016,
				1.167,
				-21,
				1.367,
				-21,
				1,
				1.489,
				-21,
				1.611,
				0,
				1.733,
				0,
				1,
				1.811,
				0,
				1.889,
				0,
				1.967,
				0,
				1,
				2.111,
				0,
				2.256,
				0,
				2.4,
				0
			]
		},
		{
			"Target": "Parameter",
			"Id": "ParamAngleZ",
			"Segments": [
				0,
				0,
				1,
				0.089,
				0,
				0.178,
				0,
				0.267,
				0,
				1,
				0.289,
				0,
				0.311,
				0,
				0.333,
				0,
				1,
				0.478,
				0,
				0.622,
				14,
				0.767,
				14,
				1,
				0.967,
				14,
				1.167,
				-15,
				1.367,
				-15,
				1,
				1.489,
				-15,
				1.611,
				0,
				1.733,
				0,
				1,
				1.811,
				0,
				1.889,
				0,
				1.967,
				0,
				1,
				2.111,
				0,
				2.256,
				0,
				2.4,
				0
			]
		},
		{
			"Target": "Parameter",
			"Id": "ParamEyeLOpen",
			"Segments": [
				0,
				1,
				1,
				0.433,
				1,
				0.867,
				1,
				1.3,
				1,
				1,
				1.444,
				1,
				1.589,
				0,
				1.733,
				0,
				1,
				1.811,
				0,
				1.889,
				1,
				1.967,
				1,
				1,
				2.111,
				1,
				2.256,
				1,
				2.4,
				1
			]
		},
		{
			"Target": "Parameter",
			"Id": "ParamEyeLSmile",
			"Segments": [
				0,
				0,
				1,
				0.656,
				0,
				1.311,
				0,
				1.967,
				0,
				1,
				2.111,
				0,
				2.256,
				0,
				2.4,
				0
			]
		},
		{
			"Target": "Parameter",
			"Id": "ParamEyeROpen",
			"Segments": [
				0,
				1,
				1,
				0.433,
				1,
				0.867,
				1,
				1.3,
				1,
				1,
				1.444,
				1,
				1.589,
				0,
				1.733,
				0,
				1,
				1.811,
				0,
				1.889,
				1,
				1.967,
				1,
				1,
				2.111,
				1,
				2.256,
				1,
				2.4,
				1
			]
		},
		{
			"Target": "Parameter",
			"Id": "ParamEyeRSmile",
			"Segments": [
				0,
				0,
				1,
				0.656,
				0,
				1.311,
				0,
				1.967,
				0,
				1,
				2.111,
				0,
				2.256,
				0,
				2.4,
				0
			]
		},
		{
			"Target": "Parameter",
			"Id": "ParamEyeBallX",
			"Segments": [
				0,
				0,
				1,
				0.656,
				0,
				1.311,
				0,
				1.967,
				0,
				1,
				2.111,
				0,
				2.256,
				0,
				2.4,
				0
			]
		},
		{
			"Target": "Parameter",
			"Id": "ParamEyeBallY",
			"Segments": [
				0,
				0,
				1,
				0.656,
				0,
				1.311,
				0,
				1.967,
				0,
				1,
				2.111,
				0,
				2.256,
				0,
				2.4,
				0
			]
		},
		{
			"Target": "Parameter",
			"Id": "ParamBrowLY",
			"Segments": [
				0,
				0,
				1,
				0.656,
				0,
				1.311,
				0,
				1.967,
				0,
				1,
				2.111,
				0,
				2.256,
				0,
				2.4,
				0
			]
		},
		{
			"Target": "Parameter",
			"Id": "ParamBrowRForm",
			"Segments": [
				0,
				0,
				1,
				0.656,
				0,
				1.311,
				0,
				1.967,
				0,
				1,
				2.111,
				0,
				2.256,
				0,
				2.4,
				0
			]
		},
		{
			"Target": "Parameter",
			"Id": "ParamMouthForm",
			"Segments": [
				0,
				-1,
				1,
				0.033,
				-1,
				0.067,
				0.078,
				0.1,
				0.2,
				1,
				0.133,
				0.322,
				0.167,
				0.294,
				0.2,
				0.4,
				1,
				0.233,
				0.506,
				0.267,
				0.8,
				0.3,
				0.8,
				1,
				0.367,
				0.8,
				0.433,
				0.7,
				0.5,
				0.7,
				1,
				0.567,
				0.7,
				0.633,
				1,
				0.7,
				1,
				1,
				0.744,
				1,
				0.789,
				0,
				0.833,
				0,
				1,
				0.9,
				0,
				0.967,
				0,
				1.033,
				0,
				1,
				1.067,
				0,
				1.1,
				-1,
				1.133,
				-1,
				1,
				1.2,
				-1,
				1.267,
				-1,
				1.333,
				-1,
				1,
				1.4,
				-1,
				1.467,
				0.5,
				1.533,
				0.5,
				1,
				1.567,
				0.5,
				1.6,
				0,
				1.633,
				0,
				1,
				1.678,
				0,
				1.722,
				1,
				1.767,
				1,
				1,
				1.811,
				1,
				1.856,
				0.875,
				1.9,
				0.2,
				1,
				1.922,
				-0.138,
				1.944,
				-1,
				1.967,
				-1,
				1,
				2.111,
				-1,
				2.256,
				-1,
				2.4,
				-1
			]
		},
		{
			"Target": "Parameter",
			"Id": "ParamMouthOpenY",
			"Segments": [
				0,
				0,
				1,
				0.033,
				0,
				0.067,
				0.389,
				0.1,
				0.5,
				1,
				0.133,
				0.611,
				0.167,
				0.6,
				0.2,
				0.6,
				1,
				0.233,
				0.6,
				0.267,
				0.346,
				0.3,
				0.3,
				1,
				0.367,
				0.208,
				0.433,
				0.2,
				0.5,
				0.2,
				1,
				0.567,
				0.2,
				0.633,
				1,
				0.7,
				1,
				1,
				0.744,
				1,
				0.789,
				1,
				0.833,
				1,
				1,
				0.9,
				1,
				0.967,
				1,
				1.033,
				1,
				1,
				1.067,
				1,
				1.1,
				0,
				1.133,
				0,
				1,
				1.2,
				0,
				1.267,
				0,
				1.333,
				0,
				1,
				1.4,
				0,
				1.467,
				0.5,
				1.533,
				0.5,
				1,
				1.567,
				0.5,
				1.6,
				0,
				1.633,
				0,
				1,
				1.678,
				0,
				1.722,
				0.781,
				1.767,
				0.9,
				1,
				1.811,
				1.019,
				1.856,
				1,
				1.9,
				1,
				1,
				1.922,
				1,
				1.944,
				0,
				1.967,
				0,
				1,
				2.111,
				0,
				2.256,
				0,
				2.4,
				0
			]
		},
		{
			"Target": "Parameter",
			"Id": "ParamBodyAngleX",
			"Segments": [
				0,
				0,
				1,
				0.089,
				0,
				0.178,
				0,
				0.267,
				0,
				1,
				0.289,
				0,
				0.311,
				0,
				0.333,
				0,
				1,
				0.478,
				0,
				0.622,
				8,
				0.767,
				8,
				1,
				0.967,
				8,
				1.167,
				-3,
				1.367,
				-3,
				1,
				1.489,
				-3,
				1.611,
				0,
				1.733,
				0,
				1,
				1.811,
				0,
				1.889,
				0,
				1.967,
				0,
				1,
				2.111,
				0,
				2.256,
				0,
				2.4,
				0
			]
		},
		{
			"Target": "Parameter",
			"Id": "ParamBodyAngleZ",
			"Segments": [
				0,
				0,
				1,
				0.089,
				0,
				0.178,
				0,
				0.267,
				0,
				1,
				0.289,
				0,
				0.311,
				0,
				0.333,
				0,
				1,
				0.478,
				0,
				0.622,
				7,
				0.767,
				7,
				1,
				0.967,
				7,
				1.167,
				-5,
				1.367,
				-5,
				1,
				1.489,
				-5,
				1.611,
				0,
				1.733,
				0,
				1,
				1.811,
				0,
				1.889,
				0,
				1.967,
				0,
				1,
				2.111,
				0,
				2.256,
				0,
				2.4,
				0
			]
		},
		{
			"Target": "Parameter",
			"Id": "ParamBreath",
			"Segments": [
				0,
				0,
				1,
				0.656,
				0,
				1.311,
				0,
				1.967,
				0,
				1,
				2.111,
				0,
				2.256,
				0,
				2.4,
				0
			]
		},
		{
			"Target": "Parameter",
			"Id": "Param",
			"Segments": [
				0,
				1,
				1,
				0.8,
				1,
				1.6,
				1,
				2.4,
				1
			]
		},
		{
			"Target": "Parameter",
			"Id": "Param2",
			"Segments": [
				0,
				0,
				1,
				0.656,
				0,
				1.311,
				0,
				1.967,
				0,
				1,
				2.111,
				0,
				2.256,
				0,
				2.4,
				0
			]
		},
		{
			"Target": "Parameter",
			"Id": "Param5",
			"Segments": [
				0,
				0,
				1,
				0.656,
				0,
				1.311,
				0,
				1.967,
				0,
				1,
				2.111,
				0,
				2.256,
				0,
				2.4,
				0
			]
		},
		{
			"Target": "Parameter",
			"Id": "Param3",
			"Segments": [
				0,
				0,
				1,
				0.656,
				0,
				1.311,
				0,
				1.967,
				0,
				1,
				2.111,
				0,
				2.256,
				0,
				2.4,
				0
			]
		},
		{
			"Target": "Parameter",
			"Id": "Param15",
			"Segments": [
				0,
				0,
				1,
				0.8,
				0,
				1.6,
				0,
				2.4,
				0
			]
		},
		{
			"Target": "Parameter",
			"Id": "Param14",
			"Segments": [
				0,
				0,
				1,
				0.656,
				0,
				1.311,
				0,
				1.967,
				0,
				1,
				2.111,
				0,
				2.256,
				0,
				2.4,
				0
			]
		},
		{
			"Target": "Parameter",
			"Id": "Param4",
			"Segments": [
				0,
				0,
				1,
				0.8,
				0,
				1.6,
				0,
				2.4,
				0
			]
		},
		{
			"Target": "Parameter",
			"Id": "Param10",
			"Segments": [
				0,
				0,
				1,
				0.022,
				0,
				0.044,
				-7,
				0.067,
				-7,
				1,
				0.089,
				-7,
				0.111,
				8,
				0.133,
				8,
				1,
				0.156,
				8,
				0.178,
				4.793,
				0.2,
				0,
				1,
				0.211,
				-2.396,
				0.222,
				-3,
				0.233,
				-3,
				1,
				0.244,
				-3,
				0.256,
				0,
				0.267,
				0,
				1,
				0.978,
				0,
				1.689,
				0,
				2.4,
				0
			]
		},
		{
			"Target": "Parameter",
			"Id": "Param13",
			"Segments": [
				0,
				0,
				1,
				0.8,
				0,
				1.6,
				0,
				2.4,
				0
			]
		},
		{
			"Target": "Parameter",
			"Id": "Param_Angle_Rotation_1_ArtMesh29",
			"Segments": [
				0,
				0.053,
				1,
				0.122,
				0.053,
				0.244,
				0.05,
				0.367,
				0,
				1,
				0.422,
				-0.023,
				0.478,
				-0.657,
				0.533,
				-0.657,
				1,
				0.678,
				-0.657,
				0.822,
				5.075,
				0.967,
				5.075,
				1,
				1.167,
				5.075,
				1.367,
				-7.27,
				1.567,
				-7.27,
				1,
				1.667,
				-7.27,
				1.767,
				2.702,
				1.867,
				2.702,
				1,
				1.967,
				2.702,
				2.067,
				-0.533,
				2.167,
				-0.533,
				1,
				2.244,
				-0.533,
				2.322,
				-0.318,
				2.4,
				-0.06
			]
		},
		{
			"Target": "Parameter",
			"Id": "Param_Angle_Rotation_2_ArtMesh29",
			"Segments": [
				0,
				-0.445,
				1,
				0.122,
				-0.445,
				0.244,
				-0.35,
				0.367,
				0,
				1,
				0.411,
				0.127,
				0.456,
				0.379,
				0.5,
				0.379,
				1,
				0.589,
				0.379,
				0.678,
				-1.342,
				0.767,
				-1.342,
				1,
				0.9,
				-1.342,
				1.033,
				1.782,
				1.167,
				1.782,
				1,
				1.244,
				1.782,
				1.322,
				0.613,
				1.4,
				0.613,
				1,
				1.433,
				0.613,
				1.467,
				1.194,
				1.5,
				1.194,
				1,
				1.589,
				1.194,
				1.678,
				-3.976,
				1.767,
				-3.976,
				1,
				1.844,
				-3.976,
				1.922,
				2.689,
				2,
				2.689,
				1,
				2.1,
				2.689,
				2.2,
				-0.993,
				2.3,
				-0.993,
				1,
				2.333,
				-0.993,
				2.367,
				-0.902,
				2.4,
				-0.694
			]
		},
		{
			"Target": "Parameter",
			"Id": "Param_Angle_Rotation_3_ArtMesh29",
			"Segments": [
				0,
				-2.181,
				1,
				0.133,
				-2.181,
				0.267,
				-1.059,
				0.4,
				0,
				1,
				0.456,
				0.441,
				0.511,
				0.403,
				0.567,
				0.403,
				1,
				0.667,
				0.403,
				0.767,
				-2.222,
				0.867,
				-2.222,
				1,
				0.989,
				-2.222,
				1.111,
				3.16,
				1.233,
				3.16,
				1,
				1.311,
				3.16,
				1.389,
				0.884,
				1.467,
				0.884,
				1,
				1.5,
				0.884,
				1.533,
				1.04,
				1.567,
				1.04,
				1,
				1.656,
				1.04,
				1.744,
				-5.781,
				1.833,
				-5.781,
				1,
				1.933,
				-5.781,
				2.033,
				4.771,
				2.133,
				4.771,
				1,
				2.222,
				4.771,
				2.311,
				-2.289,
				2.4,
				-2.289
			]
		},
		{
			"Target": "Parameter",
			"Id": "Param_Angle_Rotation_4_ArtMesh29",
			"Segments": [
				0,
				-2.057,
				1,
				0.133,
				-2.057,
				0.267,
				-0.682,
				0.4,
				0,
				1,
				0.478,
				0.398,
				0.556,
				0.323,
				0.633,
				0.323,
				1,
				0.733,
				0.323,
				0.833,
				-2.405,
				0.933,
				-2.405,
				1,
				1.056,
				-2.405,
				1.178,
				3.705,
				1.3,
				3.705,
				1,
				1.5,
				3.705,
				1.7,
				-5.658,
				1.9,
				-5.658,
				1,
				2,
				-5.658,
				2.1,
				5.498,
				2.2,
				5.498,
				1,
				2.267,
				5.498,
				2.333,
				2.943,
				2.4,
				-0.355
			]
		},
		{
			"Target": "Parameter",
			"Id": "Param_Angle_Rotation_5_ArtMesh29",
			"Segments": [
				0,
				2.599,
				1,
				0.133,
				2.599,
				0.267,
				0,
				0.4,
				0,
				1,
				0.5,
				0,
				0.6,
				0.364,
				0.7,
				0.364,
				1,
				0.8,
				0.364,
				0.9,
				-3.379,
				1,
				-3.379,
				1,
				1.122,
				-3.379,
				1.244,
				5.744,
				1.367,
				5.744,
				1,
				1.567,
				5.744,
				1.767,
				-7.339,
				1.967,
				-7.339,
				1,
				2.078,
				-7.339,
				2.189,
				8.453,
				2.3,
				8.453,
				1,
				2.333,
				8.453,
				2.367,
				7.486,
				2.4,
				5.258
			]
		},
		{
			"Target": "Parameter",
			"Id": "Param_Angle_Rotation_6_ArtMesh29",
			"Segments": [
				0,
				2.599,
				1,
				0.133,
				2.599,
				0.267,
				0,
				0.4,
				0,
				1,
				0.5,
				0,
				0.6,
				0.364,
				0.7,
				0.364,
				1,
				0.8,
				0.364,
				0.9,
				-3.379,
				1,
				-3.379,
				1,
				1.122,
				-3.379,
				1.244,
				5.744,
				1.367,
				5.744,
				1,
				1.567,
				5.744,
				1.767,
				-7.339,
				1.967,
				-7.339,
				1,
				2.078,
				-7.339,
				2.189,
				8.453,
				2.3,
				8.453,
				1,
				2.333,
				8.453,
				2.367,
				7.486,
				2.4,
				5.258
			]
		},
		{
			"Target": "Parameter",
			"Id": "Param_Angle_Rotation_7_ArtMesh29",
			"Segments": [
				0,
				2.599,
				1,
				0.133,
				2.599,
				0.267,
				0,
				0.4,
				0,
				1,
				0.5,
				0,
				0.6,
				0.364,
				0.7,
				0.364,
				1,
				0.8,
				0.364,
				0.9,
				-3.379,
				1,
				-3.379,
				1,
				1.122,
				-3.379,
				1.244,
				5.744,
				1.367,
				5.744,
				1,
				1.567,
				5.744,
				1.767,
				-7.339,
				1.967,
				-7.339,
				1,
				2.078,
				-7.339,
				2.189,
				8.453,
				2.3,
				8.453,
				1,
				2.333,
				8.453,
				2.367,
				7.486,
				2.4,
				5.258
			]
		},
		{
			"Target": "Parameter",
			"Id": "Param_Angle_Rotation_1_ArtMesh28",
			"Segments": [
				0,
				0.079,
				1,
				0.122,
				0.079,
				0.244,
				0.075,
				0.367,
				0,
				1,
				0.422,
				-0.034,
				0.478,
				-0.682,
				0.533,
				-0.682,
				1,
				0.678,
				-0.682,
				0.822,
				5.115,
				0.967,
				5.115,
				1,
				1.167,
				5.115,
				1.367,
				-7.343,
				1.567,
				-7.343,
				1,
				1.667,
				-7.343,
				1.767,
				2.325,
				1.867,
				2.325,
				1,
				1.967,
				2.325,
				2.067,
				-0.401,
				2.167,
				-0.401,
				1,
				2.244,
				-0.401,
				2.322,
				-0.225,
				2.4,
				-0.013
			]
		},
		{
			"Target": "Parameter",
			"Id": "Param_Angle_Rotation_2_ArtMesh28",
			"Segments": [
				0,
				-0.33,
				1,
				0.122,
				-0.33,
				0.244,
				-0.269,
				0.367,
				0,
				1,
				0.411,
				0.098,
				0.456,
				0.393,
				0.5,
				0.393,
				1,
				0.589,
				0.393,
				0.678,
				-1.353,
				0.767,
				-1.353,
				1,
				0.9,
				-1.353,
				1.033,
				1.777,
				1.167,
				1.777,
				1,
				1.244,
				1.777,
				1.322,
				0.852,
				1.4,
				0.852,
				1,
				1.433,
				0.852,
				1.467,
				1.443,
				1.5,
				1.443,
				1,
				1.589,
				1.443,
				1.678,
				-4.01,
				1.767,
				-4.01,
				1,
				1.856,
				-4.01,
				1.944,
				2.348,
				2.033,
				2.348,
				1,
				2.122,
				2.348,
				2.211,
				-0.733,
				2.3,
				-0.733,
				1,
				2.333,
				-0.733,
				2.367,
				-0.666,
				2.4,
				-0.513
			]
		},
		{
			"Target": "Parameter",
			"Id": "Param_Angle_Rotation_3_ArtMesh28",
			"Segments": [
				0,
				3.018,
				1,
				0.133,
				3.018,
				0.267,
				0,
				0.4,
				0,
				1,
				0.456,
				0,
				0.511,
				0.415,
				0.567,
				0.415,
				1,
				0.667,
				0.415,
				0.767,
				-2.227,
				0.867,
				-2.227,
				1,
				0.989,
				-2.227,
				1.111,
				3.071,
				1.233,
				3.071,
				1,
				1.311,
				3.071,
				1.389,
				1.377,
				1.467,
				1.377,
				1,
				1.5,
				1.377,
				1.533,
				1.478,
				1.567,
				1.478,
				1,
				1.656,
				1.478,
				1.744,
				-5.777,
				1.833,
				-5.777,
				1,
				1.933,
				-5.777,
				2.033,
				4.078,
				2.133,
				4.078,
				1,
				2.222,
				4.078,
				2.311,
				3.841,
				2.4,
				3.254
			]
		},
		{
			"Target": "Parameter",
			"Id": "Param_Angle_Rotation_4_ArtMesh28",
			"Segments": [
				0,
				-0.506,
				1,
				0.133,
				-0.506,
				0.267,
				-0.351,
				0.4,
				0,
				1,
				0.478,
				0.205,
				0.556,
				0.329,
				0.633,
				0.329,
				1,
				0.744,
				0.329,
				0.856,
				-2.361,
				0.967,
				-2.361,
				1,
				1.089,
				-2.361,
				1.211,
				3.523,
				1.333,
				3.523,
				1,
				1.533,
				3.523,
				1.733,
				-5.647,
				1.933,
				-5.647,
				1,
				2.033,
				-5.647,
				2.133,
				4.685,
				2.233,
				4.685,
				1,
				2.289,
				4.685,
				2.344,
				3.177,
				2.4,
				0.927
			]
		},
		{
			"Target": "Parameter",
			"Id": "Param_Angle_Rotation_5_ArtMesh28",
			"Segments": [
				0,
				4.142,
				1,
				0.133,
				4.142,
				0.267,
				0,
				0.4,
				0,
				1,
				0.5,
				0,
				0.6,
				0.369,
				0.7,
				0.369,
				1,
				0.811,
				0.369,
				0.922,
				-3.309,
				1.033,
				-3.309,
				1,
				1.156,
				-3.309,
				1.278,
				5.39,
				1.4,
				5.39,
				1,
				1.6,
				5.39,
				1.8,
				-7.456,
				2,
				-7.456,
				1,
				2.111,
				-7.456,
				2.222,
				7.03,
				2.333,
				7.03,
				1,
				2.356,
				7.03,
				2.378,
				6.808,
				2.4,
				5.952
			]
		},
		{
			"Target": "Parameter",
			"Id": "Param_Angle_Rotation_6_ArtMesh28",
			"Segments": [
				0,
				4.142,
				1,
				0.133,
				4.142,
				0.267,
				0,
				0.4,
				0,
				1,
				0.5,
				0,
				0.6,
				0.369,
				0.7,
				0.369,
				1,
				0.811,
				0.369,
				0.922,
				-3.309,
				1.033,
				-3.309,
				1,
				1.156,
				-3.309,
				1.278,
				5.39,
				1.4,
				5.39,
				1,
				1.6,
				5.39,
				1.8,
				-7.456,
				2,
				-7.456,
				1,
				2.111,
				-7.456,
				2.222,
				7.03,
				2.333,
				7.03,
				1,
				2.356,
				7.03,
				2.378,
				6.808,
				2.4,
				5.952
			]
		},
		{
			"Target": "Parameter",
			"Id": "Param_Angle_Rotation_7_ArtMesh28",
			"Segments": [
				0,
				4.142,
				1,
				0.133,
				4.142,
				0.267,
				0,
				0.4,
				0,
				1,
				0.5,
				0,
				0.6,
				0.369,
				0.7,
				0.369,
				1,
				0.811,
				0.369,
				0.922,
				-3.309,
				1.033,
				-3.309,
				1,
				1.156,
				-3.309,
				1.278,
				5.39,
				1.4,
				5.39,
				1,
				1.6,
				5.39,
				1.8,
				-7.456,
				2,
				-7.456,
				1,
				2.111,
				-7.456,
				2.222,
				7.03,
				2.333,
				7.03,
				1,
				2.356,
				7.03,
				2.378,
				6.808,
				2.4,
				5.952
			]
		},
		{
			"Target": "Parameter",
			"Id": "Param_Angle_Rotation_1_ArtMesh5",
			"Segments": [
				0,
				0,
				1,
				0.8,
				0,
				1.6,
				0,
				2.4,
				0
			]
		},
		{
			"Target": "Parameter",
			"Id": "Param_Angle_Rotation_2_ArtMesh5",
			"Segments": [
				0,
				0.105,
				1,
				0.122,
				0.105,
				0.244,
				0,
				0.367,
				0,
				1,
				0.4,
				0,
				0.433,
				0.132,
				0.467,
				0.132,
				1,
				0.533,
				0.132,
				0.6,
				-0.408,
				0.667,
				-0.408,
				1,
				0.811,
				-0.408,
				0.956,
				0.469,
				1.1,
				0.469,
				1,
				1.189,
				0.469,
				1.278,
				0.134,
				1.367,
				0.134,
				1,
				1.411,
				0.134,
				1.456,
				0.34,
				1.5,
				0.34,
				1,
				1.567,
				0.34,
				1.633,
				-1.061,
				1.7,
				-1.061,
				1,
				1.778,
				-1.061,
				1.856,
				1.015,
				1.933,
				1.015,
				1,
				2.011,
				1.015,
				2.089,
				-0.419,
				2.167,
				-0.419,
				1,
				2.233,
				-0.419,
				2.3,
				0.142,
				2.367,
				0.142,
				1,
				2.378,
				0.142,
				2.389,
				0.142,
				2.4,
				0.137
			]
		},
		{
			"Target": "Parameter",
			"Id": "Param_Angle_Rotation_3_ArtMesh5",
			"Segments": [
				0,
				0.439,
				1,
				0.133,
				0.439,
				0.267,
				0,
				0.4,
				0,
				1,
				0.433,
				0,
				0.467,
				0.175,
				0.5,
				0.175,
				1,
				0.578,
				0.175,
				0.656,
				-0.901,
				0.733,
				-0.901,
				1,
				0.867,
				-0.901,
				1,
				1.05,
				1.133,
				1.05,
				1,
				1.222,
				1.05,
				1.311,
				0.164,
				1.4,
				0.164,
				1,
				1.444,
				0.164,
				1.489,
				0.504,
				1.533,
				0.504,
				1,
				1.611,
				0.504,
				1.689,
				-2.359,
				1.767,
				-2.359,
				1,
				1.844,
				-2.359,
				1.922,
				2.349,
				2,
				2.349,
				1,
				2.078,
				2.349,
				2.156,
				-1.285,
				2.233,
				-1.285,
				1,
				2.289,
				-1.285,
				2.344,
				-0.714,
				2.4,
				-0.002
			]
		},
		{
			"Target": "Parameter",
			"Id": "Param_Angle_Rotation_4_ArtMesh5",
			"Segments": [
				0,
				-1.088,
				1,
				0.133,
				-1.088,
				0.267,
				-0.552,
				0.4,
				0,
				1,
				0.456,
				0.23,
				0.511,
				0.22,
				0.567,
				0.22,
				1,
				0.644,
				0.22,
				0.722,
				-1.486,
				0.8,
				-1.486,
				1,
				0.922,
				-1.486,
				1.044,
				1.775,
				1.167,
				1.775,
				1,
				1.267,
				1.775,
				1.367,
				0.081,
				1.467,
				0.081,
				1,
				1.511,
				0.081,
				1.556,
				0.551,
				1.6,
				0.551,
				1,
				1.678,
				0.551,
				1.756,
				-3.718,
				1.833,
				-3.718,
				1,
				1.911,
				-3.718,
				1.989,
				4.155,
				2.067,
				4.155,
				1,
				2.156,
				4.155,
				2.244,
				-2.707,
				2.333,
				-2.707,
				1,
				2.356,
				-2.707,
				2.378,
				-2.505,
				2.4,
				-2.025
			]
		},
		{
			"Target": "Parameter",
			"Id": "Param_Angle_Rotation_5_ArtMesh5",
			"Segments": [
				0,
				-4.275,
				1,
				0.133,
				-4.275,
				0.267,
				-0.792,
				0.4,
				0,
				1,
				0.467,
				0.396,
				0.533,
				0.248,
				0.6,
				0.248,
				1,
				0.689,
				0.248,
				0.778,
				-2.168,
				0.867,
				-2.168,
				1,
				0.978,
				-2.168,
				1.089,
				2.75,
				1.2,
				2.75,
				1,
				1.3,
				2.75,
				1.4,
				-0.16,
				1.5,
				-0.16,
				1,
				1.544,
				-0.16,
				1.589,
				0.52,
				1.633,
				0.52,
				1,
				1.711,
				0.52,
				1.789,
				-5.146,
				1.867,
				-5.146,
				1,
				1.956,
				-5.146,
				2.044,
				6.485,
				2.133,
				6.485,
				1,
				2.222,
				6.485,
				2.311,
				-4.682,
				2.4,
				-4.682
			]
		},
		{
			"Target": "Parameter",
			"Id": "Param_Angle_Rotation_1_ArtMesh6",
			"Segments": [
				0,
				0,
				1,
				0.8,
				0,
				1.6,
				0,
				2.4,
				0
			]
		},
		{
			"Target": "Parameter",
			"Id": "Param_Angle_Rotation_2_ArtMesh6",
			"Segments": [
				0,
				0.065,
				1,
				0.122,
				0.065,
				0.244,
				0,
				0.367,
				0,
				1,
				0.4,
				0,
				0.433,
				0.067,
				0.467,
				0.067,
				1,
				0.544,
				0.067,
				0.622,
				-0.231,
				0.7,
				-0.231,
				1,
				0.833,
				-0.231,
				0.967,
				0.269,
				1.1,
				0.269,
				1,
				1.2,
				0.269,
				1.3,
				0.083,
				1.4,
				0.083,
				1,
				1.433,
				0.083,
				1.467,
				0.186,
				1.5,
				0.186,
				1,
				1.578,
				0.186,
				1.656,
				-0.603,
				1.733,
				-0.603,
				1,
				1.811,
				-0.603,
				1.889,
				0.538,
				1.967,
				0.538,
				1,
				2.044,
				0.538,
				2.122,
				-0.216,
				2.2,
				-0.216,
				1,
				2.267,
				-0.216,
				2.333,
				0.072,
				2.4,
				0.072
			]
		},
		{
			"Target": "Parameter",
			"Id": "Param_Angle_Rotation_3_ArtMesh6",
			"Segments": [
				0,
				0.083,
				1,
				0.133,
				0.083,
				0.267,
				0,
				0.4,
				0,
				1,
				0.444,
				0,
				0.489,
				0.078,
				0.533,
				0.078,
				1,
				0.611,
				0.078,
				0.689,
				-0.429,
				0.767,
				-0.429,
				1,
				0.9,
				-0.429,
				1.033,
				0.503,
				1.167,
				0.503,
				1,
				1.256,
				0.503,
				1.344,
				0.097,
				1.433,
				0.097,
				1,
				1.467,
				0.097,
				1.5,
				0.222,
				1.533,
				0.222,
				1,
				1.622,
				0.222,
				1.711,
				-1.094,
				1.8,
				-1.094,
				1,
				1.878,
				-1.094,
				1.956,
				1.074,
				2.033,
				1.074,
				1,
				2.111,
				1.074,
				2.189,
				-0.579,
				2.267,
				-0.579,
				1,
				2.311,
				-0.579,
				2.356,
				-0.395,
				2.4,
				-0.13
			]
		},
		{
			"Target": "Parameter",
			"Id": "Param_Angle_Rotation_4_ArtMesh6",
			"Segments": [
				0,
				-0.668,
				1,
				0.133,
				-0.668,
				0.267,
				-0.331,
				0.4,
				0,
				1,
				0.456,
				0.138,
				0.511,
				0.128,
				0.567,
				0.128,
				1,
				0.656,
				0.128,
				0.744,
				-0.945,
				0.833,
				-0.945,
				1,
				0.956,
				-0.945,
				1.078,
				1.141,
				1.2,
				1.141,
				1,
				1.289,
				1.141,
				1.378,
				0.092,
				1.467,
				0.092,
				1,
				1.511,
				0.092,
				1.556,
				0.334,
				1.6,
				0.334,
				1,
				1.678,
				0.334,
				1.756,
				-2.316,
				1.833,
				-2.316,
				1,
				1.922,
				-2.316,
				2.011,
				2.553,
				2.1,
				2.553,
				1,
				2.178,
				2.553,
				2.256,
				-1.635,
				2.333,
				-1.635,
				1,
				2.356,
				-1.635,
				2.378,
				-1.515,
				2.4,
				-1.228
			]
		},
		{
			"Target": "Parameter",
			"Id": "Param_Angle_Rotation_5_ArtMesh6",
			"Segments": [
				0,
				-2.975,
				1,
				0.133,
				-2.975,
				0.267,
				-0.438,
				0.4,
				0,
				1,
				0.478,
				0.255,
				0.556,
				0.165,
				0.633,
				0.165,
				1,
				0.722,
				0.165,
				0.811,
				-1.541,
				0.9,
				-1.541,
				1,
				1.011,
				-1.541,
				1.122,
				1.986,
				1.233,
				1.986,
				1,
				1.333,
				1.986,
				1.433,
				-0.056,
				1.533,
				-0.056,
				1,
				1.578,
				-0.056,
				1.622,
				0.331,
				1.667,
				0.331,
				1,
				1.744,
				0.331,
				1.822,
				-3.632,
				1.9,
				-3.632,
				1,
				1.989,
				-3.632,
				2.078,
				4.462,
				2.167,
				4.462,
				1,
				2.244,
				4.462,
				2.322,
				-3.188,
				2.4,
				-3.188
			]
		},
		{
			"Target": "Parameter",
			"Id": "Param_Angle_Rotation_6_ArtMesh6",
			"Segments": [
				0,
				-3.966,
				1,
				0.133,
				-3.966,
				0.267,
				-0.58,
				0.4,
				0,
				1,
				0.478,
				0.339,
				0.556,
				0.22,
				0.633,
				0.22,
				1,
				0.722,
				0.22,
				0.811,
				-2.055,
				0.9,
				-2.055,
				1,
				1.011,
				-2.055,
				1.122,
				2.648,
				1.233,
				2.648,
				1,
				1.333,
				2.648,
				1.433,
				-0.075,
				1.533,
				-0.075,
				1,
				1.578,
				-0.075,
				1.622,
				0.441,
				1.667,
				0.441,
				1,
				1.744,
				0.441,
				1.822,
				-4.842,
				1.9,
				-4.842,
				1,
				1.989,
				-4.842,
				2.078,
				5.949,
				2.167,
				5.949,
				1,
				2.244,
				5.949,
				2.322,
				-4.251,
				2.4,
				-4.251
			]
		},
		{
			"Target": "Parameter",
			"Id": "Param_Angle_Rotation_7_ArtMesh6",
			"Segments": [
				0,
				-3.966,
				1,
				0.133,
				-3.966,
				0.267,
				-0.58,
				0.4,
				0,
				1,
				0.478,
				0.339,
				0.556,
				0.22,
				0.633,
				0.22,
				1,
				0.722,
				0.22,
				0.811,
				-2.055,
				0.9,
				-2.055,
				1,
				1.011,
				-2.055,
				1.122,
				2.648,
				1.233,
				2.648,
				1,
				1.333,
				2.648,
				1.433,
				-0.075,
				1.533,
				-0.075,
				1,
				1.578,
				-0.075,
				1.622,
				0.441,
				1.667,
				0.441,
				1,
				1.744,
				0.441,
				1.822,
				-4.842,
				1.9,
				-4.842,
				1,
				1.989,
				-4.842,
				2.078,
				5.949,
				2.167,
				5.949,
				1,
				2.244,
				5.949,
				2.322,
				-4.251,
				2.4,
				-4.251
			]
		},
		{
			"Target": "Parameter",
			"Id": "Param_Angle_Rotation_1_ArtMesh7",
			"Segments": [
				0,
				0,
				1,
				0.8,
				0,
				1.6,
				0,
				2.4,
				0
			]
		},
		{
			"Target": "Parameter",
			"Id": "Param_Angle_Rotation_2_ArtMesh7",
			"Segments": [
				0,
				0.145,
				1,
				0.122,
				0.145,
				0.244,
				0.11,
				0.367,
				0,
				1,
				0.4,
				-0.03,
				0.433,
				-0.089,
				0.467,
				-0.089,
				1,
				0.556,
				-0.089,
				0.644,
				0.342,
				0.733,
				0.342,
				1,
				0.867,
				0.342,
				1,
				-0.413,
				1.133,
				-0.413,
				1,
				1.222,
				-0.413,
				1.311,
				-0.157,
				1.4,
				-0.157,
				1,
				1.433,
				-0.157,
				1.467,
				-0.277,
				1.5,
				-0.277,
				1,
				1.589,
				-0.277,
				1.678,
				0.899,
				1.767,
				0.899,
				1,
				1.833,
				0.899,
				1.9,
				-0.716,
				1.967,
				-0.716,
				1,
				2.044,
				-0.716,
				2.122,
				0.277,
				2.2,
				0.277,
				1,
				2.267,
				0.277,
				2.333,
				0.225,
				2.4,
				0.172
			]
		},
		{
			"Target": "Parameter",
			"Id": "Param_Angle_Rotation_3_ArtMesh7",
			"Segments": [
				0,
				0.128,
				1,
				0.133,
				0.128,
				0.267,
				0.103,
				0.4,
				0,
				1,
				0.444,
				-0.034,
				0.489,
				-0.131,
				0.533,
				-0.131,
				1,
				0.622,
				-0.131,
				0.711,
				0.769,
				0.8,
				0.769,
				1,
				0.922,
				0.769,
				1.044,
				-0.924,
				1.167,
				-0.924,
				1,
				1.256,
				-0.924,
				1.344,
				-0.25,
				1.433,
				-0.25,
				1,
				1.478,
				-0.25,
				1.522,
				-0.406,
				1.567,
				-0.406,
				1,
				1.644,
				-0.406,
				1.722,
				1.969,
				1.8,
				1.969,
				1,
				1.889,
				1.969,
				1.978,
				-1.762,
				2.067,
				-1.762,
				1,
				2.144,
				-1.762,
				2.222,
				0.907,
				2.3,
				0.907,
				1,
				2.333,
				0.907,
				2.367,
				0.744,
				2.4,
				0.456
			]
		},
		{
			"Target": "Parameter",
			"Id": "Param_Angle_Rotation_4_ArtMesh7",
			"Segments": [
				0,
				1.419,
				1,
				0.133,
				1.419,
				0.267,
				0.436,
				0.4,
				0,
				1,
				0.467,
				-0.218,
				0.533,
				-0.158,
				0.6,
				-0.158,
				1,
				0.689,
				-0.158,
				0.778,
				1.272,
				0.867,
				1.272,
				1,
				0.989,
				1.272,
				1.111,
				-1.574,
				1.233,
				-1.574,
				1,
				1.322,
				-1.574,
				1.411,
				-0.234,
				1.5,
				-0.234,
				1,
				1.533,
				-0.234,
				1.567,
				-0.447,
				1.6,
				-0.447,
				1,
				1.689,
				-0.447,
				1.778,
				3.109,
				1.867,
				3.109,
				1,
				1.956,
				3.109,
				2.044,
				-3.192,
				2.133,
				-3.192,
				1,
				2.211,
				-3.192,
				2.289,
				2.014,
				2.367,
				2.014,
				1,
				2.378,
				2.014,
				2.389,
				2.001,
				2.4,
				1.92
			]
		},
		{
			"Target": "Parameter",
			"Id": "Param_Angle_Rotation_5_ArtMesh7",
			"Segments": [
				0,
				-3.255,
				1,
				0.133,
				-3.255,
				0.267,
				0,
				0.4,
				0,
				1,
				0.478,
				0,
				0.556,
				-0.145,
				0.633,
				-0.145,
				1,
				0.722,
				-0.145,
				0.811,
				1.397,
				0.9,
				1.397,
				1,
				1.022,
				1.397,
				1.144,
				-1.819,
				1.267,
				-1.819,
				1,
				1.367,
				-1.819,
				1.467,
				-0.069,
				1.567,
				-0.069,
				1,
				1.6,
				-0.069,
				1.633,
				-0.286,
				1.667,
				-0.286,
				1,
				1.744,
				-0.286,
				1.822,
				3.225,
				1.9,
				3.225,
				1,
				1.989,
				3.225,
				2.078,
				-3.801,
				2.167,
				-3.801,
				1,
				2.244,
				-3.801,
				2.322,
				-3.739,
				2.4,
				-3.412
			]
		},
		{
			"Target": "Parameter",
			"Id": "Param_Angle_Rotation_6_ArtMesh7",
			"Segments": [
				0,
				-3.255,
				1,
				0.133,
				-3.255,
				0.267,
				0,
				0.4,
				0,
				1,
				0.478,
				0,
				0.556,
				-0.145,
				0.633,
				-0.145,
				1,
				0.722,
				-0.145,
				0.811,
				1.397,
				0.9,
				1.397,
				1,
				1.022,
				1.397,
				1.144,
				-1.819,
				1.267,
				-1.819,
				1,
				1.367,
				-1.819,
				1.467,
				-0.069,
				1.567,
				-0.069,
				1,
				1.6,
				-0.069,
				1.633,
				-0.286,
				1.667,
				-0.286,
				1,
				1.744,
				-0.286,
				1.822,
				3.225,
				1.9,
				3.225,
				1,
				1.989,
				3.225,
				2.078,
				-3.801,
				2.167,
				-3.801,
				1,
				2.244,
				-3.801,
				2.322,
				-3.739,
				2.4,
				-3.412
			]
		},
		{
			"Target": "Parameter",
			"Id": "Param_Angle_Rotation_7_ArtMesh7",
			"Segments": [
				0,
				-3.255,
				1,
				0.133,
				-3.255,
				0.267,
				0,
				0.4,
				0,
				1,
				0.478,
				0,
				0.556,
				-0.145,
				0.633,
				-0.145,
				1,
				0.722,
				-0.145,
				0.811,
				1.397,
				0.9,
				1.397,
				1,
				1.022,
				1.397,
				1.144,
				-1.819,
				1.267,
				-1.819,
				1,
				1.367,
				-1.819,
				1.467,
				-0.069,
				1.567,
				-0.069,
				1,
				1.6,
				-0.069,
				1.633,
				-0.286,
				1.667,
				-0.286,
				1,
				1.744,
				-0.286,
				1.822,
				3.225,
				1.9,
				3.225,
				1,
				1.989,
				3.225,
				2.078,
				-3.801,
				2.167,
				-3.801,
				1,
				2.244,
				-3.801,
				2.322,
				-3.739,
				2.4,
				-3.412
			]
		},
		{
			"Target": "Parameter",
			"Id": "Param6",
			"Segments": [
				0,
				4.55,
				1,
				0.444,
				4.55,
				0.889,
				0,
				1.333,
				0,
				1,
				1.411,
				0,
				1.489,
				13.463,
				1.567,
				13.463,
				1,
				1.689,
				13.463,
				1.811,
				-22.787,
				1.933,
				-22.787,
				1,
				2.011,
				-22.787,
				2.089,
				7.31,
				2.167,
				7.31,
				1,
				2.244,
				7.31,
				2.322,
				6.327,
				2.4,
				5.092
			]
		},
		{
			"Target": "Parameter",
			"Id": "Param7",
			"Segments": [
				0,
				2.78,
				1,
				0.444,
				2.78,
				0.889,
				2.018,
				1.333,
				0,
				1,
				1.378,
				-0.202,
				1.422,
				-5.156,
				1.467,
				-5.156,
				1,
				1.578,
				-5.156,
				1.689,
				9.959,
				1.8,
				9.959,
				1,
				1.878,
				9.959,
				1.956,
				-24.183,
				2.033,
				-24.183,
				1,
				2.122,
				-24.183,
				2.211,
				8.327,
				2.3,
				8.327,
				1,
				2.333,
				8.327,
				2.367,
				7.287,
				2.4,
				5.207
			]
		},
		{
			"Target": "Parameter",
			"Id": "Param8",
			"Segments": [
				0,
				4.55,
				1,
				0.444,
				4.55,
				0.889,
				0,
				1.333,
				0,
				1,
				1.411,
				0,
				1.489,
				13.463,
				1.567,
				13.463,
				1,
				1.689,
				13.463,
				1.811,
				-22.787,
				1.933,
				-22.787,
				1,
				2.011,
				-22.787,
				2.089,
				7.31,
				2.167,
				7.31,
				1,
				2.244,
				7.31,
				2.322,
				6.327,
				2.4,
				5.092
			]
		},
		{
			"Target": "Parameter",
			"Id": "Param9",
			"Segments": [
				0,
				2.78,
				1,
				0.444,
				2.78,
				0.889,
				2.018,
				1.333,
				0,
				1,
				1.378,
				-0.202,
				1.422,
				-5.156,
				1.467,
				-5.156,
				1,
				1.578,
				-5.156,
				1.689,
				9.959,
				1.8,
				9.959,
				1,
				1.878,
				9.959,
				1.956,
				-24.183,
				2.033,
				-24.183,
				1,
				2.122,
				-24.183,
				2.211,
				8.327,
				2.3,
				8.327,
				1,
				2.333,
				8.327,
				2.367,
				7.287,
				2.4,
				5.207
			]
		},
		{
			"Target": "Parameter",
			"Id": "Param_Angle_Rotation_1_ArtMesh44",
			"Segments": [
				0,
				0.079,
				1,
				0.122,
				0.079,
				0.244,
				0.075,
				0.367,
				0,
				1,
				0.422,
				-0.034,
				0.478,
				-0.682,
				0.533,
				-0.682,
				1,
				0.678,
				-0.682,
				0.822,
				5.115,
				0.967,
				5.115,
				1,
				1.167,
				5.115,
				1.367,
				-7.343,
				1.567,
				-7.343,
				1,
				1.667,
				-7.343,
				1.767,
				2.325,
				1.867,
				2.325,
				1,
				1.967,
				2.325,
				2.067,
				-0.401,
				2.167,
				-0.401,
				1,
				2.244,
				-0.401,
				2.322,
				-0.225,
				2.4,
				-0.013
			]
		},
		{
			"Target": "Parameter",
			"Id": "Param_Angle_Rotation_2_ArtMesh44",
			"Segments": [
				0,
				-0.33,
				1,
				0.122,
				-0.33,
				0.244,
				-0.269,
				0.367,
				0,
				1,
				0.411,
				0.098,
				0.456,
				0.393,
				0.5,
				0.393,
				1,
				0.589,
				0.393,
				0.678,
				-1.353,
				0.767,
				-1.353,
				1,
				0.9,
				-1.353,
				1.033,
				1.777,
				1.167,
				1.777,
				1,
				1.244,
				1.777,
				1.322,
				0.852,
				1.4,
				0.852,
				1,
				1.433,
				0.852,
				1.467,
				1.443,
				1.5,
				1.443,
				1,
				1.589,
				1.443,
				1.678,
				-4.01,
				1.767,
				-4.01,
				1,
				1.856,
				-4.01,
				1.944,
				2.348,
				2.033,
				2.348,
				1,
				2.122,
				2.348,
				2.211,
				-0.733,
				2.3,
				-0.733,
				1,
				2.333,
				-0.733,
				2.367,
				-0.666,
				2.4,
				-0.513
			]
		},
		{
			"Target": "Parameter",
			"Id": "Param_Angle_Rotation_3_ArtMesh44",
			"Segments": [
				0,
				3.018,
				1,
				0.133,
				3.018,
				0.267,
				0,
				0.4,
				0,
				1,
				0.456,
				0,
				0.511,
				0.415,
				0.567,
				0.415,
				1,
				0.667,
				0.415,
				0.767,
				-2.227,
				0.867,
				-2.227,
				1,
				0.989,
				-2.227,
				1.111,
				3.071,
				1.233,
				3.071,
				1,
				1.311,
				3.071,
				1.389,
				1.377,
				1.467,
				1.377,
				1,
				1.5,
				1.377,
				1.533,
				1.478,
				1.567,
				1.478,
				1,
				1.656,
				1.478,
				1.744,
				-5.777,
				1.833,
				-5.777,
				1,
				1.933,
				-5.777,
				2.033,
				4.078,
				2.133,
				4.078,
				1,
				2.222,
				4.078,
				2.311,
				3.841,
				2.4,
				3.254
			]
		},
		{
			"Target": "Parameter",
			"Id": "Param_Angle_Rotation_4_ArtMesh44",
			"Segments": [
				0,
				-0.675,
				1,
				0.133,
				-0.675,
				0.267,
				-0.468,
				0.4,
				0,
				1,
				0.478,
				0.273,
				0.556,
				0.439,
				0.633,
				0.439,
				1,
				0.744,
				0.439,
				0.856,
				-3.148,
				0.967,
				-3.148,
				1,
				1.089,
				-3.148,
				1.211,
				4.698,
				1.333,
				4.698,
				1,
				1.533,
				4.698,
				1.733,
				-7.53,
				1.933,
				-7.53,
				1,
				2.033,
				-7.53,
				2.133,
				6.247,
				2.233,
				6.247,
				1,
				2.289,
				6.247,
				2.344,
				4.236,
				2.4,
				1.236
			]
		},
		{
			"Target": "Parameter",
			"Id": "Param_Angle_Rotation_5_ArtMesh44",
			"Segments": [
				0,
				4.142,
				1,
				0.133,
				4.142,
				0.267,
				0,
				0.4,
				0,
				1,
				0.5,
				0,
				0.6,
				0.369,
				0.7,
				0.369,
				1,
				0.811,
				0.369,
				0.922,
				-3.309,
				1.033,
				-3.309,
				1,
				1.156,
				-3.309,
				1.278,
				5.39,
				1.4,
				5.39,
				1,
				1.6,
				5.39,
				1.8,
				-7.456,
				2,
				-7.456,
				1,
				2.111,
				-7.456,
				2.222,
				7.03,
				2.333,
				7.03,
				1,
				2.356,
				7.03,
				2.378,
				6.808,
				2.4,
				5.952
			]
		},
		{
			"Target": "Parameter",
			"Id": "Param_Angle_Rotation_1_ArtMesh43",
			"Segments": [
				0,
				0.079,
				1,
				0.122,
				0.079,
				0.244,
				0.075,
				0.367,
				0,
				1,
				0.422,
				-0.034,
				0.478,
				-0.682,
				0.533,
				-0.682,
				1,
				0.678,
				-0.682,
				0.822,
				5.115,
				0.967,
				5.115,
				1,
				1.167,
				5.115,
				1.367,
				-7.343,
				1.567,
				-7.343,
				1,
				1.667,
				-7.343,
				1.767,
				2.325,
				1.867,
				2.325,
				1,
				1.967,
				2.325,
				2.067,
				-0.401,
				2.167,
				-0.401,
				1,
				2.244,
				-0.401,
				2.322,
				-0.225,
				2.4,
				-0.013
			]
		},
		{
			"Target": "Parameter",
			"Id": "Param_Angle_Rotation_2_ArtMesh43",
			"Segments": [
				0,
				-0.33,
				1,
				0.122,
				-0.33,
				0.244,
				-0.269,
				0.367,
				0,
				1,
				0.411,
				0.098,
				0.456,
				0.393,
				0.5,
				0.393,
				1,
				0.589,
				0.393,
				0.678,
				-1.353,
				0.767,
				-1.353,
				1,
				0.9,
				-1.353,
				1.033,
				1.777,
				1.167,
				1.777,
				1,
				1.244,
				1.777,
				1.322,
				0.852,
				1.4,
				0.852,
				1,
				1.433,
				0.852,
				1.467,
				1.443,
				1.5,
				1.443,
				1,
				1.589,
				1.443,
				1.678,
				-4.01,
				1.767,
				-4.01,
				1,
				1.856,
				-4.01,
				1.944,
				2.348,
				2.033,
				2.348,
				1,
				2.122,
				2.348,
				2.211,
				-0.733,
				2.3,
				-0.733,
				1,
				2.333,
				-0.733,
				2.367,
				-0.666,
				2.4,
				-0.513
			]
		},
		{
			"Target": "Parameter",
			"Id": "Param_Angle_Rotation_3_ArtMesh43",
			"Segments": [
				0,
				3.018,
				1,
				0.133,
				3.018,
				0.267,
				0,
				0.4,
				0,
				1,
				0.456,
				0,
				0.511,
				0.415,
				0.567,
				0.415,
				1,
				0.667,
				0.415,
				0.767,
				-2.227,
				0.867,
				-2.227,
				1,
				0.989,
				-2.227,
				1.111,
				3.071,
				1.233,
				3.071,
				1,
				1.311,
				3.071,
				1.389,
				1.377,
				1.467,
				1.377,
				1,
				1.5,
				1.377,
				1.533,
				1.478,
				1.567,
				1.478,
				1,
				1.656,
				1.478,
				1.744,
				-5.777,
				1.833,
				-5.777,
				1,
				1.933,
				-5.777,
				2.033,
				4.078,
				2.133,
				4.078,
				1,
				2.222,
				4.078,
				2.311,
				3.841,
				2.4,
				3.254
			]
		},
		{
			"Target": "Parameter",
			"Id": "Param_Angle_Rotation_4_ArtMesh43",
			"Segments": [
				0,
				-0.675,
				1,
				0.133,
				-0.675,
				0.267,
				-0.468,
				0.4,
				0,
				1,
				0.478,
				0.273,
				0.556,
				0.439,
				0.633,
				0.439,
				1,
				0.744,
				0.439,
				0.856,
				-3.148,
				0.967,
				-3.148,
				1,
				1.089,
				-3.148,
				1.211,
				4.698,
				1.333,
				4.698,
				1,
				1.533,
				4.698,
				1.733,
				-7.53,
				1.933,
				-7.53,
				1,
				2.033,
				-7.53,
				2.133,
				6.247,
				2.233,
				6.247,
				1,
				2.289,
				6.247,
				2.344,
				4.236,
				2.4,
				1.236
			]
		},
		{
			"Target": "Parameter",
			"Id": "Param_Angle_Rotation_5_ArtMesh43",
			"Segments": [
				0,
				4.142,
				1,
				0.133,
				4.142,
				0.267,
				0,
				0.4,
				0,
				1,
				0.5,
				0,
				0.6,
				0.369,
				0.7,
				0.369,
				1,
				0.811,
				0.369,
				0.922,
				-3.309,
				1.033,
				-3.309,
				1,
				1.156,
				-3.309,
				1.278,
				5.39,
				1.4,
				5.39,
				1,
				1.6,
				5.39,
				1.8,
				-7.456,
				2,
				-7.456,
				1,
				2.111,
				-7.456,
				2.222,
				7.03,
				2.333,
				7.03,
				1,
				2.356,
				7.03,
				2.378,
				6.808,
				2.4,
				5.952
			]
		},
		{
			"Target": "Parameter",
			"Id": "Param12",
			"Segments": [
				0,
				0,
				1,
				0.8,
				0,
				1.6,
				0,
				2.4,
				0
			]
		},
		{
			"Target": "Parameter",
			"Id": "Param11",
			"Segments": [
				0,
				0,
				1,
				0.656,
				0,
				1.311,
				0,
				1.967,
				0,
				1,
				2.111,
				0,
				2.256,
				0,
				2.4,
				0
			]
		}
	]
}