{
	"Version": 3,
	"Meta": {
		"Duration": 5.233,
		"Fps": 30.0,
		"Loop": true,
		"AreBeziersRestricted": false,
		"CurveCount": 73,
		"TotalSegmentCount": 619,
		"TotalPointCount": 1878,
		"UserDataCount": 0,
		"TotalUserDataSize": 0
	},
	"Curves": [
		{
			"Target": "Parameter",
			"Id": "Param11",
			"Segments": [
				0,
				0,
				0,
				5.233,
				0
			]
		},
		{
			"Target": "Parameter",
			"Id": "Param12",
			"Segments": [
				0,
				0,
				0,
				5.233,
				0
			]
		},
		{
			"Target": "Parameter",
			"Id": "ParamAngleX",
			"Segments": [
				0,
				0,
				0,
				5.233,
				0
			]
		},
		{
			"Target": "Parameter",
			"Id": "ParamAngleY",
			"Segments": [
				0,
				0,
				1,
				0.178,
				0,
				0.356,
				0,
				0.533,
				0,
				1,
				0.689,
				0,
				0.844,
				-8,
				1,
				-8,
				1,
				1.167,
				-8,
				1.333,
				6,
				1.5,
				6,
				1,
				1.667,
				6,
				1.833,
				-7,
				2,
				-7,
				1,
				2.167,
				-7,
				2.333,
				6,
				2.5,
				6,
				1,
				2.667,
				6,
				2.833,
				-4,
				3,
				-4,
				1,
				3.167,
				-4,
				3.333,
				5,
				3.5,
				5,
				1,
				3.667,
				5,
				3.833,
				-5,
				4,
				-5,
				1,
				4.111,
				-5,
				4.222,
				0,
				4.333,
				0,
				0,
				5.233,
				0
			]
		},
		{
			"Target": "Parameter",
			"Id": "ParamAngleZ",
			"Segments": [
				0,
				0,
				0,
				5.233,
				0
			]
		},
		{
			"Target": "Parameter",
			"Id": "ParamEyeLOpen",
			"Segments": [
				0,
				1,
				1,
				0.644,
				1,
				1.289,
				1,
				1.933,
				1,
				1,
				2.033,
				1,
				2.133,
				0,
				2.233,
				0,
				1,
				2.344,
				0,
				2.456,
				1,
				2.567,
				1,
				0,
				5.233,
				1
			]
		},
		{
			"Target": "Parameter",
			"Id": "ParamEyeLSmile",
			"Segments": [
				0,
				0,
				0,
				5.233,
				0
			]
		},
		{
			"Target": "Parameter",
			"Id": "ParamEyeROpen",
			"Segments": [
				0,
				1,
				1,
				0.644,
				1,
				1.289,
				1,
				1.933,
				1,
				1,
				2.033,
				1,
				2.133,
				0,
				2.233,
				0,
				1,
				2.344,
				0,
				2.456,
				1,
				2.567,
				1,
				0,
				5.233,
				1
			]
		},
		{
			"Target": "Parameter",
			"Id": "ParamEyeRSmile",
			"Segments": [
				0,
				0,
				0,
				5.233,
				0
			]
		},
		{
			"Target": "Parameter",
			"Id": "ParamEyeBallX",
			"Segments": [
				0,
				0,
				0,
				5.233,
				0
			]
		},
		{
			"Target": "Parameter",
			"Id": "ParamEyeBallY",
			"Segments": [
				0,
				0,
				0,
				5.233,
				0
			]
		},
		{
			"Target": "Parameter",
			"Id": "ParamBrowLY",
			"Segments": [
				0,
				0,
				0,
				5.233,
				0
			]
		},
		{
			"Target": "Parameter",
			"Id": "ParamBrowRForm",
			"Segments": [
				0,
				0,
				0,
				5.233,
				0
			]
		},
		{
			"Target": "Parameter",
			"Id": "ParamMouthForm",
			"Segments": [
				0,
				-1,
				0,
				5.233,
				-1
			]
		},
		{
			"Target": "Parameter",
			"Id": "ParamMouthOpenY",
			"Segments": [
				0,
				0,
				0,
				5.233,
				0
			]
		},
		{
			"Target": "Parameter",
			"Id": "ParamBodyAngleX",
			"Segments": [
				0,
				0,
				0,
				5.233,
				0
			]
		},
		{
			"Target": "Parameter",
			"Id": "ParamBodyAngleZ",
			"Segments": [
				0,
				0,
				0,
				5.233,
				0
			]
		},
		{
			"Target": "Parameter",
			"Id": "ParamBreath",
			"Segments": [
				0,
				0,
				0,
				5.233,
				0
			]
		},
		{
			"Target": "Parameter",
			"Id": "Param",
			"Segments": [
				0,
				0,
				0,
				5.233,
				0
			]
		},
		{
			"Target": "Parameter",
			"Id": "Param2",
			"Segments": [
				0,
				0,
				0,
				5.233,
				0
			]
		},
		{
			"Target": "Parameter",
			"Id": "Param5",
			"Segments": [
				0,
				0,
				0,
				5.233,
				0
			]
		},
		{
			"Target": "Parameter",
			"Id": "Param3",
			"Segments": [
				0,
				0,
				1,
				0.178,
				0,
				0.356,
				1,
				0.533,
				1,
				1,
				1.8,
				1,
				3.067,
				1,
				4.333,
				1,
				1,
				4.567,
				1,
				4.8,
				0,
				5.033,
				0,
				0,
				5.233,
				0
			]
		},
		{
			"Target": "Parameter",
			"Id": "Param14",
			"Segments": [
				0,
				0,
				1,
				0.178,
				0,
				0.356,
				0,
				0.533,
				0,
				1,
				0.689,
				0,
				0.844,
				-30,
				1,
				-30,
				1,
				1.167,
				-30,
				1.333,
				30,
				1.5,
				30,
				1,
				1.667,
				30,
				1.833,
				-30,
				2,
				-30,
				1,
				2.167,
				-30,
				2.333,
				30,
				2.5,
				30,
				1,
				2.667,
				30,
				2.833,
				-30,
				3,
				-30,
				1,
				3.167,
				-30,
				3.333,
				30,
				3.5,
				30,
				1,
				3.667,
				30,
				3.833,
				-30,
				4,
				-30,
				1,
				4.111,
				-30,
				4.222,
				0,
				4.333,
				0,
				0,
				5.233,
				0
			]
		},
		{
			"Target": "Parameter",
			"Id": "Param4",
			"Segments": [
				0,
				0,
				0,
				5.233,
				0
			]
		},
		{
			"Target": "Parameter",
			"Id": "Param10",
			"Segments": [
				0,
				0,
				0,
				5.233,
				0
			]
		},
		{
			"Target": "Parameter",
			"Id": "Param13",
			"Segments": [
				0,
				0,
				0,
				5.233,
				0
			]
		},
		{
			"Target": "Parameter",
			"Id": "Param_Angle_Rotation_1_ArtMesh29",
			"Segments": [
				0,
				0,
				1,
				0.189,
				0,
				0.378,
				0,
				0.567,
				0,
				1,
				0.644,
				0,
				0.722,
				0.664,
				0.8,
				0.664,
				1,
				0.956,
				0.664,
				1.111,
				-1.097,
				1.267,
				-1.097,
				1,
				1.422,
				-1.097,
				1.578,
				1.077,
				1.733,
				1.077,
				1,
				1.9,
				1.077,
				2.067,
				-1.052,
				2.233,
				-1.052,
				1,
				2.4,
				-1.052,
				2.567,
				0.848,
				2.733,
				0.848,
				1,
				2.9,
				0.848,
				3.067,
				-0.737,
				3.233,
				-0.737,
				1,
				3.4,
				-0.737,
				3.567,
				0.793,
				3.733,
				0.793,
				1,
				3.889,
				0.793,
				4.044,
				-0.74,
				4.2,
				-0.74,
				1,
				4.3,
				-0.74,
				4.4,
				0.292,
				4.5,
				0.292,
				1,
				4.589,
				0.292,
				4.678,
				-0.078,
				4.767,
				-0.078,
				1,
				4.811,
				-0.078,
				4.856,
				0,
				4.9,
				0,
				1,
				5.011,
				0,
				5.122,
				0,
				5.233,
				0
			]
		},
		{
			"Target": "Parameter",
			"Id": "Param_Angle_Rotation_2_ArtMesh29",
			"Segments": [
				0,
				0,
				1,
				0.189,
				0,
				0.378,
				0,
				0.567,
				0,
				1,
				0.611,
				0,
				0.656,
				-0.289,
				0.7,
				-0.289,
				1,
				0.833,
				-0.289,
				0.967,
				0.422,
				1.1,
				0.422,
				1,
				1.244,
				0.422,
				1.389,
				-0.467,
				1.533,
				-0.467,
				1,
				1.667,
				-0.467,
				1.8,
				0.401,
				1.933,
				0.401,
				1,
				2.1,
				0.401,
				2.267,
				-0.416,
				2.433,
				-0.416,
				1,
				2.578,
				-0.416,
				2.722,
				0.328,
				2.867,
				0.328,
				1,
				3.056,
				0.328,
				3.244,
				-0.282,
				3.433,
				-0.282,
				1,
				3.611,
				-0.282,
				3.789,
				0.323,
				3.967,
				0.323,
				1,
				4.111,
				0.323,
				4.256,
				-0.539,
				4.4,
				-0.539,
				1,
				4.489,
				-0.539,
				4.578,
				0.323,
				4.667,
				0.323,
				1,
				4.744,
				0.323,
				4.822,
				-0.171,
				4.9,
				-0.171,
				1,
				4.978,
				-0.171,
				5.056,
				0.07,
				5.133,
				0.07,
				1,
				5.167,
				0.07,
				5.2,
				0.03,
				5.233,
				0.011
			]
		},
		{
			"Target": "Parameter",
			"Id": "Param_Angle_Rotation_3_ArtMesh29",
			"Segments": [
				0,
				0,
				1,
				0.211,
				0,
				0.422,
				0,
				0.633,
				0,
				1,
				0.689,
				0,
				0.744,
				-0.42,
				0.8,
				-0.42,
				1,
				0.911,
				-0.42,
				1.022,
				0.773,
				1.133,
				0.773,
				1,
				1.267,
				0.773,
				1.4,
				-0.865,
				1.533,
				-0.865,
				1,
				1.689,
				-0.865,
				1.844,
				0.796,
				2,
				0.796,
				1,
				2.178,
				0.796,
				2.356,
				-0.762,
				2.533,
				-0.762,
				1,
				2.678,
				-0.762,
				2.822,
				0.63,
				2.967,
				0.63,
				1,
				3.144,
				0.63,
				3.322,
				-0.514,
				3.5,
				-0.514,
				1,
				3.678,
				-0.514,
				3.856,
				0.662,
				4.033,
				0.662,
				1,
				4.167,
				0.662,
				4.3,
				-0.765,
				4.433,
				-0.765,
				1,
				4.533,
				-0.765,
				4.633,
				0.575,
				4.733,
				0.575,
				1,
				4.844,
				0.575,
				4.956,
				-0.353,
				5.067,
				-0.353,
				1,
				5.122,
				-0.353,
				5.178,
				-0.262,
				5.233,
				0
			]
		},
		{
			"Target": "Parameter",
			"Id": "Param_Angle_Rotation_4_ArtMesh29",
			"Segments": [
				0,
				0,
				1,
				0.233,
				0,
				0.467,
				0,
				0.7,
				0,
				1,
				0.744,
				0,
				0.789,
				-0.393,
				0.833,
				-0.393,
				1,
				0.967,
				-0.393,
				1.1,
				0.881,
				1.233,
				0.881,
				1,
				1.367,
				0.881,
				1.5,
				-1.07,
				1.633,
				-1.07,
				1,
				1.778,
				-1.07,
				1.922,
				0.981,
				2.067,
				0.981,
				1,
				2.244,
				0.981,
				2.422,
				-0.891,
				2.6,
				-0.891,
				1,
				2.744,
				-0.891,
				2.889,
				0.77,
				3.033,
				0.77,
				1,
				3.211,
				0.77,
				3.389,
				-0.598,
				3.567,
				-0.598,
				1,
				3.767,
				-0.598,
				3.967,
				0.666,
				4.167,
				0.666,
				1,
				4.289,
				0.666,
				4.411,
				-0.947,
				4.533,
				-0.947,
				1,
				4.622,
				-0.947,
				4.711,
				0.683,
				4.8,
				0.683,
				1,
				4.911,
				0.683,
				5.022,
				-0.407,
				5.133,
				-0.407,
				1,
				5.167,
				-0.407,
				5.2,
				-0.144,
				5.233,
				0
			]
		},
		{
			"Target": "Parameter",
			"Id": "Param_Angle_Rotation_5_ArtMesh29",
			"Segments": [
				0,
				0,
				1,
				0.256,
				0,
				0.511,
				0,
				0.767,
				0,
				1,
				0.822,
				0,
				0.878,
				-0.752,
				0.933,
				-0.752,
				1,
				1.056,
				-0.752,
				1.178,
				1.367,
				1.3,
				1.367,
				1,
				1.433,
				1.367,
				1.567,
				-1.726,
				1.7,
				-1.726,
				1,
				1.844,
				-1.726,
				1.989,
				1.577,
				2.133,
				1.577,
				1,
				2.311,
				1.577,
				2.489,
				-1.357,
				2.667,
				-1.357,
				1,
				2.811,
				-1.357,
				2.956,
				1.229,
				3.1,
				1.229,
				1,
				3.278,
				1.229,
				3.456,
				-0.915,
				3.633,
				-0.915,
				1,
				3.822,
				-0.915,
				4.011,
				0.976,
				4.2,
				0.976,
				1,
				4.333,
				0.976,
				4.467,
				-1.415,
				4.6,
				-1.415,
				1,
				4.711,
				-1.415,
				4.822,
				1.421,
				4.933,
				1.421,
				1,
				5.033,
				1.421,
				5.133,
				0,
				5.233,
				0
			]
		},
		{
			"Target": "Parameter",
			"Id": "Param_Angle_Rotation_6_ArtMesh29",
			"Segments": [
				0,
				0,
				1,
				0.256,
				0,
				0.511,
				0,
				0.767,
				0,
				1,
				0.822,
				0,
				0.878,
				-0.752,
				0.933,
				-0.752,
				1,
				1.056,
				-0.752,
				1.178,
				1.367,
				1.3,
				1.367,
				1,
				1.433,
				1.367,
				1.567,
				-1.726,
				1.7,
				-1.726,
				1,
				1.844,
				-1.726,
				1.989,
				1.577,
				2.133,
				1.577,
				1,
				2.311,
				1.577,
				2.489,
				-1.357,
				2.667,
				-1.357,
				1,
				2.811,
				-1.357,
				2.956,
				1.229,
				3.1,
				1.229,
				1,
				3.278,
				1.229,
				3.456,
				-0.915,
				3.633,
				-0.915,
				1,
				3.822,
				-0.915,
				4.011,
				0.976,
				4.2,
				0.976,
				1,
				4.333,
				0.976,
				4.467,
				-1.415,
				4.6,
				-1.415,
				1,
				4.711,
				-1.415,
				4.822,
				1.421,
				4.933,
				1.421,
				1,
				5.033,
				1.421,
				5.133,
				0,
				5.233,
				0
			]
		},
		{
			"Target": "Parameter",
			"Id": "Param_Angle_Rotation_7_ArtMesh29",
			"Segments": [
				0,
				0,
				1,
				0.256,
				0,
				0.511,
				0,
				0.767,
				0,
				1,
				0.822,
				0,
				0.878,
				-0.752,
				0.933,
				-0.752,
				1,
				1.056,
				-0.752,
				1.178,
				1.367,
				1.3,
				1.367,
				1,
				1.433,
				1.367,
				1.567,
				-1.726,
				1.7,
				-1.726,
				1,
				1.844,
				-1.726,
				1.989,
				1.577,
				2.133,
				1.577,
				1,
				2.311,
				1.577,
				2.489,
				-1.357,
				2.667,
				-1.357,
				1,
				2.811,
				-1.357,
				2.956,
				1.229,
				3.1,
				1.229,
				1,
				3.278,
				1.229,
				3.456,
				-0.915,
				3.633,
				-0.915,
				1,
				3.822,
				-0.915,
				4.011,
				0.976,
				4.2,
				0.976,
				1,
				4.333,
				0.976,
				4.467,
				-1.415,
				4.6,
				-1.415,
				1,
				4.711,
				-1.415,
				4.822,
				1.421,
				4.933,
				1.421,
				1,
				5.033,
				1.421,
				5.133,
				0,
				5.233,
				0
			]
		},
		{
			"Target": "Parameter",
			"Id": "Param_Angle_Rotation_1_ArtMesh28",
			"Segments": [
				0,
				0,
				1,
				0.189,
				0,
				0.378,
				0,
				0.567,
				0,
				1,
				0.644,
				0,
				0.722,
				0.683,
				0.8,
				0.683,
				1,
				0.956,
				0.683,
				1.111,
				-1.134,
				1.267,
				-1.134,
				1,
				1.433,
				-1.134,
				1.6,
				1.092,
				1.767,
				1.092,
				1,
				1.933,
				1.092,
				2.1,
				-1.079,
				2.267,
				-1.079,
				1,
				2.422,
				-1.079,
				2.578,
				0.869,
				2.733,
				0.869,
				1,
				2.9,
				0.869,
				3.067,
				-0.756,
				3.233,
				-0.756,
				1,
				3.411,
				-0.756,
				3.589,
				0.827,
				3.767,
				0.827,
				1,
				3.911,
				0.827,
				4.056,
				-0.743,
				4.2,
				-0.743,
				1,
				4.3,
				-0.743,
				4.4,
				0.258,
				4.5,
				0.258,
				1,
				4.589,
				0.258,
				4.678,
				-0.086,
				4.767,
				-0.086,
				1,
				4.811,
				-0.086,
				4.856,
				0,
				4.9,
				0,
				1,
				5.011,
				0,
				5.122,
				0,
				5.233,
				0
			]
		},
		{
			"Target": "Parameter",
			"Id": "Param_Angle_Rotation_2_ArtMesh28",
			"Segments": [
				0,
				0,
				1,
				0.189,
				0,
				0.378,
				0,
				0.567,
				0,
				1,
				0.611,
				0,
				0.656,
				-0.294,
				0.7,
				-0.294,
				1,
				0.833,
				-0.294,
				0.967,
				0.459,
				1.1,
				0.459,
				1,
				1.244,
				0.459,
				1.389,
				-0.504,
				1.533,
				-0.504,
				1,
				1.7,
				-0.504,
				1.867,
				0.442,
				2.033,
				0.442,
				1,
				2.2,
				0.442,
				2.367,
				-0.45,
				2.533,
				-0.45,
				1,
				2.667,
				-0.45,
				2.8,
				0.332,
				2.933,
				0.332,
				1,
				3.144,
				0.332,
				3.356,
				-0.326,
				3.567,
				-0.326,
				1,
				3.733,
				-0.326,
				3.9,
				0.36,
				4.067,
				0.36,
				1,
				4.178,
				0.36,
				4.289,
				-0.546,
				4.4,
				-0.546,
				1,
				4.489,
				-0.546,
				4.578,
				0.324,
				4.667,
				0.324,
				1,
				4.744,
				0.324,
				4.822,
				-0.136,
				4.9,
				-0.136,
				1,
				4.978,
				-0.136,
				5.056,
				0.066,
				5.133,
				0.066,
				1,
				5.167,
				0.066,
				5.2,
				0,
				5.233,
				0
			]
		},
		{
			"Target": "Parameter",
			"Id": "Param_Angle_Rotation_3_ArtMesh28",
			"Segments": [
				0,
				0,
				1,
				0.211,
				0,
				0.422,
				0,
				0.633,
				0,
				1,
				0.678,
				0,
				0.722,
				-0.407,
				0.767,
				-0.407,
				1,
				0.9,
				-0.407,
				1.033,
				0.773,
				1.167,
				0.773,
				1,
				1.3,
				0.773,
				1.433,
				-1.023,
				1.567,
				-1.023,
				1,
				1.722,
				-1.023,
				1.878,
				0.809,
				2.033,
				0.809,
				1,
				2.211,
				0.809,
				2.389,
				-0.793,
				2.567,
				-0.793,
				1,
				2.722,
				-0.793,
				2.878,
				0.667,
				3.033,
				0.667,
				1,
				3.222,
				0.667,
				3.411,
				-0.529,
				3.6,
				-0.529,
				1,
				3.756,
				-0.529,
				3.911,
				0.631,
				4.067,
				0.631,
				1,
				4.2,
				0.631,
				4.333,
				-0.833,
				4.467,
				-0.833,
				1,
				4.556,
				-0.833,
				4.644,
				0.487,
				4.733,
				0.487,
				1,
				4.844,
				0.487,
				4.956,
				-0.338,
				5.067,
				-0.338,
				1,
				5.122,
				-0.338,
				5.178,
				0,
				5.233,
				0
			]
		},
		{
			"Target": "Parameter",
			"Id": "Param_Angle_Rotation_4_ArtMesh28",
			"Segments": [
				0,
				0,
				1,
				0.233,
				0,
				0.467,
				0,
				0.7,
				0,
				1,
				0.744,
				0,
				0.789,
				-0.555,
				0.833,
				-0.555,
				1,
				0.967,
				-0.555,
				1.1,
				0.885,
				1.233,
				0.885,
				1,
				1.378,
				0.885,
				1.522,
				-1.141,
				1.667,
				-1.141,
				1,
				1.811,
				-1.141,
				1.956,
				0.977,
				2.1,
				0.977,
				1,
				2.278,
				0.977,
				2.456,
				-0.91,
				2.633,
				-0.91,
				1,
				2.789,
				-0.91,
				2.944,
				0.698,
				3.1,
				0.698,
				1,
				3.278,
				0.698,
				3.456,
				-0.636,
				3.633,
				-0.636,
				1,
				3.8,
				-0.636,
				3.967,
				0.725,
				4.133,
				0.725,
				1,
				4.278,
				0.725,
				4.422,
				-0.886,
				4.567,
				-0.886,
				1,
				4.667,
				-0.886,
				4.767,
				0.64,
				4.867,
				0.64,
				1,
				4.989,
				0.64,
				5.111,
				0,
				5.233,
				0
			]
		},
		{
			"Target": "Parameter",
			"Id": "Param_Angle_Rotation_5_ArtMesh28",
			"Segments": [
				0,
				0,
				1,
				0.267,
				0,
				0.533,
				0,
				0.8,
				0,
				1,
				0.856,
				0,
				0.911,
				-0.691,
				0.967,
				-0.691,
				1,
				1.078,
				-0.691,
				1.189,
				1.341,
				1.3,
				1.341,
				1,
				1.444,
				1.341,
				1.589,
				-1.66,
				1.733,
				-1.66,
				1,
				1.878,
				-1.66,
				2.022,
				1.553,
				2.167,
				1.553,
				1,
				2.344,
				1.553,
				2.522,
				-1.371,
				2.7,
				-1.371,
				1,
				2.844,
				-1.371,
				2.989,
				1.156,
				3.133,
				1.156,
				1,
				3.322,
				1.156,
				3.511,
				-1.012,
				3.7,
				-1.012,
				1,
				3.867,
				-1.012,
				4.033,
				1.084,
				4.2,
				1.084,
				1,
				4.344,
				1.084,
				4.489,
				-1.322,
				4.633,
				-1.322,
				1,
				4.744,
				-1.322,
				4.856,
				1.026,
				4.967,
				1.026,
				1,
				5.056,
				1.026,
				5.144,
				0.746,
				5.233,
				0
			]
		},
		{
			"Target": "Parameter",
			"Id": "Param_Angle_Rotation_6_ArtMesh28",
			"Segments": [
				0,
				0,
				1,
				0.267,
				0,
				0.533,
				0,
				0.8,
				0,
				1,
				0.856,
				0,
				0.911,
				-0.691,
				0.967,
				-0.691,
				1,
				1.078,
				-0.691,
				1.189,
				1.341,
				1.3,
				1.341,
				1,
				1.444,
				1.341,
				1.589,
				-1.66,
				1.733,
				-1.66,
				1,
				1.878,
				-1.66,
				2.022,
				1.553,
				2.167,
				1.553,
				1,
				2.344,
				1.553,
				2.522,
				-1.371,
				2.7,
				-1.371,
				1,
				2.844,
				-1.371,
				2.989,
				1.156,
				3.133,
				1.156,
				1,
				3.322,
				1.156,
				3.511,
				-1.012,
				3.7,
				-1.012,
				1,
				3.867,
				-1.012,
				4.033,
				1.084,
				4.2,
				1.084,
				1,
				4.344,
				1.084,
				4.489,
				-1.322,
				4.633,
				-1.322,
				1,
				4.744,
				-1.322,
				4.856,
				1.026,
				4.967,
				1.026,
				1,
				5.056,
				1.026,
				5.144,
				0.746,
				5.233,
				0
			]
		},
		{
			"Target": "Parameter",
			"Id": "Param_Angle_Rotation_7_ArtMesh28",
			"Segments": [
				0,
				0,
				1,
				0.267,
				0,
				0.533,
				0,
				0.8,
				0,
				1,
				0.856,
				0,
				0.911,
				-0.691,
				0.967,
				-0.691,
				1,
				1.078,
				-0.691,
				1.189,
				1.341,
				1.3,
				1.341,
				1,
				1.444,
				1.341,
				1.589,
				-1.66,
				1.733,
				-1.66,
				1,
				1.878,
				-1.66,
				2.022,
				1.553,
				2.167,
				1.553,
				1,
				2.344,
				1.553,
				2.522,
				-1.371,
				2.7,
				-1.371,
				1,
				2.844,
				-1.371,
				2.989,
				1.156,
				3.133,
				1.156,
				1,
				3.322,
				1.156,
				3.511,
				-1.012,
				3.7,
				-1.012,
				1,
				3.867,
				-1.012,
				4.033,
				1.084,
				4.2,
				1.084,
				1,
				4.344,
				1.084,
				4.489,
				-1.322,
				4.633,
				-1.322,
				1,
				4.744,
				-1.322,
				4.856,
				1.026,
				4.967,
				1.026,
				1,
				5.056,
				1.026,
				5.144,
				0.746,
				5.233,
				0
			]
		},
		{
			"Target": "Parameter",
			"Id": "Param_Angle_Rotation_1_ArtMesh5",
			"Segments": [
				0,
				0,
				1,
				1.744,
				0,
				3.489,
				0,
				5.233,
				0
			]
		},
		{
			"Target": "Parameter",
			"Id": "Param_Angle_Rotation_2_ArtMesh5",
			"Segments": [
				0,
				0,
				1,
				0.189,
				0,
				0.378,
				0,
				0.567,
				0,
				1,
				0.6,
				0,
				0.633,
				-0.116,
				0.667,
				-0.116,
				1,
				0.744,
				-0.116,
				0.822,
				0.098,
				0.9,
				0.098,
				1,
				0.956,
				0.098,
				1.011,
				0.058,
				1.067,
				0.058,
				1,
				1.078,
				0.058,
				1.089,
				0.063,
				1.1,
				0.063,
				1,
				1.189,
				0.063,
				1.278,
				-0.099,
				1.367,
				-0.099,
				1,
				1.522,
				-0.099,
				1.678,
				0.086,
				1.833,
				0.086,
				1,
				1.878,
				0.086,
				1.922,
				0.057,
				1.967,
				0.057,
				1,
				2,
				0.057,
				2.033,
				0.071,
				2.067,
				0.071,
				1,
				2.156,
				0.071,
				2.244,
				-0.088,
				2.333,
				-0.088,
				1,
				2.378,
				-0.088,
				2.422,
				-0.061,
				2.467,
				-0.061,
				1,
				2.489,
				-0.061,
				2.511,
				-0.065,
				2.533,
				-0.065,
				1,
				2.622,
				-0.065,
				2.711,
				0.071,
				2.8,
				0.071,
				1,
				2.856,
				0.071,
				2.911,
				0.038,
				2.967,
				0.038,
				1,
				3,
				0.038,
				3.033,
				0.053,
				3.067,
				0.053,
				1,
				3.156,
				0.053,
				3.244,
				-0.079,
				3.333,
				-0.079,
				1,
				3.389,
				-0.079,
				3.444,
				-0.034,
				3.5,
				-0.034,
				1,
				3.533,
				-0.034,
				3.567,
				-0.049,
				3.6,
				-0.049,
				1,
				3.689,
				-0.049,
				3.778,
				0.068,
				3.867,
				0.068,
				1,
				3.911,
				0.068,
				3.956,
				0.05,
				4,
				0.05,
				1,
				4.022,
				0.05,
				4.044,
				0.055,
				4.067,
				0.055,
				1,
				4.167,
				0.055,
				4.267,
				-0.124,
				4.367,
				-0.124,
				1,
				4.433,
				-0.124,
				4.5,
				0.139,
				4.567,
				0.139,
				1,
				4.633,
				0.139,
				4.7,
				-0.074,
				4.767,
				-0.074,
				1,
				4.8,
				-0.074,
				4.833,
				0,
				4.867,
				0,
				1,
				4.989,
				0,
				5.111,
				0,
				5.233,
				0
			]
		},
		{
			"Target": "Parameter",
			"Id": "Param_Angle_Rotation_3_ArtMesh5",
			"Segments": [
				0,
				0,
				1,
				0.211,
				0,
				0.422,
				0,
				0.633,
				0,
				1,
				0.667,
				0,
				0.7,
				-0.155,
				0.733,
				-0.155,
				1,
				0.822,
				-0.155,
				0.911,
				0.243,
				1,
				0.243,
				1,
				1.144,
				0.243,
				1.289,
				-0.233,
				1.433,
				-0.233,
				1,
				1.589,
				-0.233,
				1.744,
				0.207,
				1.9,
				0.207,
				1,
				2.078,
				0.207,
				2.256,
				-0.228,
				2.433,
				-0.228,
				1,
				2.578,
				-0.228,
				2.722,
				0.17,
				2.867,
				0.17,
				1,
				2.933,
				0.17,
				3,
				0.072,
				3.067,
				0.072,
				1,
				3.089,
				0.072,
				3.111,
				0.077,
				3.133,
				0.077,
				1,
				3.222,
				0.077,
				3.311,
				-0.158,
				3.4,
				-0.158,
				1,
				3.467,
				-0.158,
				3.533,
				-0.068,
				3.6,
				-0.068,
				1,
				3.611,
				-0.068,
				3.622,
				-0.07,
				3.633,
				-0.07,
				1,
				3.733,
				-0.07,
				3.833,
				0.163,
				3.933,
				0.163,
				1,
				4.089,
				0.163,
				4.244,
				-0.283,
				4.4,
				-0.283,
				1,
				4.478,
				-0.283,
				4.556,
				0.247,
				4.633,
				0.247,
				1,
				4.711,
				0.247,
				4.789,
				-0.189,
				4.867,
				-0.189,
				1,
				4.922,
				-0.189,
				4.978,
				0.094,
				5.033,
				0.094,
				1,
				5.067,
				0.094,
				5.1,
				0,
				5.133,
				0,
				1,
				5.167,
				0,
				5.2,
				0,
				5.233,
				0
			]
		},
		{
			"Target": "Parameter",
			"Id": "Param_Angle_Rotation_4_ArtMesh5",
			"Segments": [
				0,
				0,
				1,
				0.222,
				0,
				0.444,
				0,
				0.667,
				0,
				1,
				0.711,
				0,
				0.756,
				-0.342,
				0.8,
				-0.342,
				1,
				0.889,
				-0.342,
				0.978,
				0.458,
				1.067,
				0.458,
				1,
				1.211,
				0.458,
				1.356,
				-0.394,
				1.5,
				-0.394,
				1,
				1.644,
				-0.394,
				1.789,
				0.359,
				1.933,
				0.359,
				1,
				2.122,
				0.359,
				2.311,
				-0.33,
				2.5,
				-0.33,
				1,
				2.644,
				-0.33,
				2.789,
				0.294,
				2.933,
				0.294,
				1,
				3.111,
				0.294,
				3.289,
				-0.266,
				3.467,
				-0.266,
				1,
				3.644,
				-0.266,
				3.822,
				0.278,
				4,
				0.278,
				1,
				4.144,
				0.278,
				4.289,
				-0.45,
				4.433,
				-0.45,
				1,
				4.522,
				-0.45,
				4.611,
				0.497,
				4.7,
				0.497,
				1,
				4.778,
				0.497,
				4.856,
				-0.425,
				4.933,
				-0.425,
				1,
				5,
				-0.425,
				5.067,
				0.227,
				5.133,
				0.227,
				1,
				5.167,
				0.227,
				5.2,
				0,
				5.233,
				0
			]
		},
		{
			"Target": "Parameter",
			"Id": "Param_Angle_Rotation_5_ArtMesh5",
			"Segments": [
				0,
				0,
				1,
				0.244,
				0,
				0.489,
				0,
				0.733,
				0,
				1,
				0.778,
				0,
				0.822,
				-0.34,
				0.867,
				-0.34,
				1,
				0.956,
				-0.34,
				1.044,
				0.724,
				1.133,
				0.724,
				1,
				1.267,
				0.724,
				1.4,
				-0.588,
				1.533,
				-0.588,
				1,
				1.689,
				-0.588,
				1.844,
				0.543,
				2,
				0.543,
				1,
				2.178,
				0.543,
				2.356,
				-0.51,
				2.533,
				-0.51,
				1,
				2.678,
				-0.51,
				2.822,
				0.448,
				2.967,
				0.448,
				1,
				3.156,
				0.448,
				3.344,
				-0.386,
				3.533,
				-0.386,
				1,
				3.711,
				-0.386,
				3.889,
				0.406,
				4.067,
				0.406,
				1,
				4.211,
				0.406,
				4.356,
				-0.649,
				4.5,
				-0.649,
				1,
				4.589,
				-0.649,
				4.678,
				0.836,
				4.767,
				0.836,
				1,
				4.844,
				0.836,
				4.922,
				-0.558,
				5,
				-0.558,
				1,
				5.078,
				-0.558,
				5.156,
				0,
				5.233,
				0
			]
		},
		{
			"Target": "Parameter",
			"Id": "Param_Angle_Rotation_1_ArtMesh6",
			"Segments": [
				0,
				0,
				1,
				1.744,
				0,
				3.489,
				0,
				5.233,
				0
			]
		},
		{
			"Target": "Parameter",
			"Id": "Param_Angle_Rotation_2_ArtMesh6",
			"Segments": [
				0,
				0,
				1,
				0.189,
				0,
				0.378,
				0,
				0.567,
				0,
				1,
				0.611,
				0,
				0.656,
				-0.061,
				0.7,
				-0.061,
				1,
				0.778,
				-0.061,
				0.856,
				0.056,
				0.933,
				0.056,
				1,
				0.978,
				0.056,
				1.022,
				0.037,
				1.067,
				0.037,
				1,
				1.078,
				0.037,
				1.089,
				0.037,
				1.1,
				0.037,
				1,
				1.2,
				0.037,
				1.3,
				-0.056,
				1.4,
				-0.056,
				1,
				1.544,
				-0.056,
				1.689,
				0.049,
				1.833,
				0.049,
				1,
				1.889,
				0.049,
				1.944,
				0.036,
				2,
				0.036,
				1,
				2.033,
				0.036,
				2.067,
				0.041,
				2.1,
				0.041,
				1,
				2.189,
				0.041,
				2.278,
				-0.05,
				2.367,
				-0.05,
				1,
				2.411,
				-0.05,
				2.456,
				-0.038,
				2.5,
				-0.038,
				1,
				2.522,
				-0.038,
				2.544,
				-0.039,
				2.567,
				-0.039,
				1,
				2.656,
				-0.039,
				2.744,
				0.039,
				2.833,
				0.039,
				1,
				2.878,
				0.039,
				2.922,
				0.024,
				2.967,
				0.024,
				1,
				3,
				0.024,
				3.033,
				0.03,
				3.067,
				0.03,
				1,
				3.167,
				0.03,
				3.267,
				-0.043,
				3.367,
				-0.043,
				1,
				3.411,
				-0.043,
				3.456,
				-0.022,
				3.5,
				-0.022,
				1,
				3.533,
				-0.022,
				3.567,
				-0.028,
				3.6,
				-0.028,
				1,
				3.689,
				-0.028,
				3.778,
				0.039,
				3.867,
				0.039,
				1,
				3.922,
				0.039,
				3.978,
				0.031,
				4.033,
				0.031,
				1,
				4.044,
				0.031,
				4.056,
				0.032,
				4.067,
				0.032,
				1,
				4.167,
				0.032,
				4.267,
				-0.072,
				4.367,
				-0.072,
				1,
				4.444,
				-0.072,
				4.522,
				0.073,
				4.6,
				0.073,
				1,
				4.667,
				0.073,
				4.733,
				-0.031,
				4.8,
				-0.031,
				1,
				4.944,
				-0.031,
				5.089,
				-0.03,
				5.233,
				-0.03
			]
		},
		{
			"Target": "Parameter",
			"Id": "Param_Angle_Rotation_3_ArtMesh6",
			"Segments": [
				0,
				0,
				1,
				0.211,
				0,
				0.422,
				0,
				0.633,
				0,
				1,
				0.678,
				0,
				0.722,
				-0.07,
				0.767,
				-0.07,
				1,
				0.844,
				-0.07,
				0.922,
				0.114,
				1,
				0.114,
				1,
				1.156,
				0.114,
				1.311,
				-0.111,
				1.467,
				-0.111,
				1,
				1.611,
				-0.111,
				1.756,
				0.099,
				1.9,
				0.099,
				1,
				2.078,
				0.099,
				2.256,
				-0.109,
				2.433,
				-0.109,
				1,
				2.589,
				-0.109,
				2.744,
				0.08,
				2.9,
				0.08,
				1,
				2.967,
				0.08,
				3.033,
				0.038,
				3.1,
				0.038,
				1,
				3.111,
				0.038,
				3.122,
				0.038,
				3.133,
				0.038,
				1,
				3.233,
				0.038,
				3.333,
				-0.075,
				3.433,
				-0.075,
				1,
				3.6,
				-0.075,
				3.767,
				0.077,
				3.933,
				0.077,
				1,
				4.089,
				0.077,
				4.244,
				-0.131,
				4.4,
				-0.131,
				1,
				4.478,
				-0.131,
				4.556,
				0.111,
				4.633,
				0.111,
				1,
				4.711,
				0.111,
				4.789,
				-0.08,
				4.867,
				-0.08,
				1,
				4.922,
				-0.08,
				4.978,
				0.041,
				5.033,
				0.041,
				1,
				5.1,
				0.041,
				5.167,
				0.041,
				5.233,
				0.04
			]
		},
		{
			"Target": "Parameter",
			"Id": "Param_Angle_Rotation_4_ArtMesh6",
			"Segments": [
				0,
				0,
				1,
				0.222,
				0,
				0.444,
				0,
				0.667,
				0,
				1,
				0.711,
				0,
				0.756,
				-0.205,
				0.8,
				-0.205,
				1,
				0.889,
				-0.205,
				0.978,
				0.287,
				1.067,
				0.287,
				1,
				1.211,
				0.287,
				1.356,
				-0.252,
				1.5,
				-0.252,
				1,
				1.656,
				-0.252,
				1.811,
				0.231,
				1.967,
				0.231,
				1,
				2.156,
				0.231,
				2.344,
				-0.211,
				2.533,
				-0.211,
				1,
				2.667,
				-0.211,
				2.8,
				0.187,
				2.933,
				0.187,
				1,
				3.122,
				0.187,
				3.311,
				-0.169,
				3.5,
				-0.169,
				1,
				3.667,
				-0.169,
				3.833,
				0.176,
				4,
				0.176,
				1,
				4.156,
				0.176,
				4.311,
				-0.286,
				4.467,
				-0.286,
				1,
				4.544,
				-0.286,
				4.622,
				0.297,
				4.7,
				0.297,
				1,
				4.789,
				0.297,
				4.878,
				-0.246,
				4.967,
				-0.246,
				1,
				5.056,
				-0.246,
				5.144,
				0,
				5.233,
				0
			]
		},
		{
			"Target": "Parameter",
			"Id": "Param_Angle_Rotation_5_ArtMesh6",
			"Segments": [
				0,
				0,
				1,
				0.244,
				0,
				0.489,
				0,
				0.733,
				0,
				1,
				0.778,
				0,
				0.822,
				-0.234,
				0.867,
				-0.234,
				1,
				0.956,
				-0.234,
				1.044,
				0.511,
				1.133,
				0.511,
				1,
				1.278,
				0.511,
				1.422,
				-0.427,
				1.567,
				-0.427,
				1,
				1.722,
				-0.427,
				1.878,
				0.39,
				2.033,
				0.39,
				1,
				2.211,
				0.39,
				2.389,
				-0.369,
				2.567,
				-0.369,
				1,
				2.711,
				-0.369,
				2.856,
				0.322,
				3,
				0.322,
				1,
				3.189,
				0.322,
				3.378,
				-0.276,
				3.567,
				-0.276,
				1,
				3.733,
				-0.276,
				3.9,
				0.292,
				4.067,
				0.292,
				1,
				4.222,
				0.292,
				4.378,
				-0.455,
				4.533,
				-0.455,
				1,
				4.611,
				-0.455,
				4.689,
				0.565,
				4.767,
				0.565,
				1,
				4.844,
				0.565,
				4.922,
				-0.371,
				5,
				-0.371,
				1,
				5.078,
				-0.371,
				5.156,
				0,
				5.233,
				0
			]
		},
		{
			"Target": "Parameter",
			"Id": "Param_Angle_Rotation_6_ArtMesh6",
			"Segments": [
				0,
				0,
				1,
				0.244,
				0,
				0.489,
				0,
				0.733,
				0,
				1,
				0.778,
				0,
				0.822,
				-0.312,
				0.867,
				-0.312,
				1,
				0.956,
				-0.312,
				1.044,
				0.681,
				1.133,
				0.681,
				1,
				1.278,
				0.681,
				1.422,
				-0.569,
				1.567,
				-0.569,
				1,
				1.722,
				-0.569,
				1.878,
				0.519,
				2.033,
				0.519,
				1,
				2.211,
				0.519,
				2.389,
				-0.492,
				2.567,
				-0.492,
				1,
				2.711,
				-0.492,
				2.856,
				0.429,
				3,
				0.429,
				1,
				3.189,
				0.429,
				3.378,
				-0.369,
				3.567,
				-0.369,
				1,
				3.733,
				-0.369,
				3.9,
				0.39,
				4.067,
				0.39,
				1,
				4.222,
				0.39,
				4.378,
				-0.607,
				4.533,
				-0.607,
				1,
				4.611,
				-0.607,
				4.689,
				0.754,
				4.767,
				0.754,
				1,
				4.844,
				0.754,
				4.922,
				-0.494,
				5,
				-0.494,
				1,
				5.078,
				-0.494,
				5.156,
				0,
				5.233,
				0
			]
		},
		{
			"Target": "Parameter",
			"Id": "Param_Angle_Rotation_7_ArtMesh6",
			"Segments": [
				0,
				0,
				1,
				0.244,
				0,
				0.489,
				0,
				0.733,
				0,
				1,
				0.778,
				0,
				0.822,
				-0.312,
				0.867,
				-0.312,
				1,
				0.956,
				-0.312,
				1.044,
				0.681,
				1.133,
				0.681,
				1,
				1.278,
				0.681,
				1.422,
				-0.569,
				1.567,
				-0.569,
				1,
				1.722,
				-0.569,
				1.878,
				0.519,
				2.033,
				0.519,
				1,
				2.211,
				0.519,
				2.389,
				-0.492,
				2.567,
				-0.492,
				1,
				2.711,
				-0.492,
				2.856,
				0.429,
				3,
				0.429,
				1,
				3.189,
				0.429,
				3.378,
				-0.369,
				3.567,
				-0.369,
				1,
				3.733,
				-0.369,
				3.9,
				0.39,
				4.067,
				0.39,
				1,
				4.222,
				0.39,
				4.378,
				-0.607,
				4.533,
				-0.607,
				1,
				4.611,
				-0.607,
				4.689,
				0.754,
				4.767,
				0.754,
				1,
				4.844,
				0.754,
				4.922,
				-0.494,
				5,
				-0.494,
				1,
				5.078,
				-0.494,
				5.156,
				0,
				5.233,
				0
			]
		},
		{
			"Target": "Parameter",
			"Id": "Param_Angle_Rotation_1_ArtMesh7",
			"Segments": [
				0,
				0,
				1,
				1.744,
				0,
				3.489,
				0,
				5.233,
				0
			]
		},
		{
			"Target": "Parameter",
			"Id": "Param_Angle_Rotation_2_ArtMesh7",
			"Segments": [
				0,
				0,
				1,
				0.189,
				0,
				0.378,
				0,
				0.567,
				0,
				1,
				0.611,
				0,
				0.656,
				0.085,
				0.7,
				0.085,
				1,
				0.789,
				0.085,
				0.878,
				-0.08,
				0.967,
				-0.08,
				1,
				1.122,
				-0.08,
				1.278,
				0.085,
				1.433,
				0.085,
				1,
				1.578,
				0.085,
				1.722,
				-0.073,
				1.867,
				-0.073,
				1,
				1.911,
				-0.073,
				1.956,
				-0.062,
				2,
				-0.062,
				1,
				2.033,
				-0.062,
				2.067,
				-0.067,
				2.1,
				-0.067,
				1,
				2.2,
				-0.067,
				2.3,
				0.073,
				2.4,
				0.073,
				1,
				2.433,
				0.073,
				2.467,
				0.065,
				2.5,
				0.065,
				1,
				2.522,
				0.065,
				2.544,
				0.065,
				2.567,
				0.065,
				1,
				2.656,
				0.065,
				2.744,
				-0.058,
				2.833,
				-0.058,
				1,
				2.889,
				-0.058,
				2.944,
				-0.043,
				3,
				-0.043,
				1,
				3.033,
				-0.043,
				3.067,
				-0.048,
				3.1,
				-0.048,
				1,
				3.189,
				-0.048,
				3.278,
				0.064,
				3.367,
				0.064,
				1,
				3.422,
				0.064,
				3.478,
				0.04,
				3.533,
				0.04,
				1,
				3.567,
				0.04,
				3.6,
				0.045,
				3.633,
				0.045,
				1,
				3.722,
				0.045,
				3.811,
				-0.058,
				3.9,
				-0.058,
				1,
				3.944,
				-0.058,
				3.989,
				-0.052,
				4.033,
				-0.052,
				1,
				4.044,
				-0.052,
				4.056,
				-0.054,
				4.067,
				-0.054,
				1,
				4.167,
				-0.054,
				4.267,
				0.106,
				4.367,
				0.106,
				1,
				4.444,
				0.106,
				4.522,
				-0.101,
				4.6,
				-0.101,
				1,
				4.667,
				-0.101,
				4.733,
				0.035,
				4.8,
				0.035,
				1,
				4.944,
				0.035,
				5.089,
				0.035,
				5.233,
				0.035
			]
		},
		{
			"Target": "Parameter",
			"Id": "Param_Angle_Rotation_3_ArtMesh7",
			"Segments": [
				0,
				0,
				1,
				0.211,
				0,
				0.422,
				0,
				0.633,
				0,
				1,
				0.678,
				0,
				0.722,
				0.122,
				0.767,
				0.122,
				1,
				0.856,
				0.122,
				0.944,
				-0.204,
				1.033,
				-0.204,
				1,
				1.189,
				-0.204,
				1.344,
				0.204,
				1.5,
				0.204,
				1,
				1.644,
				0.204,
				1.789,
				-0.18,
				1.933,
				-0.18,
				1,
				2.111,
				-0.18,
				2.289,
				0.198,
				2.467,
				0.198,
				1,
				2.611,
				0.198,
				2.756,
				-0.144,
				2.9,
				-0.144,
				1,
				3.089,
				-0.144,
				3.278,
				0.134,
				3.467,
				0.134,
				1,
				3.633,
				0.134,
				3.8,
				-0.141,
				3.967,
				-0.141,
				1,
				4.122,
				-0.141,
				4.278,
				0.236,
				4.433,
				0.236,
				1,
				4.511,
				0.236,
				4.589,
				-0.188,
				4.667,
				-0.188,
				1,
				4.733,
				-0.188,
				4.8,
				0.113,
				4.867,
				0.113,
				1,
				4.933,
				0.113,
				5,
				-0.063,
				5.067,
				-0.063,
				1,
				5.122,
				-0.063,
				5.178,
				0,
				5.233,
				0
			]
		},
		{
			"Target": "Parameter",
			"Id": "Param_Angle_Rotation_4_ArtMesh7",
			"Segments": [
				0,
				0,
				1,
				0.222,
				0,
				0.444,
				0,
				0.667,
				0,
				1,
				0.722,
				0,
				0.778,
				0.271,
				0.833,
				0.271,
				1,
				0.922,
				0.271,
				1.011,
				-0.385,
				1.1,
				-0.385,
				1,
				1.244,
				-0.385,
				1.389,
				0.353,
				1.533,
				0.353,
				1,
				1.689,
				0.353,
				1.844,
				-0.317,
				2,
				-0.317,
				1,
				2.178,
				-0.317,
				2.356,
				0.297,
				2.533,
				0.297,
				1,
				2.678,
				0.297,
				2.822,
				-0.256,
				2.967,
				-0.256,
				1,
				3.144,
				-0.256,
				3.322,
				0.229,
				3.5,
				0.229,
				1,
				3.678,
				0.229,
				3.856,
				-0.246,
				4.033,
				-0.246,
				1,
				4.178,
				-0.246,
				4.322,
				0.382,
				4.467,
				0.382,
				1,
				4.556,
				0.382,
				4.644,
				-0.378,
				4.733,
				-0.378,
				1,
				4.811,
				-0.378,
				4.889,
				0.304,
				4.967,
				0.304,
				1,
				5.056,
				0.304,
				5.144,
				0,
				5.233,
				0
			]
		},
		{
			"Target": "Parameter",
			"Id": "Param_Angle_Rotation_5_ArtMesh7",
			"Segments": [
				0,
				0,
				1,
				0.244,
				0,
				0.489,
				0,
				0.733,
				0,
				1,
				0.789,
				0,
				0.844,
				0.208,
				0.9,
				0.208,
				1,
				0.989,
				0.208,
				1.078,
				-0.461,
				1.167,
				-0.461,
				1,
				1.3,
				-0.461,
				1.433,
				0.399,
				1.567,
				0.399,
				1,
				1.722,
				0.399,
				1.878,
				-0.363,
				2.033,
				-0.363,
				1,
				2.211,
				-0.363,
				2.389,
				0.344,
				2.567,
				0.344,
				1,
				2.711,
				0.344,
				2.856,
				-0.295,
				3,
				-0.295,
				1,
				3.189,
				-0.295,
				3.378,
				0.255,
				3.567,
				0.255,
				1,
				3.744,
				0.255,
				3.922,
				-0.274,
				4.1,
				-0.274,
				1,
				4.244,
				-0.274,
				4.389,
				0.42,
				4.533,
				0.42,
				1,
				4.622,
				0.42,
				4.711,
				-0.492,
				4.8,
				-0.492,
				1,
				4.878,
				-0.492,
				4.956,
				0.308,
				5.033,
				0.308,
				1,
				5.1,
				0.308,
				5.167,
				0,
				5.233,
				0
			]
		},
		{
			"Target": "Parameter",
			"Id": "Param_Angle_Rotation_6_ArtMesh7",
			"Segments": [
				0,
				0,
				1,
				0.244,
				0,
				0.489,
				0,
				0.733,
				0,
				1,
				0.789,
				0,
				0.844,
				0.208,
				0.9,
				0.208,
				1,
				0.989,
				0.208,
				1.078,
				-0.461,
				1.167,
				-0.461,
				1,
				1.3,
				-0.461,
				1.433,
				0.399,
				1.567,
				0.399,
				1,
				1.722,
				0.399,
				1.878,
				-0.363,
				2.033,
				-0.363,
				1,
				2.211,
				-0.363,
				2.389,
				0.344,
				2.567,
				0.344,
				1,
				2.711,
				0.344,
				2.856,
				-0.295,
				3,
				-0.295,
				1,
				3.189,
				-0.295,
				3.378,
				0.255,
				3.567,
				0.255,
				1,
				3.744,
				0.255,
				3.922,
				-0.274,
				4.1,
				-0.274,
				1,
				4.244,
				-0.274,
				4.389,
				0.42,
				4.533,
				0.42,
				1,
				4.622,
				0.42,
				4.711,
				-0.492,
				4.8,
				-0.492,
				1,
				4.878,
				-0.492,
				4.956,
				0.308,
				5.033,
				0.308,
				1,
				5.1,
				0.308,
				5.167,
				0,
				5.233,
				0
			]
		},
		{
			"Target": "Parameter",
			"Id": "Param_Angle_Rotation_7_ArtMesh7",
			"Segments": [
				0,
				0,
				1,
				0.244,
				0,
				0.489,
				0,
				0.733,
				0,
				1,
				0.789,
				0,
				0.844,
				0.208,
				0.9,
				0.208,
				1,
				0.989,
				0.208,
				1.078,
				-0.461,
				1.167,
				-0.461,
				1,
				1.3,
				-0.461,
				1.433,
				0.399,
				1.567,
				0.399,
				1,
				1.722,
				0.399,
				1.878,
				-0.363,
				2.033,
				-0.363,
				1,
				2.211,
				-0.363,
				2.389,
				0.344,
				2.567,
				0.344,
				1,
				2.711,
				0.344,
				2.856,
				-0.295,
				3,
				-0.295,
				1,
				3.189,
				-0.295,
				3.378,
				0.255,
				3.567,
				0.255,
				1,
				3.744,
				0.255,
				3.922,
				-0.274,
				4.1,
				-0.274,
				1,
				4.244,
				-0.274,
				4.389,
				0.42,
				4.533,
				0.42,
				1,
				4.622,
				0.42,
				4.711,
				-0.492,
				4.8,
				-0.492,
				1,
				4.878,
				-0.492,
				4.956,
				0.308,
				5.033,
				0.308,
				1,
				5.1,
				0.308,
				5.167,
				0,
				5.233,
				0
			]
		},
		{
			"Target": "Parameter",
			"Id": "Param6",
			"Segments": [
				0,
				0,
				1,
				1.744,
				0,
				3.489,
				0,
				5.233,
				0
			]
		},
		{
			"Target": "Parameter",
			"Id": "Param7",
			"Segments": [
				0,
				0,
				1,
				1.744,
				0,
				3.489,
				0,
				5.233,
				0
			]
		},
		{
			"Target": "Parameter",
			"Id": "Param8",
			"Segments": [
				0,
				0,
				1,
				1.744,
				0,
				3.489,
				0,
				5.233,
				0
			]
		},
		{
			"Target": "Parameter",
			"Id": "Param9",
			"Segments": [
				0,
				0,
				1,
				1.744,
				0,
				3.489,
				0,
				5.233,
				0
			]
		},
		{
			"Target": "Parameter",
			"Id": "Param_Angle_Rotation_1_ArtMesh44",
			"Segments": [
				0,
				0,
				1,
				0.189,
				0,
				0.378,
				0,
				0.567,
				0,
				1,
				0.644,
				0,
				0.722,
				0.683,
				0.8,
				0.683,
				1,
				0.956,
				0.683,
				1.111,
				-1.134,
				1.267,
				-1.134,
				1,
				1.433,
				-1.134,
				1.6,
				1.092,
				1.767,
				1.092,
				1,
				1.933,
				1.092,
				2.1,
				-1.079,
				2.267,
				-1.079,
				1,
				2.422,
				-1.079,
				2.578,
				0.869,
				2.733,
				0.869,
				1,
				2.9,
				0.869,
				3.067,
				-0.756,
				3.233,
				-0.756,
				1,
				3.411,
				-0.756,
				3.589,
				0.827,
				3.767,
				0.827,
				1,
				3.911,
				0.827,
				4.056,
				-0.743,
				4.2,
				-0.743,
				1,
				4.3,
				-0.743,
				4.4,
				0.258,
				4.5,
				0.258,
				1,
				4.589,
				0.258,
				4.678,
				-0.086,
				4.767,
				-0.086,
				1,
				4.811,
				-0.086,
				4.856,
				0,
				4.9,
				0,
				1,
				5.011,
				0,
				5.122,
				0,
				5.233,
				0
			]
		},
		{
			"Target": "Parameter",
			"Id": "Param_Angle_Rotation_2_ArtMesh44",
			"Segments": [
				0,
				0,
				1,
				0.189,
				0,
				0.378,
				0,
				0.567,
				0,
				1,
				0.611,
				0,
				0.656,
				-0.294,
				0.7,
				-0.294,
				1,
				0.833,
				-0.294,
				0.967,
				0.459,
				1.1,
				0.459,
				1,
				1.244,
				0.459,
				1.389,
				-0.504,
				1.533,
				-0.504,
				1,
				1.7,
				-0.504,
				1.867,
				0.442,
				2.033,
				0.442,
				1,
				2.2,
				0.442,
				2.367,
				-0.45,
				2.533,
				-0.45,
				1,
				2.667,
				-0.45,
				2.8,
				0.332,
				2.933,
				0.332,
				1,
				3.144,
				0.332,
				3.356,
				-0.326,
				3.567,
				-0.326,
				1,
				3.733,
				-0.326,
				3.9,
				0.36,
				4.067,
				0.36,
				1,
				4.178,
				0.36,
				4.289,
				-0.546,
				4.4,
				-0.546,
				1,
				4.489,
				-0.546,
				4.578,
				0.324,
				4.667,
				0.324,
				1,
				4.744,
				0.324,
				4.822,
				-0.136,
				4.9,
				-0.136,
				1,
				4.978,
				-0.136,
				5.056,
				0.066,
				5.133,
				0.066,
				1,
				5.167,
				0.066,
				5.2,
				0,
				5.233,
				0
			]
		},
		{
			"Target": "Parameter",
			"Id": "Param_Angle_Rotation_3_ArtMesh44",
			"Segments": [
				0,
				0,
				1,
				0.211,
				0,
				0.422,
				0,
				0.633,
				0,
				1,
				0.678,
				0,
				0.722,
				-0.407,
				0.767,
				-0.407,
				1,
				0.9,
				-0.407,
				1.033,
				0.773,
				1.167,
				0.773,
				1,
				1.3,
				0.773,
				1.433,
				-1.023,
				1.567,
				-1.023,
				1,
				1.722,
				-1.023,
				1.878,
				0.809,
				2.033,
				0.809,
				1,
				2.211,
				0.809,
				2.389,
				-0.793,
				2.567,
				-0.793,
				1,
				2.722,
				-0.793,
				2.878,
				0.667,
				3.033,
				0.667,
				1,
				3.222,
				0.667,
				3.411,
				-0.529,
				3.6,
				-0.529,
				1,
				3.756,
				-0.529,
				3.911,
				0.631,
				4.067,
				0.631,
				1,
				4.2,
				0.631,
				4.333,
				-0.833,
				4.467,
				-0.833,
				1,
				4.556,
				-0.833,
				4.644,
				0.487,
				4.733,
				0.487,
				1,
				4.844,
				0.487,
				4.956,
				-0.338,
				5.067,
				-0.338,
				1,
				5.122,
				-0.338,
				5.178,
				0,
				5.233,
				0
			]
		},
		{
			"Target": "Parameter",
			"Id": "Param_Angle_Rotation_4_ArtMesh44",
			"Segments": [
				0,
				0,
				1,
				0.233,
				0,
				0.467,
				0,
				0.7,
				0,
				1,
				0.744,
				0,
				0.789,
				-0.74,
				0.833,
				-0.74,
				1,
				0.967,
				-0.74,
				1.1,
				1.179,
				1.233,
				1.179,
				1,
				1.378,
				1.179,
				1.522,
				-1.521,
				1.667,
				-1.521,
				1,
				1.811,
				-1.521,
				1.956,
				1.302,
				2.1,
				1.302,
				1,
				2.278,
				1.302,
				2.456,
				-1.214,
				2.633,
				-1.214,
				1,
				2.789,
				-1.214,
				2.944,
				0.931,
				3.1,
				0.931,
				1,
				3.278,
				0.931,
				3.456,
				-0.849,
				3.633,
				-0.849,
				1,
				3.8,
				-0.849,
				3.967,
				0.966,
				4.133,
				0.966,
				1,
				4.278,
				0.966,
				4.422,
				-1.181,
				4.567,
				-1.181,
				1,
				4.667,
				-1.181,
				4.767,
				0.853,
				4.867,
				0.853,
				1,
				4.989,
				0.853,
				5.111,
				0,
				5.233,
				0
			]
		},
		{
			"Target": "Parameter",
			"Id": "Param_Angle_Rotation_5_ArtMesh44",
			"Segments": [
				0,
				0,
				1,
				0.267,
				0,
				0.533,
				0,
				0.8,
				0,
				1,
				0.856,
				0,
				0.911,
				-0.691,
				0.967,
				-0.691,
				1,
				1.078,
				-0.691,
				1.189,
				1.341,
				1.3,
				1.341,
				1,
				1.444,
				1.341,
				1.589,
				-1.66,
				1.733,
				-1.66,
				1,
				1.878,
				-1.66,
				2.022,
				1.553,
				2.167,
				1.553,
				1,
				2.344,
				1.553,
				2.522,
				-1.371,
				2.7,
				-1.371,
				1,
				2.844,
				-1.371,
				2.989,
				1.156,
				3.133,
				1.156,
				1,
				3.322,
				1.156,
				3.511,
				-1.012,
				3.7,
				-1.012,
				1,
				3.867,
				-1.012,
				4.033,
				1.084,
				4.2,
				1.084,
				1,
				4.344,
				1.084,
				4.489,
				-1.322,
				4.633,
				-1.322,
				1,
				4.744,
				-1.322,
				4.856,
				1.026,
				4.967,
				1.026,
				1,
				5.056,
				1.026,
				5.144,
				0.746,
				5.233,
				0
			]
		},
		{
			"Target": "Parameter",
			"Id": "Param_Angle_Rotation_1_ArtMesh43",
			"Segments": [
				0,
				0,
				1,
				0.189,
				0,
				0.378,
				0,
				0.567,
				0,
				1,
				0.644,
				0,
				0.722,
				0.683,
				0.8,
				0.683,
				1,
				0.956,
				0.683,
				1.111,
				-1.134,
				1.267,
				-1.134,
				1,
				1.433,
				-1.134,
				1.6,
				1.092,
				1.767,
				1.092,
				1,
				1.933,
				1.092,
				2.1,
				-1.079,
				2.267,
				-1.079,
				1,
				2.422,
				-1.079,
				2.578,
				0.869,
				2.733,
				0.869,
				1,
				2.9,
				0.869,
				3.067,
				-0.756,
				3.233,
				-0.756,
				1,
				3.411,
				-0.756,
				3.589,
				0.827,
				3.767,
				0.827,
				1,
				3.911,
				0.827,
				4.056,
				-0.743,
				4.2,
				-0.743,
				1,
				4.3,
				-0.743,
				4.4,
				0.258,
				4.5,
				0.258,
				1,
				4.589,
				0.258,
				4.678,
				-0.086,
				4.767,
				-0.086,
				1,
				4.811,
				-0.086,
				4.856,
				0,
				4.9,
				0,
				1,
				5.011,
				0,
				5.122,
				0,
				5.233,
				0
			]
		},
		{
			"Target": "Parameter",
			"Id": "Param_Angle_Rotation_2_ArtMesh43",
			"Segments": [
				0,
				0,
				1,
				0.189,
				0,
				0.378,
				0,
				0.567,
				0,
				1,
				0.611,
				0,
				0.656,
				-0.294,
				0.7,
				-0.294,
				1,
				0.833,
				-0.294,
				0.967,
				0.459,
				1.1,
				0.459,
				1,
				1.244,
				0.459,
				1.389,
				-0.504,
				1.533,
				-0.504,
				1,
				1.7,
				-0.504,
				1.867,
				0.442,
				2.033,
				0.442,
				1,
				2.2,
				0.442,
				2.367,
				-0.45,
				2.533,
				-0.45,
				1,
				2.667,
				-0.45,
				2.8,
				0.332,
				2.933,
				0.332,
				1,
				3.144,
				0.332,
				3.356,
				-0.326,
				3.567,
				-0.326,
				1,
				3.733,
				-0.326,
				3.9,
				0.36,
				4.067,
				0.36,
				1,
				4.178,
				0.36,
				4.289,
				-0.546,
				4.4,
				-0.546,
				1,
				4.489,
				-0.546,
				4.578,
				0.324,
				4.667,
				0.324,
				1,
				4.744,
				0.324,
				4.822,
				-0.136,
				4.9,
				-0.136,
				1,
				4.978,
				-0.136,
				5.056,
				0.066,
				5.133,
				0.066,
				1,
				5.167,
				0.066,
				5.2,
				0,
				5.233,
				0
			]
		},
		{
			"Target": "Parameter",
			"Id": "Param_Angle_Rotation_3_ArtMesh43",
			"Segments": [
				0,
				0,
				1,
				0.211,
				0,
				0.422,
				0,
				0.633,
				0,
				1,
				0.678,
				0,
				0.722,
				-0.407,
				0.767,
				-0.407,
				1,
				0.9,
				-0.407,
				1.033,
				0.773,
				1.167,
				0.773,
				1,
				1.3,
				0.773,
				1.433,
				-1.023,
				1.567,
				-1.023,
				1,
				1.722,
				-1.023,
				1.878,
				0.809,
				2.033,
				0.809,
				1,
				2.211,
				0.809,
				2.389,
				-0.793,
				2.567,
				-0.793,
				1,
				2.722,
				-0.793,
				2.878,
				0.667,
				3.033,
				0.667,
				1,
				3.222,
				0.667,
				3.411,
				-0.529,
				3.6,
				-0.529,
				1,
				3.756,
				-0.529,
				3.911,
				0.631,
				4.067,
				0.631,
				1,
				4.2,
				0.631,
				4.333,
				-0.833,
				4.467,
				-0.833,
				1,
				4.556,
				-0.833,
				4.644,
				0.487,
				4.733,
				0.487,
				1,
				4.844,
				0.487,
				4.956,
				-0.338,
				5.067,
				-0.338,
				1,
				5.122,
				-0.338,
				5.178,
				0,
				5.233,
				0
			]
		},
		{
			"Target": "Parameter",
			"Id": "Param_Angle_Rotation_4_ArtMesh43",
			"Segments": [
				0,
				0,
				1,
				0.233,
				0,
				0.467,
				0,
				0.7,
				0,
				1,
				0.744,
				0,
				0.789,
				-0.74,
				0.833,
				-0.74,
				1,
				0.967,
				-0.74,
				1.1,
				1.179,
				1.233,
				1.179,
				1,
				1.378,
				1.179,
				1.522,
				-1.521,
				1.667,
				-1.521,
				1,
				1.811,
				-1.521,
				1.956,
				1.302,
				2.1,
				1.302,
				1,
				2.278,
				1.302,
				2.456,
				-1.214,
				2.633,
				-1.214,
				1,
				2.789,
				-1.214,
				2.944,
				0.931,
				3.1,
				0.931,
				1,
				3.278,
				0.931,
				3.456,
				-0.849,
				3.633,
				-0.849,
				1,
				3.8,
				-0.849,
				3.967,
				0.966,
				4.133,
				0.966,
				1,
				4.278,
				0.966,
				4.422,
				-1.181,
				4.567,
				-1.181,
				1,
				4.667,
				-1.181,
				4.767,
				0.853,
				4.867,
				0.853,
				1,
				4.989,
				0.853,
				5.111,
				0,
				5.233,
				0
			]
		},
		{
			"Target": "Parameter",
			"Id": "Param_Angle_Rotation_5_ArtMesh43",
			"Segments": [
				0,
				0,
				1,
				0.267,
				0,
				0.533,
				0,
				0.8,
				0,
				1,
				0.856,
				0,
				0.911,
				-0.691,
				0.967,
				-0.691,
				1,
				1.078,
				-0.691,
				1.189,
				1.341,
				1.3,
				1.341,
				1,
				1.444,
				1.341,
				1.589,
				-1.66,
				1.733,
				-1.66,
				1,
				1.878,
				-1.66,
				2.022,
				1.553,
				2.167,
				1.553,
				1,
				2.344,
				1.553,
				2.522,
				-1.371,
				2.7,
				-1.371,
				1,
				2.844,
				-1.371,
				2.989,
				1.156,
				3.133,
				1.156,
				1,
				3.322,
				1.156,
				3.511,
				-1.012,
				3.7,
				-1.012,
				1,
				3.867,
				-1.012,
				4.033,
				1.084,
				4.2,
				1.084,
				1,
				4.344,
				1.084,
				4.489,
				-1.322,
				4.633,
				-1.322,
				1,
				4.744,
				-1.322,
				4.856,
				1.026,
				4.967,
				1.026,
				1,
				5.056,
				1.026,
				5.144,
				0.746,
				5.233,
				0
			]
		}
	]
}