{
	"Version": 3,
	"Meta": {
		"Duration": 2.4,
		"Fps": 30.0,
		"Loop": true,
		"AreBeziersRestricted": false,
		"CurveCount": 74,
		"TotalSegmentCount": 491,
		"TotalPointCount": 1501,
		"UserDataCount": 0,
		"TotalUserDataSize": 0
	},
	"Curves": [
		{
			"Target": "Parameter",
			"Id": "ParamAngleX",
			"Segments": [
				0,
				0,
				0,
				2.4,
				0
			]
		},
		{
			"Target": "Parameter",
			"Id": "ParamAngleY",
			"Segments": [
				0,
				0,
				0,
				2.4,
				0
			]
		},
		{
			"Target": "Parameter",
			"Id": "ParamAngleZ",
			"Segments": [
				0,
				0,
				1,
				0.1,
				0,
				0.2,
				19.776,
				0.3,
				22,
				1,
				0.533,
				27.19,
				0.767,
				28,
				1,
				28,
				1,
				1.144,
				28,
				1.289,
				-2,
				1.433,
				-2,
				1,
				1.5,
				-2,
				1.567,
				0,
				1.633,
				0,
				0,
				2.4,
				0
			]
		},
		{
			"Target": "Parameter",
			"Id": "ParamEyeLOpen",
			"Segments": [
				0,
				1,
				1,
				0.089,
				1,
				0.178,
				1,
				0.267,
				1,
				1,
				0.344,
				1,
				0.422,
				0,
				0.5,
				0,
				1,
				0.578,
				0,
				0.656,
				1,
				0.733,
				1,
				1,
				0.833,
				1,
				0.933,
				0,
				1.033,
				0,
				1,
				1.133,
				0,
				1.233,
				1,
				1.333,
				1,
				0,
				2.4,
				1
			]
		},
		{
			"Target": "Parameter",
			"Id": "ParamEyeLSmile",
			"Segments": [
				0,
				0,
				1,
				0.089,
				0,
				0.178,
				1,
				0.267,
				1,
				1,
				0.422,
				1,
				0.578,
				1,
				0.733,
				1,
				1,
				0.933,
				1,
				1.133,
				1,
				1.333,
				1,
				1,
				1.422,
				1,
				1.511,
				0,
				1.6,
				0,
				0,
				2.4,
				0
			]
		},
		{
			"Target": "Parameter",
			"Id": "ParamEyeROpen",
			"Segments": [
				0,
				1,
				1,
				0.089,
				1,
				0.178,
				1,
				0.267,
				1,
				1,
				0.344,
				1,
				0.422,
				0,
				0.5,
				0,
				1,
				0.578,
				0,
				0.656,
				1,
				0.733,
				1,
				1,
				0.833,
				1,
				0.933,
				0,
				1.033,
				0,
				1,
				1.133,
				0,
				1.233,
				1,
				1.333,
				1,
				0,
				2.4,
				1
			]
		},
		{
			"Target": "Parameter",
			"Id": "ParamEyeRSmile",
			"Segments": [
				0,
				0,
				1,
				0.089,
				0,
				0.178,
				1,
				0.267,
				1,
				1,
				0.422,
				1,
				0.578,
				1,
				0.733,
				1,
				1,
				0.933,
				1,
				1.133,
				1,
				1.333,
				1,
				1,
				1.422,
				1,
				1.511,
				0,
				1.6,
				0,
				0,
				2.4,
				0
			]
		},
		{
			"Target": "Parameter",
			"Id": "ParamEyeBallX",
			"Segments": [
				0,
				0,
				0,
				2.4,
				0
			]
		},
		{
			"Target": "Parameter",
			"Id": "ParamEyeBallY",
			"Segments": [
				0,
				0,
				0,
				2.4,
				0
			]
		},
		{
			"Target": "Parameter",
			"Id": "ParamBrowLY",
			"Segments": [
				0,
				0,
				0,
				2.4,
				0
			]
		},
		{
			"Target": "Parameter",
			"Id": "ParamBrowRForm",
			"Segments": [
				0,
				0,
				0,
				2.4,
				0
			]
		},
		{
			"Target": "Parameter",
			"Id": "ParamMouthForm",
			"Segments": [
				0,
				-1,
				1,
				0.056,
				-1,
				0.111,
				-1,
				0.167,
				-1,
				1,
				0.2,
				-1,
				0.233,
				-0.469,
				0.267,
				0,
				1,
				0.322,
				0.782,
				0.378,
				1,
				0.433,
				1,
				1,
				0.456,
				1,
				0.478,
				0.2,
				0.5,
				0.2,
				1,
				0.522,
				0.2,
				0.544,
				0.6,
				0.567,
				0.6,
				1,
				0.6,
				0.6,
				0.633,
				0.451,
				0.667,
				0,
				1,
				0.711,
				-0.602,
				0.756,
				-1,
				0.8,
				-1,
				1,
				0.822,
				-1,
				0.844,
				-1,
				0.867,
				-1,
				1,
				0.911,
				-1,
				0.956,
				-1,
				1,
				-1,
				0,
				2.4,
				-1
			]
		},
		{
			"Target": "Parameter",
			"Id": "ParamMouthOpenY",
			"Segments": [
				0,
				0,
				1,
				0.056,
				0,
				0.111,
				0,
				0.167,
				0,
				1,
				0.2,
				0,
				0.233,
				1,
				0.267,
				1,
				1,
				0.322,
				1,
				0.378,
				1,
				0.433,
				1,
				1,
				0.456,
				1,
				0.478,
				0.4,
				0.5,
				0.4,
				1,
				0.522,
				0.4,
				0.544,
				0.4,
				0.567,
				0.4,
				1,
				0.6,
				0.4,
				0.633,
				1,
				0.667,
				1,
				1,
				0.711,
				1,
				0.756,
				1,
				0.8,
				1,
				1,
				0.822,
				1,
				0.844,
				1,
				0.867,
				1,
				1,
				0.911,
				1,
				0.956,
				0,
				1,
				0,
				0,
				2.4,
				0
			]
		},
		{
			"Target": "Parameter",
			"Id": "ParamBodyAngleX",
			"Segments": [
				0,
				0,
				1,
				0.1,
				0,
				0.2,
				4.61,
				0.3,
				5,
				1,
				0.533,
				5.911,
				0.767,
				6,
				1,
				6,
				1,
				1.144,
				6,
				1.289,
				-1,
				1.433,
				-1,
				1,
				1.5,
				-1,
				1.567,
				0,
				1.633,
				0,
				0,
				2.4,
				0
			]
		},
		{
			"Target": "Parameter",
			"Id": "ParamBodyAngleZ",
			"Segments": [
				0,
				0,
				1,
				0.1,
				0,
				0.2,
				5.608,
				0.3,
				6,
				1,
				0.533,
				6.915,
				0.767,
				7,
				1,
				7,
				1,
				1.144,
				7,
				1.289,
				-1,
				1.433,
				-1,
				1,
				1.5,
				-1,
				1.567,
				0,
				1.633,
				0,
				0,
				2.4,
				0
			]
		},
		{
			"Target": "Parameter",
			"Id": "Param2",
			"Segments": [
				0,
				0,
				1,
				0.056,
				0,
				0.111,
				1,
				0.167,
				1,
				1,
				0.844,
				1,
				1.522,
				1,
				2.2,
				1,
				1,
				2.267,
				1,
				2.333,
				0,
				2.4,
				0
			]
		},
		{
			"Target": "Parameter",
			"Id": "Param16",
			"Segments": [
				0,
				0.003,
				1,
				0.011,
				0.003,
				0.022,
				0.004,
				0.033,
				0.004,
				1,
				0.233,
				0.004,
				0.433,
				-18.086,
				0.633,
				-18.086,
				1,
				0.878,
				-18.086,
				1.122,
				13.861,
				1.367,
				13.861,
				1,
				1.644,
				13.861,
				1.922,
				-14.073,
				2.2,
				-14.073,
				1,
				2.267,
				-14.073,
				2.333,
				-13.711,
				2.4,
				-13.107
			]
		},
		{
			"Target": "Parameter",
			"Id": "Param17",
			"Segments": [
				0,
				0.141,
				1,
				0.156,
				0.141,
				0.311,
				9.971,
				0.467,
				9.971,
				1,
				0.711,
				9.971,
				0.956,
				-18.115,
				1.2,
				-18.115,
				1,
				1.478,
				-18.115,
				1.756,
				11.033,
				2.033,
				11.033,
				1,
				2.156,
				11.033,
				2.278,
				8.757,
				2.4,
				5.874
			]
		},
		{
			"Target": "Parameter",
			"Id": "Param5",
			"Segments": [
				0,
				0,
				1,
				0.033,
				0,
				0.067,
				1,
				0.1,
				1,
				1,
				0.667,
				1,
				1.233,
				1,
				1.8,
				1,
				1,
				1.9,
				1,
				2,
				0,
				2.1,
				0,
				0,
				2.4,
				0
			]
		},
		{
			"Target": "Parameter",
			"Id": "Param3",
			"Segments": [
				0,
				0,
				0,
				2.4,
				0
			]
		},
		{
			"Target": "Parameter",
			"Id": "Param15",
			"Segments": [
				0,
				0,
				0,
				2.4,
				0
			]
		},
		{
			"Target": "Parameter",
			"Id": "Param14",
			"Segments": [
				0,
				0,
				0,
				2.4,
				0
			]
		},
		{
			"Target": "Parameter",
			"Id": "Param4",
			"Segments": [
				0,
				0,
				1,
				0.033,
				0,
				0.067,
				1,
				0.1,
				1,
				1,
				0.833,
				1,
				1.567,
				1,
				2.3,
				1,
				1,
				2.333,
				1,
				2.367,
				0,
				2.4,
				0
			]
		},
		{
			"Target": "Parameter",
			"Id": "Param10",
			"Segments": [
				0,
				0,
				0,
				2.4,
				0
			]
		},
		{
			"Target": "Parameter",
			"Id": "Param13",
			"Segments": [
				0,
				0,
				0,
				2.4,
				0
			]
		},
		{
			"Target": "Parameter",
			"Id": "Param_Angle_Rotation_1_ArtMesh29",
			"Segments": [
				0,
				0,
				1,
				0.022,
				0,
				0.044,
				0,
				0.067,
				0,
				1,
				0.2,
				0,
				0.333,
				4.835,
				0.467,
				4.835,
				1,
				0.533,
				4.835,
				0.6,
				4.64,
				0.667,
				4.64,
				1,
				0.778,
				4.64,
				0.889,
				4.924,
				1,
				4.924,
				1,
				1.167,
				4.924,
				1.333,
				-1.048,
				1.5,
				-1.048,
				1,
				1.6,
				-1.048,
				1.7,
				0.213,
				1.8,
				0.213,
				1,
				1.889,
				0.213,
				1.978,
				-0.087,
				2.067,
				-0.087,
				1,
				2.111,
				-0.087,
				2.156,
				0,
				2.2,
				0,
				1,
				2.267,
				0,
				2.333,
				0,
				2.4,
				0
			]
		},
		{
			"Target": "Parameter",
			"Id": "Param_Angle_Rotation_2_ArtMesh29",
			"Segments": [
				0,
				0,
				1,
				0.022,
				0,
				0.044,
				0,
				0.067,
				0,
				1,
				0.144,
				0,
				0.222,
				-1.413,
				0.3,
				-1.413,
				1,
				0.389,
				-1.413,
				0.478,
				0.661,
				0.567,
				0.661,
				1,
				0.656,
				0.661,
				0.744,
				-0.241,
				0.833,
				-0.241,
				1,
				1,
				-0.241,
				1.167,
				1.393,
				1.333,
				1.393,
				1,
				1.433,
				1.393,
				1.533,
				-1.03,
				1.633,
				-1.03,
				1,
				1.744,
				-1.03,
				1.856,
				0.411,
				1.967,
				0.411,
				1,
				2.044,
				0.411,
				2.122,
				-0.172,
				2.2,
				-0.172,
				1,
				2.267,
				-0.172,
				2.333,
				-0.126,
				2.4,
				0
			]
		},
		{
			"Target": "Parameter",
			"Id": "Param_Angle_Rotation_3_ArtMesh29",
			"Segments": [
				0,
				0,
				1,
				0.022,
				0,
				0.044,
				0,
				0.067,
				0,
				1,
				0.167,
				0,
				0.267,
				-2.081,
				0.367,
				-2.081,
				1,
				0.467,
				-2.081,
				0.567,
				1.316,
				0.667,
				1.316,
				1,
				0.767,
				1.316,
				0.867,
				-0.592,
				0.967,
				-0.592,
				1,
				1.111,
				-0.592,
				1.256,
				2.178,
				1.4,
				2.178,
				1,
				1.511,
				2.178,
				1.622,
				-1.89,
				1.733,
				-1.89,
				1,
				1.833,
				-1.89,
				1.933,
				0.911,
				2.033,
				0.911,
				1,
				2.156,
				0.911,
				2.278,
				0,
				2.4,
				0
			]
		},
		{
			"Target": "Parameter",
			"Id": "Param_Angle_Rotation_4_ArtMesh29",
			"Segments": [
				0,
				0,
				1,
				0.022,
				0,
				0.044,
				0,
				0.067,
				0,
				1,
				0.2,
				0,
				0.333,
				-2.085,
				0.467,
				-2.085,
				1,
				0.567,
				-2.085,
				0.667,
				1.656,
				0.767,
				1.656,
				1,
				0.867,
				1.656,
				0.967,
				-0.883,
				1.067,
				-0.883,
				1,
				1.2,
				-0.883,
				1.333,
				2.343,
				1.467,
				2.343,
				1,
				1.589,
				2.343,
				1.711,
				-2.239,
				1.833,
				-2.239,
				1,
				1.933,
				-2.239,
				2.033,
				1.334,
				2.133,
				1.334,
				1,
				2.222,
				1.334,
				2.311,
				0.964,
				2.4,
				0
			]
		},
		{
			"Target": "Parameter",
			"Id": "Param_Angle_Rotation_5_ArtMesh29",
			"Segments": [
				0,
				0,
				1,
				0.022,
				0,
				0.044,
				0,
				0.067,
				0,
				1,
				0.222,
				0,
				0.378,
				-2.867,
				0.533,
				-2.867,
				1,
				0.644,
				-2.867,
				0.756,
				2.668,
				0.867,
				2.668,
				1,
				0.967,
				2.668,
				1.067,
				-1.631,
				1.167,
				-1.631,
				1,
				1.289,
				-1.631,
				1.411,
				3.515,
				1.533,
				3.515,
				1,
				1.656,
				3.515,
				1.778,
				-3.592,
				1.9,
				-3.592,
				1,
				2.011,
				-3.592,
				2.122,
				2.379,
				2.233,
				2.379,
				1,
				2.289,
				2.379,
				2.344,
				1.475,
				2.4,
				0
			]
		},
		{
			"Target": "Parameter",
			"Id": "Param_Angle_Rotation_6_ArtMesh29",
			"Segments": [
				0,
				0,
				1,
				0.022,
				0,
				0.044,
				0,
				0.067,
				0,
				1,
				0.222,
				0,
				0.378,
				-2.867,
				0.533,
				-2.867,
				1,
				0.644,
				-2.867,
				0.756,
				2.668,
				0.867,
				2.668,
				1,
				0.967,
				2.668,
				1.067,
				-1.631,
				1.167,
				-1.631,
				1,
				1.289,
				-1.631,
				1.411,
				3.515,
				1.533,
				3.515,
				1,
				1.656,
				3.515,
				1.778,
				-3.592,
				1.9,
				-3.592,
				1,
				2.011,
				-3.592,
				2.122,
				2.379,
				2.233,
				2.379,
				1,
				2.289,
				2.379,
				2.344,
				1.475,
				2.4,
				0
			]
		},
		{
			"Target": "Parameter",
			"Id": "Param_Angle_Rotation_7_ArtMesh29",
			"Segments": [
				0,
				0,
				1,
				0.022,
				0,
				0.044,
				0,
				0.067,
				0,
				1,
				0.222,
				0,
				0.378,
				-2.867,
				0.533,
				-2.867,
				1,
				0.644,
				-2.867,
				0.756,
				2.668,
				0.867,
				2.668,
				1,
				0.967,
				2.668,
				1.067,
				-1.631,
				1.167,
				-1.631,
				1,
				1.289,
				-1.631,
				1.411,
				3.515,
				1.533,
				3.515,
				1,
				1.656,
				3.515,
				1.778,
				-3.592,
				1.9,
				-3.592,
				1,
				2.011,
				-3.592,
				2.122,
				2.379,
				2.233,
				2.379,
				1,
				2.289,
				2.379,
				2.344,
				1.475,
				2.4,
				0
			]
		},
		{
			"Target": "Parameter",
			"Id": "Param_Angle_Rotation_1_ArtMesh28",
			"Segments": [
				0,
				0,
				1,
				0.022,
				0,
				0.044,
				0,
				0.067,
				0,
				1,
				0.211,
				0,
				0.356,
				4.772,
				0.5,
				4.772,
				1,
				0.556,
				4.772,
				0.611,
				4.661,
				0.667,
				4.661,
				1,
				0.789,
				4.661,
				0.911,
				4.916,
				1.033,
				4.916,
				1,
				1.189,
				4.916,
				1.344,
				-0.964,
				1.5,
				-0.964,
				1,
				1.6,
				-0.964,
				1.7,
				0.232,
				1.8,
				0.232,
				1,
				1.889,
				0.232,
				1.978,
				-0.092,
				2.067,
				-0.092,
				1,
				2.111,
				-0.092,
				2.156,
				0,
				2.2,
				0,
				1,
				2.267,
				0,
				2.333,
				0,
				2.4,
				0
			]
		},
		{
			"Target": "Parameter",
			"Id": "Param_Angle_Rotation_2_ArtMesh28",
			"Segments": [
				0,
				0,
				1,
				0.022,
				0,
				0.044,
				0,
				0.067,
				0,
				1,
				0.144,
				0,
				0.222,
				-1.423,
				0.3,
				-1.423,
				1,
				0.389,
				-1.423,
				0.478,
				0.542,
				0.567,
				0.542,
				1,
				0.667,
				0.542,
				0.767,
				-0.183,
				0.867,
				-0.183,
				1,
				1.022,
				-0.183,
				1.178,
				1.423,
				1.333,
				1.423,
				1,
				1.433,
				1.423,
				1.533,
				-0.915,
				1.633,
				-0.915,
				1,
				1.744,
				-0.915,
				1.856,
				0.418,
				1.967,
				0.418,
				1,
				2.044,
				0.418,
				2.122,
				-0.193,
				2.2,
				-0.193,
				1,
				2.267,
				-0.193,
				2.333,
				0,
				2.4,
				0
			]
		},
		{
			"Target": "Parameter",
			"Id": "Param_Angle_Rotation_3_ArtMesh28",
			"Segments": [
				0,
				0,
				1,
				0.022,
				0,
				0.044,
				0,
				0.067,
				0,
				1,
				0.167,
				0,
				0.267,
				-2.051,
				0.367,
				-2.051,
				1,
				0.467,
				-2.051,
				0.567,
				1.059,
				0.667,
				1.059,
				1,
				0.767,
				1.059,
				0.867,
				-0.433,
				0.967,
				-0.433,
				1,
				1.111,
				-0.433,
				1.256,
				2.179,
				1.4,
				2.179,
				1,
				1.522,
				2.179,
				1.644,
				-1.683,
				1.767,
				-1.683,
				1,
				1.867,
				-1.683,
				1.967,
				0.829,
				2.067,
				0.829,
				1,
				2.178,
				0.829,
				2.289,
				0,
				2.4,
				0
			]
		},
		{
			"Target": "Parameter",
			"Id": "Param_Angle_Rotation_4_ArtMesh28",
			"Segments": [
				0,
				0,
				1,
				0.022,
				0,
				0.044,
				0,
				0.067,
				0,
				1,
				0.2,
				0,
				0.333,
				-2.044,
				0.467,
				-2.044,
				1,
				0.567,
				-2.044,
				0.667,
				1.323,
				0.767,
				1.323,
				1,
				0.867,
				1.323,
				0.967,
				-0.621,
				1.067,
				-0.621,
				1,
				1.2,
				-0.621,
				1.333,
				2.241,
				1.467,
				2.241,
				1,
				1.589,
				2.241,
				1.711,
				-1.965,
				1.833,
				-1.965,
				1,
				1.944,
				-1.965,
				2.056,
				1.092,
				2.167,
				1.092,
				1,
				2.244,
				1.092,
				2.322,
				0.807,
				2.4,
				0
			]
		},
		{
			"Target": "Parameter",
			"Id": "Param_Angle_Rotation_5_ArtMesh28",
			"Segments": [
				0,
				0,
				1,
				0.022,
				0,
				0.044,
				0,
				0.067,
				0,
				1,
				0.222,
				0,
				0.378,
				-2.758,
				0.533,
				-2.758,
				1,
				0.644,
				-2.758,
				0.756,
				2.132,
				0.867,
				2.132,
				1,
				0.967,
				2.132,
				1.067,
				-1.118,
				1.167,
				-1.118,
				1,
				1.289,
				-1.118,
				1.411,
				3.284,
				1.533,
				3.284,
				1,
				1.667,
				3.284,
				1.8,
				-2.948,
				1.933,
				-2.948,
				1,
				2.044,
				-2.948,
				2.156,
				1.857,
				2.267,
				1.857,
				1,
				2.311,
				1.857,
				2.356,
				0.8,
				2.4,
				0
			]
		},
		{
			"Target": "Parameter",
			"Id": "Param_Angle_Rotation_6_ArtMesh28",
			"Segments": [
				0,
				0,
				1,
				0.022,
				0,
				0.044,
				0,
				0.067,
				0,
				1,
				0.222,
				0,
				0.378,
				-2.758,
				0.533,
				-2.758,
				1,
				0.644,
				-2.758,
				0.756,
				2.132,
				0.867,
				2.132,
				1,
				0.967,
				2.132,
				1.067,
				-1.118,
				1.167,
				-1.118,
				1,
				1.289,
				-1.118,
				1.411,
				3.284,
				1.533,
				3.284,
				1,
				1.667,
				3.284,
				1.8,
				-2.948,
				1.933,
				-2.948,
				1,
				2.044,
				-2.948,
				2.156,
				1.857,
				2.267,
				1.857,
				1,
				2.311,
				1.857,
				2.356,
				0.8,
				2.4,
				0
			]
		},
		{
			"Target": "Parameter",
			"Id": "Param_Angle_Rotation_7_ArtMesh28",
			"Segments": [
				0,
				0,
				1,
				0.022,
				0,
				0.044,
				0,
				0.067,
				0,
				1,
				0.222,
				0,
				0.378,
				-2.758,
				0.533,
				-2.758,
				1,
				0.644,
				-2.758,
				0.756,
				2.132,
				0.867,
				2.132,
				1,
				0.967,
				2.132,
				1.067,
				-1.118,
				1.167,
				-1.118,
				1,
				1.289,
				-1.118,
				1.411,
				3.284,
				1.533,
				3.284,
				1,
				1.667,
				3.284,
				1.8,
				-2.948,
				1.933,
				-2.948,
				1,
				2.044,
				-2.948,
				2.156,
				1.857,
				2.267,
				1.857,
				1,
				2.311,
				1.857,
				2.356,
				0.8,
				2.4,
				0
			]
		},
		{
			"Target": "Parameter",
			"Id": "Param_Angle_Rotation_1_ArtMesh5",
			"Segments": [
				0,
				0,
				1,
				0.8,
				0,
				1.6,
				0,
				2.4,
				0
			]
		},
		{
			"Target": "Parameter",
			"Id": "Param_Angle_Rotation_2_ArtMesh5",
			"Segments": [
				0,
				0,
				1,
				0.011,
				0,
				0.022,
				0,
				0.033,
				0,
				1,
				0.111,
				0,
				0.189,
				-0.493,
				0.267,
				-0.493,
				1,
				0.344,
				-0.493,
				0.422,
				0.265,
				0.5,
				0.265,
				1,
				0.567,
				0.265,
				0.633,
				-0.112,
				0.7,
				-0.112,
				1,
				0.789,
				-0.112,
				0.878,
				0.034,
				0.967,
				0.034,
				1,
				0.989,
				0.034,
				1.011,
				0.02,
				1.033,
				0.02,
				1,
				1.122,
				0.02,
				1.211,
				0.467,
				1.3,
				0.467,
				1,
				1.389,
				0.467,
				1.478,
				-0.338,
				1.567,
				-0.338,
				1,
				1.656,
				-0.338,
				1.744,
				0.152,
				1.833,
				0.152,
				1,
				1.9,
				0.152,
				1.967,
				-0.081,
				2.033,
				-0.081,
				1,
				2.078,
				-0.081,
				2.122,
				0,
				2.167,
				0,
				1,
				2.244,
				0,
				2.322,
				0,
				2.4,
				0
			]
		},
		{
			"Target": "Parameter",
			"Id": "Param_Angle_Rotation_3_ArtMesh5",
			"Segments": [
				0,
				0,
				1,
				0.011,
				0,
				0.022,
				0,
				0.033,
				0,
				1,
				0.122,
				0,
				0.211,
				-1.011,
				0.3,
				-1.011,
				1,
				0.389,
				-1.011,
				0.478,
				0.717,
				0.567,
				0.717,
				1,
				0.644,
				0.717,
				0.722,
				-0.367,
				0.8,
				-0.367,
				1,
				0.878,
				-0.367,
				0.956,
				0.144,
				1.033,
				0.144,
				1,
				1.056,
				0.144,
				1.078,
				0.124,
				1.1,
				0.124,
				1,
				1.178,
				0.124,
				1.256,
				0.977,
				1.333,
				0.977,
				1,
				1.433,
				0.977,
				1.533,
				-0.864,
				1.633,
				-0.864,
				1,
				1.722,
				-0.864,
				1.811,
				0.458,
				1.9,
				0.458,
				1,
				1.978,
				0.458,
				2.056,
				-0.221,
				2.133,
				-0.221,
				1,
				2.2,
				-0.221,
				2.267,
				0.094,
				2.333,
				0.094,
				1,
				2.356,
				0.094,
				2.378,
				0.052,
				2.4,
				0.024
			]
		},
		{
			"Target": "Parameter",
			"Id": "Param_Angle_Rotation_4_ArtMesh5",
			"Segments": [
				0,
				0,
				1,
				0.011,
				0,
				0.022,
				0,
				0.033,
				0,
				1,
				0.144,
				0,
				0.256,
				-1.59,
				0.367,
				-1.59,
				1,
				0.456,
				-1.59,
				0.544,
				1.371,
				0.633,
				1.371,
				1,
				0.711,
				1.371,
				0.789,
				-0.823,
				0.867,
				-0.823,
				1,
				0.956,
				-0.823,
				1.044,
				0.398,
				1.133,
				0.398,
				1,
				1.144,
				0.398,
				1.156,
				0.388,
				1.167,
				0.388,
				1,
				1.244,
				0.388,
				1.322,
				1.506,
				1.4,
				1.506,
				1,
				1.5,
				1.506,
				1.6,
				-1.602,
				1.7,
				-1.602,
				1,
				1.789,
				-1.602,
				1.878,
				1.01,
				1.967,
				1.01,
				1,
				2.044,
				1.01,
				2.122,
				-0.552,
				2.2,
				-0.552,
				1,
				2.267,
				-0.552,
				2.333,
				-0.407,
				2.4,
				0
			]
		},
		{
			"Target": "Parameter",
			"Id": "Param_Angle_Rotation_5_ArtMesh5",
			"Segments": [
				0,
				0,
				1,
				0.011,
				0,
				0.022,
				0,
				0.033,
				0,
				1,
				0.167,
				0,
				0.3,
				-2.207,
				0.433,
				-2.207,
				1,
				0.522,
				-2.207,
				0.611,
				2.246,
				0.7,
				2.246,
				1,
				0.778,
				2.246,
				0.856,
				-1.541,
				0.933,
				-1.541,
				1,
				1.022,
				-1.541,
				1.111,
				0.908,
				1.2,
				0.908,
				1,
				1.222,
				0.908,
				1.244,
				0.882,
				1.267,
				0.882,
				1,
				1.333,
				0.882,
				1.4,
				1.991,
				1.467,
				1.991,
				1,
				1.567,
				1.991,
				1.667,
				-2.552,
				1.767,
				-2.552,
				1,
				1.856,
				-2.552,
				1.944,
				1.92,
				2.033,
				1.92,
				1,
				2.111,
				1.92,
				2.189,
				-1.089,
				2.267,
				-1.089,
				1,
				2.311,
				-1.089,
				2.356,
				-0.603,
				2.4,
				0
			]
		},
		{
			"Target": "Parameter",
			"Id": "Param_Angle_Rotation_1_ArtMesh6",
			"Segments": [
				0,
				0,
				1,
				0.8,
				0,
				1.6,
				0,
				2.4,
				0
			]
		},
		{
			"Target": "Parameter",
			"Id": "Param_Angle_Rotation_2_ArtMesh6",
			"Segments": [
				0,
				0,
				1,
				0.011,
				0,
				0.022,
				0,
				0.033,
				0,
				1,
				0.111,
				0,
				0.189,
				-0.279,
				0.267,
				-0.279,
				1,
				0.344,
				-0.279,
				0.422,
				0.142,
				0.5,
				0.142,
				1,
				0.578,
				0.142,
				0.656,
				-0.06,
				0.733,
				-0.06,
				1,
				0.811,
				-0.06,
				0.889,
				0.018,
				0.967,
				0.018,
				1,
				1,
				0.018,
				1.033,
				0.014,
				1.067,
				0.014,
				1,
				1.144,
				0.014,
				1.222,
				0.269,
				1.3,
				0.269,
				1,
				1.4,
				0.269,
				1.5,
				-0.189,
				1.6,
				-0.189,
				1,
				1.689,
				-0.189,
				1.778,
				0.086,
				1.867,
				0.086,
				1,
				1.933,
				0.086,
				2,
				-0.036,
				2.067,
				-0.036,
				1,
				2.178,
				-0.036,
				2.289,
				-0.033,
				2.4,
				-0.03
			]
		},
		{
			"Target": "Parameter",
			"Id": "Param_Angle_Rotation_3_ArtMesh6",
			"Segments": [
				0,
				0,
				1,
				0.011,
				0,
				0.022,
				0,
				0.033,
				0,
				1,
				0.133,
				0,
				0.233,
				-0.482,
				0.333,
				-0.482,
				1,
				0.411,
				-0.482,
				0.489,
				0.319,
				0.567,
				0.319,
				1,
				0.644,
				0.319,
				0.722,
				-0.16,
				0.8,
				-0.16,
				1,
				0.889,
				-0.16,
				0.978,
				0.064,
				1.067,
				0.064,
				1,
				1.078,
				0.064,
				1.089,
				0.063,
				1.1,
				0.063,
				1,
				1.189,
				0.063,
				1.278,
				0.471,
				1.367,
				0.471,
				1,
				1.467,
				0.471,
				1.567,
				-0.401,
				1.667,
				-0.401,
				1,
				1.744,
				-0.401,
				1.822,
				0.203,
				1.9,
				0.203,
				1,
				1.989,
				0.203,
				2.078,
				-0.098,
				2.167,
				-0.098,
				1,
				2.222,
				-0.098,
				2.278,
				0.041,
				2.333,
				0.041,
				1,
				2.356,
				0.041,
				2.378,
				0.041,
				2.4,
				0.04
			]
		},
		{
			"Target": "Parameter",
			"Id": "Param_Angle_Rotation_4_ArtMesh6",
			"Segments": [
				0,
				0,
				1,
				0.011,
				0,
				0.022,
				0,
				0.033,
				0,
				1,
				0.156,
				0,
				0.278,
				-0.997,
				0.4,
				-0.997,
				1,
				0.478,
				-0.997,
				0.556,
				0.821,
				0.633,
				0.821,
				1,
				0.722,
				0.821,
				0.811,
				-0.487,
				0.9,
				-0.487,
				1,
				1.078,
				-0.487,
				1.256,
				0.962,
				1.433,
				0.962,
				1,
				1.533,
				0.962,
				1.633,
				-0.982,
				1.733,
				-0.982,
				1,
				1.811,
				-0.982,
				1.889,
				0.604,
				1.967,
				0.604,
				1,
				2.056,
				0.604,
				2.144,
				-0.338,
				2.233,
				-0.338,
				1,
				2.289,
				-0.338,
				2.344,
				-0.249,
				2.4,
				0
			]
		},
		{
			"Target": "Parameter",
			"Id": "Param_Angle_Rotation_5_ArtMesh6",
			"Segments": [
				0,
				0,
				1,
				0.011,
				0,
				0.022,
				0,
				0.033,
				0,
				1,
				0.167,
				0,
				0.3,
				-1.566,
				0.433,
				-1.566,
				1,
				0.522,
				-1.566,
				0.611,
				1.54,
				0.7,
				1.54,
				1,
				0.789,
				1.54,
				0.878,
				-1.039,
				0.967,
				-1.039,
				1,
				1.144,
				-1.039,
				1.322,
				1.418,
				1.5,
				1.418,
				1,
				1.589,
				1.418,
				1.678,
				-1.777,
				1.767,
				-1.777,
				1,
				1.856,
				-1.777,
				1.944,
				1.296,
				2.033,
				1.296,
				1,
				2.122,
				1.296,
				2.211,
				-0.736,
				2.3,
				-0.736,
				1,
				2.333,
				-0.736,
				2.367,
				-0.252,
				2.4,
				0
			]
		},
		{
			"Target": "Parameter",
			"Id": "Param_Angle_Rotation_6_ArtMesh6",
			"Segments": [
				0,
				0,
				1,
				0.011,
				0,
				0.022,
				0,
				0.033,
				0,
				1,
				0.167,
				0,
				0.3,
				-2.088,
				0.433,
				-2.088,
				1,
				0.522,
				-2.088,
				0.611,
				2.053,
				0.7,
				2.053,
				1,
				0.789,
				2.053,
				0.878,
				-1.385,
				0.967,
				-1.385,
				1,
				1.144,
				-1.385,
				1.322,
				1.89,
				1.5,
				1.89,
				1,
				1.589,
				1.89,
				1.678,
				-2.369,
				1.767,
				-2.369,
				1,
				1.856,
				-2.369,
				1.944,
				1.728,
				2.033,
				1.728,
				1,
				2.122,
				1.728,
				2.211,
				-0.982,
				2.3,
				-0.982,
				1,
				2.333,
				-0.982,
				2.367,
				-0.335,
				2.4,
				0
			]
		},
		{
			"Target": "Parameter",
			"Id": "Param_Angle_Rotation_7_ArtMesh6",
			"Segments": [
				0,
				0,
				1,
				0.011,
				0,
				0.022,
				0,
				0.033,
				0,
				1,
				0.167,
				0,
				0.3,
				-2.088,
				0.433,
				-2.088,
				1,
				0.522,
				-2.088,
				0.611,
				2.053,
				0.7,
				2.053,
				1,
				0.789,
				2.053,
				0.878,
				-1.385,
				0.967,
				-1.385,
				1,
				1.144,
				-1.385,
				1.322,
				1.89,
				1.5,
				1.89,
				1,
				1.589,
				1.89,
				1.678,
				-2.369,
				1.767,
				-2.369,
				1,
				1.856,
				-2.369,
				1.944,
				1.728,
				2.033,
				1.728,
				1,
				2.122,
				1.728,
				2.211,
				-0.982,
				2.3,
				-0.982,
				1,
				2.333,
				-0.982,
				2.367,
				-0.335,
				2.4,
				0
			]
		},
		{
			"Target": "Parameter",
			"Id": "Param_Angle_Rotation_1_ArtMesh7",
			"Segments": [
				0,
				0,
				1,
				0.8,
				0,
				1.6,
				0,
				2.4,
				0
			]
		},
		{
			"Target": "Parameter",
			"Id": "Param_Angle_Rotation_2_ArtMesh7",
			"Segments": [
				0,
				0,
				1,
				0.011,
				0,
				0.022,
				0,
				0.033,
				0,
				1,
				0.122,
				0,
				0.211,
				0.418,
				0.3,
				0.418,
				1,
				0.378,
				0.418,
				0.456,
				-0.185,
				0.533,
				-0.185,
				1,
				0.611,
				-0.185,
				0.689,
				0.078,
				0.767,
				0.078,
				1,
				0.844,
				0.078,
				0.922,
				-0.023,
				1,
				-0.023,
				1,
				1.011,
				-0.023,
				1.022,
				-0.022,
				1.033,
				-0.022,
				1,
				1.133,
				-0.022,
				1.233,
				-0.412,
				1.333,
				-0.412,
				1,
				1.433,
				-0.412,
				1.533,
				0.266,
				1.633,
				0.266,
				1,
				1.722,
				0.266,
				1.811,
				-0.115,
				1.9,
				-0.115,
				1,
				1.967,
				-0.115,
				2.033,
				0.04,
				2.1,
				0.04,
				1,
				2.2,
				0.04,
				2.3,
				0.038,
				2.4,
				0.034
			]
		},
		{
			"Target": "Parameter",
			"Id": "Param_Angle_Rotation_3_ArtMesh7",
			"Segments": [
				0,
				0,
				1,
				0.011,
				0,
				0.022,
				0,
				0.033,
				0,
				1,
				0.133,
				0,
				0.233,
				0.866,
				0.333,
				0.866,
				1,
				0.422,
				0.866,
				0.511,
				-0.529,
				0.6,
				-0.529,
				1,
				0.678,
				-0.529,
				0.756,
				0.261,
				0.833,
				0.261,
				1,
				1.022,
				0.261,
				1.211,
				-0.862,
				1.4,
				-0.862,
				1,
				1.489,
				-0.862,
				1.578,
				0.681,
				1.667,
				0.681,
				1,
				1.756,
				0.681,
				1.844,
				-0.334,
				1.933,
				-0.334,
				1,
				2.011,
				-0.334,
				2.089,
				0.151,
				2.167,
				0.151,
				1,
				2.244,
				0.151,
				2.322,
				0,
				2.4,
				0
			]
		},
		{
			"Target": "Parameter",
			"Id": "Param_Angle_Rotation_4_ArtMesh7",
			"Segments": [
				0,
				0,
				1,
				0.011,
				0,
				0.022,
				0,
				0.033,
				0,
				1,
				0.156,
				0,
				0.278,
				1.374,
				0.4,
				1.374,
				1,
				0.489,
				1.374,
				0.578,
				-1.05,
				0.667,
				-1.05,
				1,
				0.744,
				-1.05,
				0.822,
				0.593,
				0.9,
				0.593,
				1,
				1.078,
				0.593,
				1.256,
				-1.339,
				1.433,
				-1.339,
				1,
				1.533,
				-1.339,
				1.633,
				1.294,
				1.733,
				1.294,
				1,
				1.822,
				1.294,
				1.911,
				-0.763,
				2,
				-0.763,
				1,
				2.089,
				-0.763,
				2.178,
				0.403,
				2.267,
				0.403,
				1,
				2.311,
				0.403,
				2.356,
				0.15,
				2.4,
				-0.018
			]
		},
		{
			"Target": "Parameter",
			"Id": "Param_Angle_Rotation_5_ArtMesh7",
			"Segments": [
				0,
				0,
				1,
				0.011,
				0,
				0.022,
				0,
				0.033,
				0,
				1,
				0.178,
				0,
				0.322,
				1.441,
				0.467,
				1.441,
				1,
				0.556,
				1.441,
				0.644,
				-1.327,
				0.733,
				-1.327,
				1,
				0.811,
				-1.327,
				0.889,
				0.85,
				0.967,
				0.85,
				1,
				1.144,
				0.85,
				1.322,
				-1.345,
				1.5,
				-1.345,
				1,
				1.6,
				-1.345,
				1.7,
				1.575,
				1.8,
				1.575,
				1,
				1.889,
				1.575,
				1.978,
				-1.116,
				2.067,
				-1.116,
				1,
				2.156,
				-1.116,
				2.244,
				0.587,
				2.333,
				0.587,
				1,
				2.356,
				0.587,
				2.378,
				0.124,
				2.4,
				0
			]
		},
		{
			"Target": "Parameter",
			"Id": "Param_Angle_Rotation_6_ArtMesh7",
			"Segments": [
				0,
				0,
				1,
				0.011,
				0,
				0.022,
				0,
				0.033,
				0,
				1,
				0.178,
				0,
				0.322,
				1.441,
				0.467,
				1.441,
				1,
				0.556,
				1.441,
				0.644,
				-1.327,
				0.733,
				-1.327,
				1,
				0.811,
				-1.327,
				0.889,
				0.85,
				0.967,
				0.85,
				1,
				1.144,
				0.85,
				1.322,
				-1.345,
				1.5,
				-1.345,
				1,
				1.6,
				-1.345,
				1.7,
				1.575,
				1.8,
				1.575,
				1,
				1.889,
				1.575,
				1.978,
				-1.116,
				2.067,
				-1.116,
				1,
				2.156,
				-1.116,
				2.244,
				0.587,
				2.333,
				0.587,
				1,
				2.356,
				0.587,
				2.378,
				0.124,
				2.4,
				0
			]
		},
		{
			"Target": "Parameter",
			"Id": "Param_Angle_Rotation_7_ArtMesh7",
			"Segments": [
				0,
				0,
				1,
				0.011,
				0,
				0.022,
				0,
				0.033,
				0,
				1,
				0.178,
				0,
				0.322,
				1.441,
				0.467,
				1.441,
				1,
				0.556,
				1.441,
				0.644,
				-1.327,
				0.733,
				-1.327,
				1,
				0.811,
				-1.327,
				0.889,
				0.85,
				0.967,
				0.85,
				1,
				1.144,
				0.85,
				1.322,
				-1.345,
				1.5,
				-1.345,
				1,
				1.6,
				-1.345,
				1.7,
				1.575,
				1.8,
				1.575,
				1,
				1.889,
				1.575,
				1.978,
				-1.116,
				2.067,
				-1.116,
				1,
				2.156,
				-1.116,
				2.244,
				0.587,
				2.333,
				0.587,
				1,
				2.356,
				0.587,
				2.378,
				0.124,
				2.4,
				0
			]
		},
		{
			"Target": "Parameter",
			"Id": "Param6",
			"Segments": [
				0,
				0,
				1,
				0.1,
				0,
				0.2,
				0,
				0.3,
				0,
				1,
				0.356,
				0,
				0.411,
				21.23,
				0.467,
				21.23,
				1,
				0.544,
				21.23,
				0.622,
				-23.518,
				0.7,
				-23.518,
				1,
				0.778,
				-23.518,
				0.856,
				20.716,
				0.933,
				20.716,
				1,
				1.033,
				20.716,
				1.133,
				-21.192,
				1.233,
				-21.192,
				1,
				1.322,
				-21.192,
				1.411,
				7.702,
				1.5,
				7.702,
				1,
				1.589,
				7.702,
				1.678,
				-1.492,
				1.767,
				-1.492,
				1,
				1.867,
				-1.492,
				1.967,
				0.307,
				2.067,
				0.307,
				1,
				2.178,
				0.307,
				2.289,
				0,
				2.4,
				0
			]
		},
		{
			"Target": "Parameter",
			"Id": "Param7",
			"Segments": [
				0,
				0,
				1,
				0.1,
				0,
				0.2,
				0,
				0.3,
				0,
				1,
				0.333,
				0,
				0.367,
				-8.311,
				0.4,
				-8.311,
				1,
				0.467,
				-8.311,
				0.533,
				23.547,
				0.6,
				23.547,
				1,
				0.678,
				23.547,
				0.756,
				-28.065,
				0.833,
				-28.065,
				1,
				0.922,
				-28.065,
				1.011,
				22.213,
				1.1,
				22.213,
				1,
				1.2,
				22.213,
				1.3,
				-20.251,
				1.4,
				-20.251,
				1,
				1.478,
				-20.251,
				1.556,
				8.256,
				1.633,
				8.256,
				1,
				1.733,
				8.256,
				1.833,
				-2.828,
				1.933,
				-2.828,
				1,
				2.022,
				-2.828,
				2.111,
				0.844,
				2.2,
				0.844,
				1,
				2.267,
				0.844,
				2.333,
				0.529,
				2.4,
				0
			]
		},
		{
			"Target": "Parameter",
			"Id": "Param8",
			"Segments": [
				0,
				0,
				1,
				0.1,
				0,
				0.2,
				0,
				0.3,
				0,
				1,
				0.356,
				0,
				0.411,
				21.23,
				0.467,
				21.23,
				1,
				0.544,
				21.23,
				0.622,
				-23.518,
				0.7,
				-23.518,
				1,
				0.778,
				-23.518,
				0.856,
				20.716,
				0.933,
				20.716,
				1,
				1.033,
				20.716,
				1.133,
				-21.192,
				1.233,
				-21.192,
				1,
				1.322,
				-21.192,
				1.411,
				7.702,
				1.5,
				7.702,
				1,
				1.589,
				7.702,
				1.678,
				-1.492,
				1.767,
				-1.492,
				1,
				1.867,
				-1.492,
				1.967,
				0.307,
				2.067,
				0.307,
				1,
				2.178,
				0.307,
				2.289,
				0,
				2.4,
				0
			]
		},
		{
			"Target": "Parameter",
			"Id": "Param9",
			"Segments": [
				0,
				0,
				1,
				0.1,
				0,
				0.2,
				0,
				0.3,
				0,
				1,
				0.333,
				0,
				0.367,
				-8.311,
				0.4,
				-8.311,
				1,
				0.467,
				-8.311,
				0.533,
				23.547,
				0.6,
				23.547,
				1,
				0.678,
				23.547,
				0.756,
				-28.065,
				0.833,
				-28.065,
				1,
				0.922,
				-28.065,
				1.011,
				22.213,
				1.1,
				22.213,
				1,
				1.2,
				22.213,
				1.3,
				-20.251,
				1.4,
				-20.251,
				1,
				1.478,
				-20.251,
				1.556,
				8.256,
				1.633,
				8.256,
				1,
				1.733,
				8.256,
				1.833,
				-2.828,
				1.933,
				-2.828,
				1,
				2.022,
				-2.828,
				2.111,
				0.844,
				2.2,
				0.844,
				1,
				2.267,
				0.844,
				2.333,
				0.529,
				2.4,
				0
			]
		},
		{
			"Target": "Parameter",
			"Id": "Param_Angle_Rotation_1_ArtMesh44",
			"Segments": [
				0,
				0,
				1,
				0.022,
				0,
				0.044,
				0,
				0.067,
				0,
				1,
				0.211,
				0,
				0.356,
				4.772,
				0.5,
				4.772,
				1,
				0.556,
				4.772,
				0.611,
				4.661,
				0.667,
				4.661,
				1,
				0.789,
				4.661,
				0.911,
				4.916,
				1.033,
				4.916,
				1,
				1.189,
				4.916,
				1.344,
				-0.964,
				1.5,
				-0.964,
				1,
				1.6,
				-0.964,
				1.7,
				0.232,
				1.8,
				0.232,
				1,
				1.889,
				0.232,
				1.978,
				-0.092,
				2.067,
				-0.092,
				1,
				2.111,
				-0.092,
				2.156,
				0,
				2.2,
				0,
				1,
				2.267,
				0,
				2.333,
				0,
				2.4,
				0
			]
		},
		{
			"Target": "Parameter",
			"Id": "Param_Angle_Rotation_2_ArtMesh44",
			"Segments": [
				0,
				0,
				1,
				0.022,
				0,
				0.044,
				0,
				0.067,
				0,
				1,
				0.144,
				0,
				0.222,
				-1.423,
				0.3,
				-1.423,
				1,
				0.389,
				-1.423,
				0.478,
				0.542,
				0.567,
				0.542,
				1,
				0.667,
				0.542,
				0.767,
				-0.183,
				0.867,
				-0.183,
				1,
				1.022,
				-0.183,
				1.178,
				1.423,
				1.333,
				1.423,
				1,
				1.433,
				1.423,
				1.533,
				-0.915,
				1.633,
				-0.915,
				1,
				1.744,
				-0.915,
				1.856,
				0.418,
				1.967,
				0.418,
				1,
				2.044,
				0.418,
				2.122,
				-0.193,
				2.2,
				-0.193,
				1,
				2.267,
				-0.193,
				2.333,
				-0.187,
				2.4,
				-0.178
			]
		},
		{
			"Target": "Parameter",
			"Id": "Param_Angle_Rotation_3_ArtMesh44",
			"Segments": [
				0,
				0,
				1,
				0.022,
				0,
				0.044,
				0,
				0.067,
				0,
				1,
				0.167,
				0,
				0.267,
				-2.051,
				0.367,
				-2.051,
				1,
				0.467,
				-2.051,
				0.567,
				1.059,
				0.667,
				1.059,
				1,
				0.767,
				1.059,
				0.867,
				-0.433,
				0.967,
				-0.433,
				1,
				1.111,
				-0.433,
				1.256,
				2.179,
				1.4,
				2.179,
				1,
				1.522,
				2.179,
				1.644,
				-1.683,
				1.767,
				-1.683,
				1,
				1.867,
				-1.683,
				1.967,
				0.829,
				2.067,
				0.829,
				1,
				2.178,
				0.829,
				2.289,
				0,
				2.4,
				0
			]
		},
		{
			"Target": "Parameter",
			"Id": "Param_Angle_Rotation_4_ArtMesh44",
			"Segments": [
				0,
				0,
				1,
				0.022,
				0,
				0.044,
				0,
				0.067,
				0,
				1,
				0.2,
				0,
				0.333,
				-2.725,
				0.467,
				-2.725,
				1,
				0.567,
				-2.725,
				0.667,
				1.764,
				0.767,
				1.764,
				1,
				0.867,
				1.764,
				0.967,
				-0.828,
				1.067,
				-0.828,
				1,
				1.2,
				-0.828,
				1.333,
				2.988,
				1.467,
				2.988,
				1,
				1.589,
				2.988,
				1.711,
				-2.62,
				1.833,
				-2.62,
				1,
				1.944,
				-2.62,
				2.056,
				1.456,
				2.167,
				1.456,
				1,
				2.244,
				1.456,
				2.322,
				1.075,
				2.4,
				0
			]
		},
		{
			"Target": "Parameter",
			"Id": "Param_Angle_Rotation_5_ArtMesh44",
			"Segments": [
				0,
				0,
				1,
				0.022,
				0,
				0.044,
				0,
				0.067,
				0,
				1,
				0.222,
				0,
				0.378,
				-2.758,
				0.533,
				-2.758,
				1,
				0.644,
				-2.758,
				0.756,
				2.132,
				0.867,
				2.132,
				1,
				0.967,
				2.132,
				1.067,
				-1.118,
				1.167,
				-1.118,
				1,
				1.289,
				-1.118,
				1.411,
				3.284,
				1.533,
				3.284,
				1,
				1.667,
				3.284,
				1.8,
				-2.948,
				1.933,
				-2.948,
				1,
				2.044,
				-2.948,
				2.156,
				1.857,
				2.267,
				1.857,
				1,
				2.311,
				1.857,
				2.356,
				0.8,
				2.4,
				0
			]
		},
		{
			"Target": "Parameter",
			"Id": "Param_Angle_Rotation_1_ArtMesh43",
			"Segments": [
				0,
				0,
				1,
				0.022,
				0,
				0.044,
				0,
				0.067,
				0,
				1,
				0.211,
				0,
				0.356,
				4.772,
				0.5,
				4.772,
				1,
				0.556,
				4.772,
				0.611,
				4.661,
				0.667,
				4.661,
				1,
				0.789,
				4.661,
				0.911,
				4.916,
				1.033,
				4.916,
				1,
				1.189,
				4.916,
				1.344,
				-0.964,
				1.5,
				-0.964,
				1,
				1.6,
				-0.964,
				1.7,
				0.232,
				1.8,
				0.232,
				1,
				1.889,
				0.232,
				1.978,
				-0.092,
				2.067,
				-0.092,
				1,
				2.111,
				-0.092,
				2.156,
				0,
				2.2,
				0,
				1,
				2.267,
				0,
				2.333,
				0,
				2.4,
				0
			]
		},
		{
			"Target": "Parameter",
			"Id": "Param_Angle_Rotation_2_ArtMesh43",
			"Segments": [
				0,
				0,
				1,
				0.022,
				0,
				0.044,
				0,
				0.067,
				0,
				1,
				0.144,
				0,
				0.222,
				-1.423,
				0.3,
				-1.423,
				1,
				0.389,
				-1.423,
				0.478,
				0.542,
				0.567,
				0.542,
				1,
				0.667,
				0.542,
				0.767,
				-0.183,
				0.867,
				-0.183,
				1,
				1.022,
				-0.183,
				1.178,
				1.423,
				1.333,
				1.423,
				1,
				1.433,
				1.423,
				1.533,
				-0.915,
				1.633,
				-0.915,
				1,
				1.744,
				-0.915,
				1.856,
				0.418,
				1.967,
				0.418,
				1,
				2.044,
				0.418,
				2.122,
				-0.193,
				2.2,
				-0.193,
				1,
				2.267,
				-0.193,
				2.333,
				-0.187,
				2.4,
				-0.178
			]
		},
		{
			"Target": "Parameter",
			"Id": "Param_Angle_Rotation_3_ArtMesh43",
			"Segments": [
				0,
				0,
				1,
				0.022,
				0,
				0.044,
				0,
				0.067,
				0,
				1,
				0.167,
				0,
				0.267,
				-2.051,
				0.367,
				-2.051,
				1,
				0.467,
				-2.051,
				0.567,
				1.059,
				0.667,
				1.059,
				1,
				0.767,
				1.059,
				0.867,
				-0.433,
				0.967,
				-0.433,
				1,
				1.111,
				-0.433,
				1.256,
				2.179,
				1.4,
				2.179,
				1,
				1.522,
				2.179,
				1.644,
				-1.683,
				1.767,
				-1.683,
				1,
				1.867,
				-1.683,
				1.967,
				0.829,
				2.067,
				0.829,
				1,
				2.178,
				0.829,
				2.289,
				0,
				2.4,
				0
			]
		},
		{
			"Target": "Parameter",
			"Id": "Param_Angle_Rotation_4_ArtMesh43",
			"Segments": [
				0,
				0,
				1,
				0.022,
				0,
				0.044,
				0,
				0.067,
				0,
				1,
				0.2,
				0,
				0.333,
				-2.725,
				0.467,
				-2.725,
				1,
				0.567,
				-2.725,
				0.667,
				1.764,
				0.767,
				1.764,
				1,
				0.867,
				1.764,
				0.967,
				-0.828,
				1.067,
				-0.828,
				1,
				1.2,
				-0.828,
				1.333,
				2.988,
				1.467,
				2.988,
				1,
				1.589,
				2.988,
				1.711,
				-2.62,
				1.833,
				-2.62,
				1,
				1.944,
				-2.62,
				2.056,
				1.456,
				2.167,
				1.456,
				1,
				2.244,
				1.456,
				2.322,
				1.075,
				2.4,
				0
			]
		},
		{
			"Target": "Parameter",
			"Id": "Param_Angle_Rotation_5_ArtMesh43",
			"Segments": [
				0,
				0,
				1,
				0.022,
				0,
				0.044,
				0,
				0.067,
				0,
				1,
				0.222,
				0,
				0.378,
				-2.758,
				0.533,
				-2.758,
				1,
				0.644,
				-2.758,
				0.756,
				2.132,
				0.867,
				2.132,
				1,
				0.967,
				2.132,
				1.067,
				-1.118,
				1.167,
				-1.118,
				1,
				1.289,
				-1.118,
				1.411,
				3.284,
				1.533,
				3.284,
				1,
				1.667,
				3.284,
				1.8,
				-2.948,
				1.933,
				-2.948,
				1,
				2.044,
				-2.948,
				2.156,
				1.857,
				2.267,
				1.857,
				1,
				2.311,
				1.857,
				2.356,
				0.8,
				2.4,
				0
			]
		},
		{
			"Target": "Parameter",
			"Id": "Param12",
			"Segments": [
				0,
				0,
				0,
				2.4,
				0
			]
		},
		{
			"Target": "Parameter",
			"Id": "Param11",
			"Segments": [
				0,
				0,
				0,
				2.4,
				0
			]
		}
	]
}