{
	"Version": 3,
	"Meta": {
		"Duration": 10.533,
		"Fps": 30.0,
		"Loop": true,
		"AreBeziersRestricted": false,
		"CurveCount": 73,
		"TotalSegmentCount": 1285,
		"TotalPointCount": 3858,
		"UserDataCount": 0,
		"TotalUserDataSize": 0
	},
	"Curves": [
		{
			"Target": "Parameter",
			"Id": "ParamAngleX",
			"Segments": [
				0,
				0,
				0,
				0.033,
				0,
				1,
				0.178,
				0,
				0.322,
				12,
				0.467,
				12,
				1,
				0.644,
				12,
				0.822,
				-11,
				1,
				-11,
				1,
				1.167,
				-11,
				1.333,
				10,
				1.5,
				10,
				1,
				1.667,
				10,
				1.833,
				-12,
				2,
				-12,
				1,
				2.167,
				-12,
				2.333,
				12,
				2.5,
				12,
				1,
				2.667,
				12,
				2.833,
				-11,
				3,
				-11,
				1,
				3.167,
				-11,
				3.333,
				11,
				3.5,
				11,
				1,
				3.667,
				11,
				3.833,
				-15,
				4,
				-15,
				1,
				4.167,
				-15,
				4.333,
				11,
				4.5,
				11,
				1,
				4.667,
				11,
				4.833,
				-12,
				5,
				-12,
				1,
				5.167,
				-12,
				5.333,
				12,
				5.5,
				12,
				1,
				5.667,
				12,
				5.833,
				-12,
				6,
				-12,
				1,
				6.167,
				-12,
				6.333,
				11,
				6.5,
				11,
				1,
				6.667,
				11,
				6.833,
				-13,
				7,
				-13,
				1,
				7.167,
				-13,
				7.333,
				12,
				7.5,
				12,
				1,
				7.667,
				12,
				7.833,
				-15,
				8,
				-15,
				1,
				8.167,
				-15,
				8.333,
				12,
				8.5,
				12,
				1,
				8.667,
				12,
				8.833,
				-13,
				9,
				-13,
				1,
				9.167,
				-13,
				9.333,
				14,
				9.5,
				14,
				1,
				9.667,
				14,
				9.833,
				0,
				10,
				0,
				0,
				10.533,
				0
			]
		},
		{
			"Target": "Parameter",
			"Id": "ParamAngleY",
			"Segments": [
				0,
				0,
				0,
				10.533,
				0
			]
		},
		{
			"Target": "Parameter",
			"Id": "ParamAngleZ",
			"Segments": [
				0,
				0,
				0,
				0.033,
				0,
				1,
				0.178,
				0,
				0.322,
				-16,
				0.467,
				-16,
				1,
				0.644,
				-16,
				0.822,
				12,
				1,
				12,
				1,
				1.167,
				12,
				1.333,
				-14,
				1.5,
				-14,
				1,
				1.667,
				-14,
				1.833,
				16,
				2,
				16,
				1,
				2.167,
				16,
				2.333,
				-13,
				2.5,
				-13,
				1,
				2.667,
				-13,
				2.833,
				18,
				3,
				18,
				1,
				3.167,
				18,
				3.333,
				-16,
				3.5,
				-16,
				1,
				3.667,
				-16,
				3.833,
				17,
				4,
				17,
				1,
				4.167,
				17,
				4.333,
				-16,
				4.5,
				-16,
				1,
				4.667,
				-16,
				4.833,
				16,
				5,
				16,
				1,
				5.167,
				16,
				5.333,
				-13,
				5.5,
				-13,
				1,
				5.667,
				-13,
				5.833,
				16,
				6,
				16,
				1,
				6.167,
				16,
				6.333,
				-15,
				6.5,
				-15,
				1,
				6.667,
				-15,
				6.833,
				15,
				7,
				15,
				1,
				7.167,
				15,
				7.333,
				-14,
				7.5,
				-14,
				1,
				7.667,
				-14,
				7.833,
				17,
				8,
				17,
				1,
				8.167,
				17,
				8.333,
				-14,
				8.5,
				-14,
				1,
				8.667,
				-14,
				8.833,
				16,
				9,
				16,
				1,
				9.167,
				16,
				9.333,
				-15,
				9.5,
				-15,
				1,
				9.667,
				-15,
				9.833,
				0,
				10,
				0,
				0,
				10.533,
				0
			]
		},
		{
			"Target": "Parameter",
			"Id": "ParamEyeLOpen",
			"Segments": [
				0,
				1,
				0,
				0.033,
				1,
				1,
				0.156,
				1,
				0.278,
				1,
				0.4,
				1,
				1,
				0.533,
				1,
				0.667,
				0,
				0.8,
				0,
				1,
				0.933,
				0,
				1.067,
				1,
				1.2,
				1,
				1,
				2.056,
				1,
				2.911,
				1,
				3.767,
				1,
				1,
				3.9,
				1,
				4.033,
				0,
				4.167,
				0,
				1,
				4.3,
				0,
				4.433,
				1,
				4.567,
				1,
				1,
				5.211,
				1,
				5.856,
				1,
				6.5,
				1,
				1,
				6.633,
				1,
				6.767,
				0,
				6.9,
				0,
				1,
				7.033,
				0,
				7.167,
				1,
				7.3,
				1,
				0,
				10.533,
				1
			]
		},
		{
			"Target": "Parameter",
			"Id": "ParamEyeLSmile",
			"Segments": [
				0,
				0,
				0,
				0.033,
				0,
				1,
				0.156,
				0,
				0.278,
				1,
				0.4,
				1,
				1,
				1.522,
				1,
				2.644,
				1,
				3.767,
				1,
				1,
				4.678,
				1,
				5.589,
				1,
				6.5,
				1,
				1,
				7.278,
				1,
				8.056,
				0,
				8.833,
				0,
				0,
				10.533,
				0
			]
		},
		{
			"Target": "Parameter",
			"Id": "ParamEyeROpen",
			"Segments": [
				0,
				1,
				0,
				0.033,
				1,
				1,
				0.156,
				1,
				0.278,
				1,
				0.4,
				1,
				1,
				0.533,
				1,
				0.667,
				0,
				0.8,
				0,
				1,
				0.933,
				0,
				1.067,
				1,
				1.2,
				1,
				1,
				2.056,
				1,
				2.911,
				1,
				3.767,
				1,
				1,
				3.9,
				1,
				4.033,
				0,
				4.167,
				0,
				1,
				4.3,
				0,
				4.433,
				1,
				4.567,
				1,
				1,
				5.211,
				1,
				5.856,
				1,
				6.5,
				1,
				1,
				6.633,
				1,
				6.767,
				0,
				6.9,
				0,
				1,
				7.033,
				0,
				7.167,
				1,
				7.3,
				1,
				0,
				10.533,
				1
			]
		},
		{
			"Target": "Parameter",
			"Id": "ParamEyeRSmile",
			"Segments": [
				0,
				0,
				0,
				0.033,
				0,
				1,
				0.156,
				0,
				0.278,
				1,
				0.4,
				1,
				1,
				1.522,
				1,
				2.644,
				1,
				3.767,
				1,
				1,
				4.678,
				1,
				5.589,
				1,
				6.5,
				1,
				1,
				7.278,
				1,
				8.056,
				0,
				8.833,
				0,
				0,
				10.533,
				0
			]
		},
		{
			"Target": "Parameter",
			"Id": "ParamEyeBallX",
			"Segments": [
				0,
				0,
				0,
				10.533,
				0
			]
		},
		{
			"Target": "Parameter",
			"Id": "ParamEyeBallY",
			"Segments": [
				0,
				0,
				0,
				10.533,
				0
			]
		},
		{
			"Target": "Parameter",
			"Id": "ParamBrowLY",
			"Segments": [
				0,
				0,
				0,
				10.533,
				0
			]
		},
		{
			"Target": "Parameter",
			"Id": "ParamBrowRForm",
			"Segments": [
				0,
				0,
				0,
				10.533,
				0
			]
		},
		{
			"Target": "Parameter",
			"Id": "ParamMouthForm",
			"Segments": [
				0,
				-1,
				0,
				10.533,
				-1
			]
		},
		{
			"Target": "Parameter",
			"Id": "ParamMouthOpenY",
			"Segments": [
				0,
				0,
				0,
				10.533,
				0
			]
		},
		{
			"Target": "Parameter",
			"Id": "ParamBodyAngleX",
			"Segments": [
				0,
				0,
				0,
				0.033,
				0,
				1,
				0.178,
				0,
				0.322,
				5,
				0.467,
				5,
				1,
				0.644,
				5,
				0.822,
				-4,
				1,
				-4,
				1,
				1.167,
				-4,
				1.333,
				5,
				1.5,
				5,
				1,
				1.667,
				5,
				1.833,
				-5,
				2,
				-5,
				1,
				2.167,
				-5,
				2.333,
				4,
				2.5,
				4,
				1,
				2.667,
				4,
				2.833,
				-4,
				3,
				-4,
				1,
				3.167,
				-4,
				3.333,
				4,
				3.5,
				4,
				1,
				3.667,
				4,
				3.833,
				-4,
				4,
				-4,
				1,
				4.167,
				-4,
				4.333,
				5,
				4.5,
				5,
				1,
				4.667,
				5,
				4.833,
				-5,
				5,
				-5,
				1,
				5.167,
				-5,
				5.333,
				5,
				5.5,
				5,
				1,
				5.667,
				5,
				5.833,
				-4,
				6,
				-4,
				1,
				6.167,
				-4,
				6.333,
				5,
				6.5,
				5,
				1,
				6.667,
				5,
				6.833,
				-4,
				7,
				-4,
				1,
				7.167,
				-4,
				7.333,
				5,
				7.5,
				5,
				1,
				7.667,
				5,
				7.833,
				-4,
				8,
				-4,
				1,
				8.167,
				-4,
				8.333,
				5,
				8.5,
				5,
				1,
				8.667,
				5,
				8.833,
				-4,
				9,
				-4,
				1,
				9.167,
				-4,
				9.333,
				5,
				9.5,
				5,
				1,
				9.667,
				5,
				9.833,
				0,
				10,
				0,
				0,
				10.533,
				0
			]
		},
		{
			"Target": "Parameter",
			"Id": "ParamBodyAngleZ",
			"Segments": [
				0,
				0,
				0,
				0.033,
				0,
				1,
				0.178,
				0,
				0.322,
				5,
				0.467,
				5,
				1,
				0.644,
				5,
				0.822,
				-4,
				1,
				-4,
				1,
				1.167,
				-4,
				1.333,
				4,
				1.5,
				4,
				1,
				1.667,
				4,
				1.833,
				-4,
				2,
				-4,
				1,
				2.167,
				-4,
				2.333,
				5,
				2.5,
				5,
				1,
				2.667,
				5,
				2.833,
				-4,
				3,
				-4,
				1,
				3.167,
				-4,
				3.333,
				4,
				3.5,
				4,
				1,
				3.667,
				4,
				3.833,
				-4,
				4,
				-4,
				1,
				4.167,
				-4,
				4.333,
				5,
				4.5,
				5,
				1,
				4.667,
				5,
				4.833,
				-4,
				5,
				-4,
				1,
				5.167,
				-4,
				5.333,
				5,
				5.5,
				5,
				1,
				5.667,
				5,
				5.833,
				-6,
				6,
				-6,
				1,
				6.167,
				-6,
				6.333,
				5,
				6.5,
				5,
				1,
				6.667,
				5,
				6.833,
				-5,
				7,
				-5,
				1,
				7.167,
				-5,
				7.333,
				6,
				7.5,
				6,
				1,
				7.667,
				6,
				7.833,
				-4,
				8,
				-4,
				1,
				8.167,
				-4,
				8.333,
				6,
				8.5,
				6,
				1,
				8.667,
				6,
				8.833,
				-4,
				9,
				-4,
				1,
				9.167,
				-4,
				9.333,
				5,
				9.5,
				5,
				1,
				9.667,
				5,
				9.833,
				0,
				10,
				0,
				0,
				10.533,
				0
			]
		},
		{
			"Target": "Parameter",
			"Id": "ParamBreath",
			"Segments": [
				0,
				0,
				0,
				10.533,
				0
			]
		},
		{
			"Target": "Parameter",
			"Id": "Param",
			"Segments": [
				0,
				0,
				0,
				10.533,
				0
			]
		},
		{
			"Target": "Parameter",
			"Id": "Param2",
			"Segments": [
				0,
				0,
				0,
				10.533,
				0
			]
		},
		{
			"Target": "Parameter",
			"Id": "Param5",
			"Segments": [
				0,
				0,
				0,
				10.533,
				0
			]
		},
		{
			"Target": "Parameter",
			"Id": "Param3",
			"Segments": [
				0,
				0,
				0,
				10.533,
				0
			]
		},
		{
			"Target": "Parameter",
			"Id": "Param14",
			"Segments": [
				0,
				0,
				0,
				10.533,
				0
			]
		},
		{
			"Target": "Parameter",
			"Id": "Param4",
			"Segments": [
				0,
				0,
				0,
				0.033,
				0,
				1,
				0.178,
				0,
				0.322,
				1,
				0.467,
				1,
				1,
				3.667,
				1,
				6.867,
				1,
				10.067,
				1,
				1,
				10.222,
				1,
				10.378,
				0,
				10.533,
				0
			]
		},
		{
			"Target": "Parameter",
			"Id": "Param10",
			"Segments": [
				0,
				0,
				0,
				10.533,
				0
			]
		},
		{
			"Target": "Parameter",
			"Id": "Param13",
			"Segments": [
				0,
				0,
				0,
				0.033,
				0,
				1,
				0.189,
				0,
				0.344,
				-30,
				0.5,
				-30,
				1,
				0.667,
				-30,
				0.833,
				30,
				1,
				30,
				1,
				1.167,
				30,
				1.333,
				-30,
				1.5,
				-30,
				1,
				1.667,
				-30,
				1.833,
				30,
				2,
				30,
				1,
				2.167,
				30,
				2.333,
				-30,
				2.5,
				-30,
				1,
				2.667,
				-30,
				2.833,
				30,
				3,
				30,
				1,
				3.167,
				30,
				3.333,
				-30,
				3.5,
				-30,
				1,
				3.667,
				-30,
				3.833,
				30,
				4,
				30,
				1,
				4.167,
				30,
				4.333,
				-30,
				4.5,
				-30,
				1,
				4.667,
				-30,
				4.833,
				30,
				5,
				30,
				1,
				5.167,
				30,
				5.333,
				-30,
				5.5,
				-30,
				1,
				5.667,
				-30,
				5.833,
				30,
				6,
				30,
				1,
				6.167,
				30,
				6.333,
				-30,
				6.5,
				-30,
				1,
				6.667,
				-30,
				6.833,
				30,
				7,
				30,
				1,
				7.167,
				30,
				7.333,
				-30,
				7.5,
				-30,
				1,
				7.667,
				-30,
				7.833,
				30,
				8,
				30,
				1,
				8.167,
				30,
				8.333,
				-30,
				8.5,
				-30,
				1,
				8.667,
				-30,
				8.833,
				30,
				9,
				30,
				1,
				9.167,
				30,
				9.333,
				-30,
				9.5,
				-30,
				1,
				9.667,
				-30,
				9.833,
				0,
				10,
				0,
				0,
				10.533,
				0
			]
		},
		{
			"Target": "Parameter",
			"Id": "Param_Angle_Rotation_1_ArtMesh29",
			"Segments": [
				0,
				0,
				1,
				0.022,
				0,
				0.044,
				0,
				0.067,
				0,
				1,
				0.178,
				0,
				0.289,
				-4.038,
				0.4,
				-4.038,
				1,
				0.567,
				-4.038,
				0.733,
				3.61,
				0.9,
				3.61,
				1,
				1.067,
				3.61,
				1.233,
				-4.01,
				1.4,
				-4.01,
				1,
				1.567,
				-4.01,
				1.733,
				4.42,
				1.9,
				4.42,
				1,
				2.067,
				4.42,
				2.233,
				-4.172,
				2.4,
				-4.172,
				1,
				2.567,
				-4.172,
				2.733,
				4.846,
				2.9,
				4.846,
				1,
				3.067,
				4.846,
				3.233,
				-4.315,
				3.4,
				-4.315,
				1,
				3.567,
				-4.315,
				3.733,
				5.101,
				3.9,
				5.101,
				1,
				4.067,
				5.101,
				4.233,
				-4.843,
				4.4,
				-4.843,
				1,
				4.567,
				-4.843,
				4.733,
				4.485,
				4.9,
				4.485,
				1,
				5.067,
				4.485,
				5.233,
				-4.167,
				5.4,
				-4.167,
				1,
				5.567,
				-4.167,
				5.733,
				4.668,
				5.9,
				4.668,
				1,
				6.067,
				4.668,
				6.233,
				-4.326,
				6.4,
				-4.326,
				1,
				6.567,
				-4.326,
				6.733,
				4.505,
				6.9,
				4.505,
				1,
				7.067,
				4.505,
				7.233,
				-4.449,
				7.4,
				-4.449,
				1,
				7.567,
				-4.449,
				7.733,
				5.21,
				7.9,
				5.21,
				1,
				8.067,
				5.21,
				8.233,
				-4.642,
				8.4,
				-4.642,
				1,
				8.567,
				-4.642,
				8.733,
				4.764,
				8.9,
				4.764,
				1,
				9.067,
				4.764,
				9.233,
				-4.856,
				9.4,
				-4.856,
				1,
				9.544,
				-4.856,
				9.689,
				0.959,
				9.833,
				0.959,
				1,
				9.933,
				0.959,
				10.033,
				-0.646,
				10.133,
				-0.646,
				1,
				10.233,
				-0.646,
				10.333,
				0.089,
				10.433,
				0.089,
				1,
				10.467,
				0.089,
				10.5,
				0.039,
				10.533,
				0.014
			]
		},
		{
			"Target": "Parameter",
			"Id": "Param_Angle_Rotation_2_ArtMesh29",
			"Segments": [
				0,
				0,
				1,
				0.022,
				0,
				0.044,
				0,
				0.067,
				0,
				1,
				0.122,
				0,
				0.178,
				1.399,
				0.233,
				1.399,
				1,
				0.356,
				1.399,
				0.478,
				-1.902,
				0.6,
				-1.902,
				1,
				0.767,
				-1.902,
				0.933,
				1.68,
				1.1,
				1.68,
				1,
				1.278,
				1.68,
				1.456,
				-1.807,
				1.633,
				-1.807,
				1,
				1.8,
				-1.807,
				1.967,
				1.972,
				2.133,
				1.972,
				1,
				2.289,
				1.972,
				2.444,
				-2.035,
				2.6,
				-2.035,
				1,
				2.767,
				-2.035,
				2.933,
				1.954,
				3.1,
				1.954,
				1,
				3.278,
				1.954,
				3.456,
				-2.146,
				3.633,
				-2.146,
				1,
				3.789,
				-2.146,
				3.944,
				2.3,
				4.1,
				2.3,
				1,
				4.267,
				2.3,
				4.433,
				-2.182,
				4.6,
				-2.182,
				1,
				4.767,
				-2.182,
				4.933,
				1.991,
				5.1,
				1.991,
				1,
				5.267,
				1.991,
				5.433,
				-2.043,
				5.6,
				-2.043,
				1,
				5.767,
				-2.043,
				5.933,
				1.99,
				6.1,
				1.99,
				1,
				6.278,
				1.99,
				6.456,
				-2.007,
				6.633,
				-2.007,
				1,
				6.789,
				-2.007,
				6.944,
				2.078,
				7.1,
				2.078,
				1,
				7.267,
				2.078,
				7.433,
				-2.145,
				7.6,
				-2.145,
				1,
				7.767,
				-2.145,
				7.933,
				2.312,
				8.1,
				2.312,
				1,
				8.267,
				2.312,
				8.433,
				-2.219,
				8.6,
				-2.219,
				1,
				8.767,
				-2.219,
				8.933,
				2.113,
				9.1,
				2.113,
				1,
				9.256,
				2.113,
				9.411,
				-2.105,
				9.567,
				-2.105,
				1,
				9.667,
				-2.105,
				9.767,
				0.69,
				9.867,
				0.69,
				1,
				9.9,
				0.69,
				9.933,
				0.633,
				9.967,
				0.633,
				1,
				9.989,
				0.633,
				10.011,
				0.709,
				10.033,
				0.709,
				1,
				10.111,
				0.709,
				10.189,
				-0.603,
				10.267,
				-0.603,
				1,
				10.356,
				-0.603,
				10.444,
				-0.435,
				10.533,
				0
			]
		},
		{
			"Target": "Parameter",
			"Id": "Param_Angle_Rotation_3_ArtMesh29",
			"Segments": [
				0,
				0,
				1,
				0.033,
				0,
				0.067,
				0,
				0.1,
				0,
				1,
				0.178,
				0,
				0.256,
				2.014,
				0.333,
				2.014,
				1,
				0.444,
				2.014,
				0.556,
				-3.284,
				0.667,
				-3.284,
				1,
				0.833,
				-3.284,
				1,
				2.75,
				1.167,
				2.75,
				1,
				1.333,
				2.75,
				1.5,
				-2.892,
				1.667,
				-2.892,
				1,
				1.833,
				-2.892,
				2,
				3.18,
				2.167,
				3.18,
				1,
				2.333,
				3.18,
				2.5,
				-3.301,
				2.667,
				-3.301,
				1,
				2.833,
				-3.301,
				3,
				3.133,
				3.167,
				3.133,
				1,
				3.344,
				3.133,
				3.522,
				-3.418,
				3.7,
				-3.418,
				1,
				3.856,
				-3.418,
				4.011,
				3.758,
				4.167,
				3.758,
				1,
				4.333,
				3.758,
				4.5,
				-3.458,
				4.667,
				-3.458,
				1,
				4.833,
				-3.458,
				5,
				3.179,
				5.167,
				3.179,
				1,
				5.333,
				3.179,
				5.5,
				-3.3,
				5.667,
				-3.3,
				1,
				5.833,
				-3.3,
				6,
				3.194,
				6.167,
				3.194,
				1,
				6.333,
				3.194,
				6.5,
				-3.201,
				6.667,
				-3.201,
				1,
				6.833,
				-3.201,
				7,
				3.363,
				7.167,
				3.363,
				1,
				7.333,
				3.363,
				7.5,
				-3.429,
				7.667,
				-3.429,
				1,
				7.833,
				-3.429,
				8,
				3.662,
				8.167,
				3.662,
				1,
				8.333,
				3.662,
				8.5,
				-3.501,
				8.667,
				-3.501,
				1,
				8.833,
				-3.501,
				9,
				3.354,
				9.167,
				3.354,
				1,
				9.322,
				3.354,
				9.478,
				-3.329,
				9.633,
				-3.329,
				1,
				9.744,
				-3.329,
				9.856,
				1.684,
				9.967,
				1.684,
				1,
				10.1,
				1.684,
				10.233,
				-1.147,
				10.367,
				-1.147,
				1,
				10.422,
				-1.147,
				10.478,
				-0.555,
				10.533,
				0
			]
		},
		{
			"Target": "Parameter",
			"Id": "Param_Angle_Rotation_4_ArtMesh29",
			"Segments": [
				0,
				0,
				1,
				0.033,
				0,
				0.067,
				0,
				0.1,
				0,
				1,
				0.211,
				0,
				0.322,
				1.988,
				0.433,
				1.988,
				1,
				0.544,
				1.988,
				0.656,
				-3.761,
				0.767,
				-3.761,
				1,
				0.911,
				-3.761,
				1.056,
				3.15,
				1.2,
				3.15,
				1,
				1.378,
				3.15,
				1.556,
				-3.149,
				1.733,
				-3.149,
				1,
				1.9,
				-3.149,
				2.067,
				3.486,
				2.233,
				3.486,
				1,
				2.4,
				3.486,
				2.567,
				-3.623,
				2.733,
				-3.623,
				1,
				2.9,
				-3.623,
				3.067,
				3.401,
				3.233,
				3.401,
				1,
				3.411,
				3.401,
				3.589,
				-3.655,
				3.767,
				-3.655,
				1,
				3.922,
				-3.655,
				4.078,
				4.12,
				4.233,
				4.12,
				1,
				4.4,
				4.12,
				4.567,
				-3.718,
				4.733,
				-3.718,
				1,
				4.9,
				-3.718,
				5.067,
				3.45,
				5.233,
				3.45,
				1,
				5.4,
				3.45,
				5.567,
				-3.607,
				5.733,
				-3.607,
				1,
				5.9,
				-3.607,
				6.067,
				3.47,
				6.233,
				3.47,
				1,
				6.4,
				3.47,
				6.567,
				-3.464,
				6.733,
				-3.464,
				1,
				6.9,
				-3.464,
				7.067,
				3.68,
				7.233,
				3.68,
				1,
				7.4,
				3.68,
				7.567,
				-3.704,
				7.733,
				-3.704,
				1,
				7.9,
				-3.704,
				8.067,
				3.908,
				8.233,
				3.908,
				1,
				8.389,
				3.908,
				8.544,
				-3.777,
				8.7,
				-3.777,
				1,
				8.878,
				-3.777,
				9.056,
				3.601,
				9.233,
				3.601,
				1,
				9.389,
				3.601,
				9.544,
				-3.653,
				9.7,
				-3.653,
				1,
				9.822,
				-3.653,
				9.944,
				2.362,
				10.067,
				2.362,
				1,
				10.189,
				2.362,
				10.311,
				-1.46,
				10.433,
				-1.46,
				1,
				10.467,
				-1.46,
				10.5,
				-0.264,
				10.533,
				0
			]
		},
		{
			"Target": "Parameter",
			"Id": "Param_Angle_Rotation_5_ArtMesh29",
			"Segments": [
				0,
				0,
				1,
				0.033,
				0,
				0.067,
				0,
				0.1,
				0,
				1,
				0.233,
				0,
				0.367,
				2.653,
				0.5,
				2.653,
				1,
				0.611,
				2.653,
				0.722,
				-5.663,
				0.833,
				-5.663,
				1,
				0.978,
				-5.663,
				1.122,
				4.962,
				1.267,
				4.962,
				1,
				1.444,
				4.962,
				1.622,
				-4.553,
				1.8,
				-4.553,
				1,
				1.967,
				-4.553,
				2.133,
				5.087,
				2.3,
				5.087,
				1,
				2.456,
				5.087,
				2.611,
				-5.369,
				2.767,
				-5.369,
				1,
				2.933,
				-5.369,
				3.1,
				4.942,
				3.267,
				4.942,
				1,
				3.444,
				4.942,
				3.622,
				-5.259,
				3.8,
				-5.259,
				1,
				3.956,
				-5.259,
				4.111,
				6.025,
				4.267,
				6.025,
				1,
				4.433,
				6.025,
				4.6,
				-5.456,
				4.767,
				-5.456,
				1,
				4.933,
				-5.456,
				5.1,
				5.027,
				5.267,
				5.027,
				1,
				5.433,
				5.027,
				5.6,
				-5.31,
				5.767,
				-5.31,
				1,
				5.933,
				-5.31,
				6.1,
				5.136,
				6.267,
				5.136,
				1,
				6.444,
				5.136,
				6.622,
				-4.998,
				6.8,
				-4.998,
				1,
				6.956,
				-4.998,
				7.111,
				5.4,
				7.267,
				5.4,
				1,
				7.433,
				5.4,
				7.6,
				-5.437,
				7.767,
				-5.437,
				1,
				7.933,
				-5.437,
				8.1,
				5.688,
				8.267,
				5.688,
				1,
				8.433,
				5.688,
				8.6,
				-5.532,
				8.767,
				-5.532,
				1,
				8.933,
				-5.532,
				9.1,
				5.281,
				9.267,
				5.281,
				1,
				9.433,
				5.281,
				9.6,
				-5.365,
				9.767,
				-5.365,
				1,
				9.889,
				-5.365,
				10.011,
				3.998,
				10.133,
				3.998,
				1,
				10.267,
				3.998,
				10.4,
				0,
				10.533,
				0
			]
		},
		{
			"Target": "Parameter",
			"Id": "Param_Angle_Rotation_6_ArtMesh29",
			"Segments": [
				0,
				0,
				1,
				0.033,
				0,
				0.067,
				0,
				0.1,
				0,
				1,
				0.233,
				0,
				0.367,
				2.653,
				0.5,
				2.653,
				1,
				0.611,
				2.653,
				0.722,
				-5.663,
				0.833,
				-5.663,
				1,
				0.978,
				-5.663,
				1.122,
				4.962,
				1.267,
				4.962,
				1,
				1.444,
				4.962,
				1.622,
				-4.553,
				1.8,
				-4.553,
				1,
				1.967,
				-4.553,
				2.133,
				5.087,
				2.3,
				5.087,
				1,
				2.456,
				5.087,
				2.611,
				-5.369,
				2.767,
				-5.369,
				1,
				2.933,
				-5.369,
				3.1,
				4.942,
				3.267,
				4.942,
				1,
				3.444,
				4.942,
				3.622,
				-5.259,
				3.8,
				-5.259,
				1,
				3.956,
				-5.259,
				4.111,
				6.025,
				4.267,
				6.025,
				1,
				4.433,
				6.025,
				4.6,
				-5.456,
				4.767,
				-5.456,
				1,
				4.933,
				-5.456,
				5.1,
				5.027,
				5.267,
				5.027,
				1,
				5.433,
				5.027,
				5.6,
				-5.31,
				5.767,
				-5.31,
				1,
				5.933,
				-5.31,
				6.1,
				5.136,
				6.267,
				5.136,
				1,
				6.444,
				5.136,
				6.622,
				-4.998,
				6.8,
				-4.998,
				1,
				6.956,
				-4.998,
				7.111,
				5.4,
				7.267,
				5.4,
				1,
				7.433,
				5.4,
				7.6,
				-5.437,
				7.767,
				-5.437,
				1,
				7.933,
				-5.437,
				8.1,
				5.688,
				8.267,
				5.688,
				1,
				8.433,
				5.688,
				8.6,
				-5.532,
				8.767,
				-5.532,
				1,
				8.933,
				-5.532,
				9.1,
				5.281,
				9.267,
				5.281,
				1,
				9.433,
				5.281,
				9.6,
				-5.365,
				9.767,
				-5.365,
				1,
				9.889,
				-5.365,
				10.011,
				3.998,
				10.133,
				3.998,
				1,
				10.267,
				3.998,
				10.4,
				0,
				10.533,
				0
			]
		},
		{
			"Target": "Parameter",
			"Id": "Param_Angle_Rotation_7_ArtMesh29",
			"Segments": [
				0,
				0,
				1,
				0.033,
				0,
				0.067,
				0,
				0.1,
				0,
				1,
				0.233,
				0,
				0.367,
				2.653,
				0.5,
				2.653,
				1,
				0.611,
				2.653,
				0.722,
				-5.663,
				0.833,
				-5.663,
				1,
				0.978,
				-5.663,
				1.122,
				4.962,
				1.267,
				4.962,
				1,
				1.444,
				4.962,
				1.622,
				-4.553,
				1.8,
				-4.553,
				1,
				1.967,
				-4.553,
				2.133,
				5.087,
				2.3,
				5.087,
				1,
				2.456,
				5.087,
				2.611,
				-5.369,
				2.767,
				-5.369,
				1,
				2.933,
				-5.369,
				3.1,
				4.942,
				3.267,
				4.942,
				1,
				3.444,
				4.942,
				3.622,
				-5.259,
				3.8,
				-5.259,
				1,
				3.956,
				-5.259,
				4.111,
				6.025,
				4.267,
				6.025,
				1,
				4.433,
				6.025,
				4.6,
				-5.456,
				4.767,
				-5.456,
				1,
				4.933,
				-5.456,
				5.1,
				5.027,
				5.267,
				5.027,
				1,
				5.433,
				5.027,
				5.6,
				-5.31,
				5.767,
				-5.31,
				1,
				5.933,
				-5.31,
				6.1,
				5.136,
				6.267,
				5.136,
				1,
				6.444,
				5.136,
				6.622,
				-4.998,
				6.8,
				-4.998,
				1,
				6.956,
				-4.998,
				7.111,
				5.4,
				7.267,
				5.4,
				1,
				7.433,
				5.4,
				7.6,
				-5.437,
				7.767,
				-5.437,
				1,
				7.933,
				-5.437,
				8.1,
				5.688,
				8.267,
				5.688,
				1,
				8.433,
				5.688,
				8.6,
				-5.532,
				8.767,
				-5.532,
				1,
				8.933,
				-5.532,
				9.1,
				5.281,
				9.267,
				5.281,
				1,
				9.433,
				5.281,
				9.6,
				-5.365,
				9.767,
				-5.365,
				1,
				9.889,
				-5.365,
				10.011,
				3.998,
				10.133,
				3.998,
				1,
				10.267,
				3.998,
				10.4,
				0,
				10.533,
				0
			]
		},
		{
			"Target": "Parameter",
			"Id": "Param_Angle_Rotation_1_ArtMesh28",
			"Segments": [
				0,
				0,
				1,
				0.022,
				0,
				0.044,
				0,
				0.067,
				0,
				1,
				0.178,
				0,
				0.289,
				-4.137,
				0.4,
				-4.137,
				1,
				0.567,
				-4.137,
				0.733,
				3.823,
				0.9,
				3.823,
				1,
				1.067,
				3.823,
				1.233,
				-4.216,
				1.4,
				-4.216,
				1,
				1.567,
				-4.216,
				1.733,
				4.627,
				1.9,
				4.627,
				1,
				2.067,
				4.627,
				2.233,
				-4.4,
				2.4,
				-4.4,
				1,
				2.567,
				-4.4,
				2.733,
				5.064,
				2.9,
				5.064,
				1,
				3.078,
				5.064,
				3.256,
				-4.548,
				3.433,
				-4.548,
				1,
				3.589,
				-4.548,
				3.744,
				5.338,
				3.9,
				5.338,
				1,
				4.067,
				5.338,
				4.233,
				-5.053,
				4.4,
				-5.053,
				1,
				4.567,
				-5.053,
				4.733,
				4.703,
				4.9,
				4.703,
				1,
				5.067,
				4.703,
				5.233,
				-4.397,
				5.4,
				-4.397,
				1,
				5.567,
				-4.397,
				5.733,
				4.903,
				5.9,
				4.903,
				1,
				6.067,
				4.903,
				6.233,
				-4.544,
				6.4,
				-4.544,
				1,
				6.567,
				-4.544,
				6.733,
				4.735,
				6.9,
				4.735,
				1,
				7.067,
				4.735,
				7.233,
				-4.691,
				7.4,
				-4.691,
				1,
				7.567,
				-4.691,
				7.733,
				5.473,
				7.9,
				5.473,
				1,
				8.067,
				5.473,
				8.233,
				-4.901,
				8.4,
				-4.901,
				1,
				8.567,
				-4.901,
				8.733,
				5.015,
				8.9,
				5.015,
				1,
				9.067,
				5.015,
				9.233,
				-5.115,
				9.4,
				-5.115,
				1,
				9.556,
				-5.115,
				9.711,
				1.121,
				9.867,
				1.121,
				1,
				9.956,
				1.121,
				10.044,
				-0.577,
				10.133,
				-0.577,
				1,
				10.233,
				-0.577,
				10.333,
				0.126,
				10.433,
				0.126,
				1,
				10.467,
				0.126,
				10.5,
				0.081,
				10.533,
				0.045
			]
		},
		{
			"Target": "Parameter",
			"Id": "Param_Angle_Rotation_2_ArtMesh28",
			"Segments": [
				0,
				0,
				1,
				0.022,
				0,
				0.044,
				0,
				0.067,
				0,
				1,
				0.122,
				0,
				0.178,
				1.428,
				0.233,
				1.428,
				1,
				0.356,
				1.428,
				0.478,
				-1.968,
				0.6,
				-1.968,
				1,
				0.778,
				-1.968,
				0.956,
				1.84,
				1.133,
				1.84,
				1,
				1.3,
				1.84,
				1.467,
				-1.979,
				1.633,
				-1.979,
				1,
				1.8,
				-1.979,
				1.967,
				2.119,
				2.133,
				2.119,
				1,
				2.289,
				2.119,
				2.444,
				-2.182,
				2.6,
				-2.182,
				1,
				2.778,
				-2.182,
				2.956,
				2.117,
				3.133,
				2.117,
				1,
				3.3,
				2.117,
				3.467,
				-2.319,
				3.633,
				-2.319,
				1,
				3.789,
				-2.319,
				3.944,
				2.448,
				4.1,
				2.448,
				1,
				4.267,
				2.448,
				4.433,
				-2.326,
				4.6,
				-2.326,
				1,
				4.778,
				-2.326,
				4.956,
				2.175,
				5.133,
				2.175,
				1,
				5.289,
				2.175,
				5.444,
				-2.193,
				5.6,
				-2.193,
				1,
				5.767,
				-2.193,
				5.933,
				2.144,
				6.1,
				2.144,
				1,
				6.278,
				2.144,
				6.456,
				-2.189,
				6.633,
				-2.189,
				1,
				6.8,
				-2.189,
				6.967,
				2.23,
				7.133,
				2.23,
				1,
				7.3,
				2.23,
				7.467,
				-2.322,
				7.633,
				-2.322,
				1,
				7.789,
				-2.322,
				7.944,
				2.447,
				8.1,
				2.447,
				1,
				8.267,
				2.447,
				8.433,
				-2.392,
				8.6,
				-2.392,
				1,
				8.778,
				-2.392,
				8.956,
				2.3,
				9.133,
				2.3,
				1,
				9.278,
				2.3,
				9.422,
				-2.213,
				9.567,
				-2.213,
				1,
				9.733,
				-2.213,
				9.9,
				0.827,
				10.067,
				0.827,
				1,
				10.144,
				0.827,
				10.222,
				-0.556,
				10.3,
				-0.556,
				1,
				10.378,
				-0.556,
				10.456,
				-0.397,
				10.533,
				0
			]
		},
		{
			"Target": "Parameter",
			"Id": "Param_Angle_Rotation_3_ArtMesh28",
			"Segments": [
				0,
				0,
				1,
				0.033,
				0,
				0.067,
				0,
				0.1,
				0,
				1,
				0.178,
				0,
				0.256,
				2.035,
				0.333,
				2.035,
				1,
				0.456,
				2.035,
				0.578,
				-3.316,
				0.7,
				-3.316,
				1,
				0.856,
				-3.316,
				1.011,
				2.942,
				1.167,
				2.942,
				1,
				1.344,
				2.942,
				1.522,
				-3.13,
				1.7,
				-3.13,
				1,
				1.867,
				-3.13,
				2.033,
				3.393,
				2.2,
				3.393,
				1,
				2.356,
				3.393,
				2.511,
				-3.477,
				2.667,
				-3.477,
				1,
				2.844,
				-3.477,
				3.022,
				3.362,
				3.2,
				3.362,
				1,
				3.367,
				3.362,
				3.533,
				-3.641,
				3.7,
				-3.641,
				1,
				3.856,
				-3.641,
				4.011,
				3.917,
				4.167,
				3.917,
				1,
				4.333,
				3.917,
				4.5,
				-3.668,
				4.667,
				-3.668,
				1,
				4.844,
				-3.668,
				5.022,
				3.417,
				5.2,
				3.417,
				1,
				5.356,
				3.417,
				5.511,
				-3.487,
				5.667,
				-3.487,
				1,
				5.833,
				-3.487,
				6,
				3.398,
				6.167,
				3.398,
				1,
				6.344,
				3.398,
				6.522,
				-3.444,
				6.7,
				-3.444,
				1,
				6.867,
				-3.444,
				7.033,
				3.546,
				7.2,
				3.546,
				1,
				7.367,
				3.546,
				7.533,
				-3.645,
				7.7,
				-3.645,
				1,
				7.856,
				-3.645,
				8.011,
				3.859,
				8.167,
				3.859,
				1,
				8.333,
				3.859,
				8.5,
				-3.73,
				8.667,
				-3.73,
				1,
				8.844,
				-3.73,
				9.022,
				3.592,
				9.2,
				3.592,
				1,
				9.356,
				3.592,
				9.511,
				-3.411,
				9.667,
				-3.411,
				1,
				9.789,
				-3.411,
				9.911,
				1.588,
				10.033,
				1.588,
				1,
				10.156,
				1.588,
				10.278,
				-0.995,
				10.4,
				-0.995,
				1,
				10.444,
				-0.995,
				10.489,
				-0.337,
				10.533,
				0
			]
		},
		{
			"Target": "Parameter",
			"Id": "Param_Angle_Rotation_4_ArtMesh28",
			"Segments": [
				0,
				0,
				1,
				0.033,
				0,
				0.067,
				0,
				0.1,
				0,
				1,
				0.211,
				0,
				0.322,
				1.997,
				0.433,
				1.997,
				1,
				0.544,
				1.997,
				0.656,
				-3.701,
				0.767,
				-3.701,
				1,
				0.922,
				-3.701,
				1.078,
				3.273,
				1.233,
				3.273,
				1,
				1.411,
				3.273,
				1.589,
				-3.348,
				1.767,
				-3.348,
				1,
				1.933,
				-3.348,
				2.1,
				3.664,
				2.267,
				3.664,
				1,
				2.422,
				3.664,
				2.578,
				-3.771,
				2.733,
				-3.771,
				1,
				2.911,
				-3.771,
				3.089,
				3.588,
				3.267,
				3.588,
				1,
				3.433,
				3.588,
				3.6,
				-3.87,
				3.767,
				-3.87,
				1,
				3.922,
				-3.87,
				4.078,
				4.244,
				4.233,
				4.244,
				1,
				4.4,
				4.244,
				4.567,
				-3.929,
				4.733,
				-3.929,
				1,
				4.911,
				-3.929,
				5.089,
				3.633,
				5.267,
				3.633,
				1,
				5.422,
				3.633,
				5.578,
				-3.776,
				5.733,
				-3.776,
				1,
				5.9,
				-3.776,
				6.067,
				3.669,
				6.233,
				3.669,
				1,
				6.411,
				3.669,
				6.589,
				-3.66,
				6.767,
				-3.66,
				1,
				6.922,
				-3.66,
				7.078,
				3.837,
				7.233,
				3.837,
				1,
				7.4,
				3.837,
				7.567,
				-3.91,
				7.733,
				-3.91,
				1,
				7.9,
				-3.91,
				8.067,
				4.126,
				8.233,
				4.126,
				1,
				8.4,
				4.126,
				8.567,
				-3.973,
				8.733,
				-3.973,
				1,
				8.9,
				-3.973,
				9.067,
				3.842,
				9.233,
				3.842,
				1,
				9.4,
				3.842,
				9.567,
				-3.692,
				9.733,
				-3.692,
				1,
				9.856,
				-3.692,
				9.978,
				2.151,
				10.1,
				2.151,
				1,
				10.244,
				2.151,
				10.389,
				0,
				10.533,
				0
			]
		},
		{
			"Target": "Parameter",
			"Id": "Param_Angle_Rotation_5_ArtMesh28",
			"Segments": [
				0,
				0,
				1,
				0.033,
				0,
				0.067,
				0,
				0.1,
				0,
				1,
				0.233,
				0,
				0.367,
				2.611,
				0.5,
				2.611,
				1,
				0.622,
				2.611,
				0.744,
				-5.392,
				0.867,
				-5.392,
				1,
				1.011,
				-5.392,
				1.156,
				4.942,
				1.3,
				4.942,
				1,
				1.467,
				4.942,
				1.633,
				-4.799,
				1.8,
				-4.799,
				1,
				1.978,
				-4.799,
				2.156,
				5.262,
				2.333,
				5.262,
				1,
				2.489,
				5.262,
				2.644,
				-5.482,
				2.8,
				-5.482,
				1,
				2.967,
				-5.482,
				3.133,
				5.168,
				3.3,
				5.168,
				1,
				3.478,
				5.168,
				3.656,
				-5.482,
				3.833,
				-5.482,
				1,
				3.989,
				-5.482,
				4.144,
				6.142,
				4.3,
				6.142,
				1,
				4.467,
				6.142,
				4.633,
				-5.649,
				4.8,
				-5.649,
				1,
				4.967,
				-5.649,
				5.133,
				5.235,
				5.3,
				5.235,
				1,
				5.467,
				5.235,
				5.633,
				-5.476,
				5.8,
				-5.476,
				1,
				5.967,
				-5.476,
				6.133,
				5.312,
				6.3,
				5.312,
				1,
				6.467,
				5.312,
				6.633,
				-5.226,
				6.8,
				-5.226,
				1,
				6.967,
				-5.226,
				7.133,
				5.565,
				7.3,
				5.565,
				1,
				7.467,
				5.565,
				7.633,
				-5.631,
				7.8,
				-5.631,
				1,
				7.967,
				-5.631,
				8.133,
				5.898,
				8.3,
				5.898,
				1,
				8.467,
				5.898,
				8.633,
				-5.68,
				8.8,
				-5.68,
				1,
				8.967,
				-5.68,
				9.133,
				5.514,
				9.3,
				5.514,
				1,
				9.467,
				5.514,
				9.633,
				-5.355,
				9.8,
				-5.355,
				1,
				9.933,
				-5.355,
				10.067,
				3.577,
				10.2,
				3.577,
				1,
				10.311,
				3.577,
				10.422,
				2.549,
				10.533,
				0
			]
		},
		{
			"Target": "Parameter",
			"Id": "Param_Angle_Rotation_6_ArtMesh28",
			"Segments": [
				0,
				0,
				1,
				0.033,
				0,
				0.067,
				0,
				0.1,
				0,
				1,
				0.233,
				0,
				0.367,
				2.611,
				0.5,
				2.611,
				1,
				0.622,
				2.611,
				0.744,
				-5.392,
				0.867,
				-5.392,
				1,
				1.011,
				-5.392,
				1.156,
				4.942,
				1.3,
				4.942,
				1,
				1.467,
				4.942,
				1.633,
				-4.799,
				1.8,
				-4.799,
				1,
				1.978,
				-4.799,
				2.156,
				5.262,
				2.333,
				5.262,
				1,
				2.489,
				5.262,
				2.644,
				-5.482,
				2.8,
				-5.482,
				1,
				2.967,
				-5.482,
				3.133,
				5.168,
				3.3,
				5.168,
				1,
				3.478,
				5.168,
				3.656,
				-5.482,
				3.833,
				-5.482,
				1,
				3.989,
				-5.482,
				4.144,
				6.142,
				4.3,
				6.142,
				1,
				4.467,
				6.142,
				4.633,
				-5.649,
				4.8,
				-5.649,
				1,
				4.967,
				-5.649,
				5.133,
				5.235,
				5.3,
				5.235,
				1,
				5.467,
				5.235,
				5.633,
				-5.476,
				5.8,
				-5.476,
				1,
				5.967,
				-5.476,
				6.133,
				5.312,
				6.3,
				5.312,
				1,
				6.467,
				5.312,
				6.633,
				-5.226,
				6.8,
				-5.226,
				1,
				6.967,
				-5.226,
				7.133,
				5.565,
				7.3,
				5.565,
				1,
				7.467,
				5.565,
				7.633,
				-5.631,
				7.8,
				-5.631,
				1,
				7.967,
				-5.631,
				8.133,
				5.898,
				8.3,
				5.898,
				1,
				8.467,
				5.898,
				8.633,
				-5.68,
				8.8,
				-5.68,
				1,
				8.967,
				-5.68,
				9.133,
				5.514,
				9.3,
				5.514,
				1,
				9.467,
				5.514,
				9.633,
				-5.355,
				9.8,
				-5.355,
				1,
				9.933,
				-5.355,
				10.067,
				3.577,
				10.2,
				3.577,
				1,
				10.311,
				3.577,
				10.422,
				2.549,
				10.533,
				0
			]
		},
		{
			"Target": "Parameter",
			"Id": "Param_Angle_Rotation_7_ArtMesh28",
			"Segments": [
				0,
				0,
				1,
				0.033,
				0,
				0.067,
				0,
				0.1,
				0,
				1,
				0.233,
				0,
				0.367,
				2.611,
				0.5,
				2.611,
				1,
				0.622,
				2.611,
				0.744,
				-5.392,
				0.867,
				-5.392,
				1,
				1.011,
				-5.392,
				1.156,
				4.942,
				1.3,
				4.942,
				1,
				1.467,
				4.942,
				1.633,
				-4.799,
				1.8,
				-4.799,
				1,
				1.978,
				-4.799,
				2.156,
				5.262,
				2.333,
				5.262,
				1,
				2.489,
				5.262,
				2.644,
				-5.482,
				2.8,
				-5.482,
				1,
				2.967,
				-5.482,
				3.133,
				5.168,
				3.3,
				5.168,
				1,
				3.478,
				5.168,
				3.656,
				-5.482,
				3.833,
				-5.482,
				1,
				3.989,
				-5.482,
				4.144,
				6.142,
				4.3,
				6.142,
				1,
				4.467,
				6.142,
				4.633,
				-5.649,
				4.8,
				-5.649,
				1,
				4.967,
				-5.649,
				5.133,
				5.235,
				5.3,
				5.235,
				1,
				5.467,
				5.235,
				5.633,
				-5.476,
				5.8,
				-5.476,
				1,
				5.967,
				-5.476,
				6.133,
				5.312,
				6.3,
				5.312,
				1,
				6.467,
				5.312,
				6.633,
				-5.226,
				6.8,
				-5.226,
				1,
				6.967,
				-5.226,
				7.133,
				5.565,
				7.3,
				5.565,
				1,
				7.467,
				5.565,
				7.633,
				-5.631,
				7.8,
				-5.631,
				1,
				7.967,
				-5.631,
				8.133,
				5.898,
				8.3,
				5.898,
				1,
				8.467,
				5.898,
				8.633,
				-5.68,
				8.8,
				-5.68,
				1,
				8.967,
				-5.68,
				9.133,
				5.514,
				9.3,
				5.514,
				1,
				9.467,
				5.514,
				9.633,
				-5.355,
				9.8,
				-5.355,
				1,
				9.933,
				-5.355,
				10.067,
				3.577,
				10.2,
				3.577,
				1,
				10.311,
				3.577,
				10.422,
				2.549,
				10.533,
				0
			]
		},
		{
			"Target": "Parameter",
			"Id": "Param_Angle_Rotation_1_ArtMesh5",
			"Segments": [
				0,
				0,
				1,
				3.511,
				0,
				7.022,
				0,
				10.533,
				0
			]
		},
		{
			"Target": "Parameter",
			"Id": "Param_Angle_Rotation_2_ArtMesh5",
			"Segments": [
				0,
				0,
				1,
				0.022,
				0,
				0.044,
				0,
				0.067,
				0,
				1,
				0.111,
				0,
				0.156,
				0.421,
				0.2,
				0.421,
				1,
				0.322,
				0.421,
				0.444,
				-0.408,
				0.567,
				-0.408,
				1,
				0.744,
				-0.408,
				0.922,
				0.397,
				1.1,
				0.397,
				1,
				1.278,
				0.397,
				1.456,
				-0.433,
				1.633,
				-0.433,
				1,
				1.789,
				-0.433,
				1.944,
				0.47,
				2.1,
				0.47,
				1,
				2.267,
				0.47,
				2.433,
				-0.459,
				2.6,
				-0.459,
				1,
				2.767,
				-0.459,
				2.933,
				0.469,
				3.1,
				0.469,
				1,
				3.278,
				0.469,
				3.456,
				-0.543,
				3.633,
				-0.543,
				1,
				3.789,
				-0.543,
				3.944,
				0.5,
				4.1,
				0.5,
				1,
				4.267,
				0.5,
				4.433,
				-0.501,
				4.6,
				-0.501,
				1,
				4.767,
				-0.501,
				4.933,
				0.488,
				5.1,
				0.488,
				1,
				5.267,
				0.488,
				5.433,
				-0.466,
				5.6,
				-0.466,
				1,
				5.767,
				-0.466,
				5.933,
				0.46,
				6.1,
				0.46,
				1,
				6.267,
				0.46,
				6.433,
				-0.488,
				6.6,
				-0.488,
				1,
				6.767,
				-0.488,
				6.933,
				0.478,
				7.1,
				0.478,
				1,
				7.267,
				0.478,
				7.433,
				-0.501,
				7.6,
				-0.501,
				1,
				7.767,
				-0.501,
				7.933,
				0.503,
				8.1,
				0.503,
				1,
				8.267,
				0.503,
				8.433,
				-0.504,
				8.6,
				-0.504,
				1,
				8.767,
				-0.504,
				8.933,
				0.505,
				9.1,
				0.505,
				1,
				9.256,
				0.505,
				9.411,
				-0.454,
				9.567,
				-0.454,
				1,
				9.633,
				-0.454,
				9.7,
				0.107,
				9.767,
				0.107,
				1,
				9.811,
				0.107,
				9.856,
				-0.012,
				9.9,
				-0.012,
				1,
				9.956,
				-0.012,
				10.011,
				0.185,
				10.067,
				0.185,
				1,
				10.122,
				0.185,
				10.178,
				-0.17,
				10.233,
				-0.17,
				1,
				10.289,
				-0.17,
				10.344,
				0.104,
				10.4,
				0.104,
				1,
				10.444,
				0.104,
				10.489,
				0,
				10.533,
				0
			]
		},
		{
			"Target": "Parameter",
			"Id": "Param_Angle_Rotation_3_ArtMesh5",
			"Segments": [
				0,
				0,
				1,
				0.033,
				0,
				0.067,
				0,
				0.1,
				0,
				1,
				0.167,
				0,
				0.233,
				0.843,
				0.3,
				0.843,
				1,
				0.4,
				0.843,
				0.5,
				-0.983,
				0.6,
				-0.983,
				1,
				0.789,
				-0.983,
				0.978,
				0.826,
				1.167,
				0.826,
				1,
				1.333,
				0.826,
				1.5,
				-0.91,
				1.667,
				-0.91,
				1,
				1.833,
				-0.91,
				2,
				1,
				2.167,
				1,
				1,
				2.322,
				1,
				2.478,
				-0.951,
				2.633,
				-0.951,
				1,
				2.811,
				-0.951,
				2.989,
				0.998,
				3.167,
				0.998,
				1,
				3.333,
				0.998,
				3.5,
				-1.144,
				3.667,
				-1.144,
				1,
				3.822,
				-1.144,
				3.978,
				1.064,
				4.133,
				1.064,
				1,
				4.3,
				1.064,
				4.467,
				-1.059,
				4.633,
				-1.059,
				1,
				4.811,
				-1.059,
				4.989,
				1.032,
				5.167,
				1.032,
				1,
				5.333,
				1.032,
				5.5,
				-0.955,
				5.667,
				-0.955,
				1,
				5.833,
				-0.955,
				6,
				0.953,
				6.167,
				0.953,
				1,
				6.333,
				0.953,
				6.5,
				-1.03,
				6.667,
				-1.03,
				1,
				6.833,
				-1.03,
				7,
				0.988,
				7.167,
				0.988,
				1,
				7.333,
				0.988,
				7.5,
				-1.036,
				7.667,
				-1.036,
				1,
				7.822,
				-1.036,
				7.978,
				1.056,
				8.133,
				1.056,
				1,
				8.3,
				1.056,
				8.467,
				-1.052,
				8.633,
				-1.052,
				1,
				8.811,
				-1.052,
				8.989,
				1.048,
				9.167,
				1.048,
				1,
				9.311,
				1.048,
				9.456,
				-0.923,
				9.6,
				-0.923,
				1,
				9.678,
				-0.923,
				9.756,
				0.359,
				9.833,
				0.359,
				1,
				9.889,
				0.359,
				9.944,
				0.039,
				10,
				0.039,
				1,
				10.044,
				0.039,
				10.089,
				0.224,
				10.133,
				0.224,
				1,
				10.189,
				0.224,
				10.244,
				-0.448,
				10.3,
				-0.448,
				1,
				10.378,
				-0.448,
				10.456,
				0,
				10.533,
				0
			]
		},
		{
			"Target": "Parameter",
			"Id": "Param_Angle_Rotation_4_ArtMesh5",
			"Segments": [
				0,
				0,
				1,
				0.033,
				0,
				0.067,
				0,
				0.1,
				0,
				1,
				0.178,
				0,
				0.256,
				1.294,
				0.333,
				1.294,
				1,
				0.433,
				1.294,
				0.533,
				-1.813,
				0.633,
				-1.813,
				1,
				0.833,
				-1.813,
				1.033,
				1.251,
				1.233,
				1.251,
				1,
				1.389,
				1.251,
				1.544,
				-1.404,
				1.7,
				-1.404,
				1,
				1.867,
				-1.404,
				2.033,
				1.567,
				2.2,
				1.567,
				1,
				2.367,
				1.567,
				2.533,
				-1.495,
				2.7,
				-1.495,
				1,
				2.867,
				-1.495,
				3.033,
				1.557,
				3.2,
				1.557,
				1,
				3.378,
				1.557,
				3.556,
				-1.816,
				3.733,
				-1.816,
				1,
				3.878,
				-1.816,
				4.022,
				1.644,
				4.167,
				1.644,
				1,
				4.344,
				1.644,
				4.522,
				-1.666,
				4.7,
				-1.666,
				1,
				4.878,
				-1.666,
				5.056,
				1.584,
				5.233,
				1.584,
				1,
				5.389,
				1.584,
				5.544,
				-1.495,
				5.7,
				-1.495,
				1,
				5.867,
				-1.495,
				6.033,
				1.488,
				6.2,
				1.488,
				1,
				6.367,
				1.488,
				6.533,
				-1.6,
				6.7,
				-1.6,
				1,
				6.867,
				-1.6,
				7.033,
				1.546,
				7.2,
				1.546,
				1,
				7.367,
				1.546,
				7.533,
				-1.602,
				7.7,
				-1.602,
				1,
				7.856,
				-1.602,
				8.011,
				1.653,
				8.167,
				1.653,
				1,
				8.344,
				1.653,
				8.522,
				-1.685,
				8.7,
				-1.685,
				1,
				8.867,
				-1.685,
				9.033,
				1.59,
				9.2,
				1.59,
				1,
				9.344,
				1.59,
				9.489,
				-1.476,
				9.633,
				-1.476,
				1,
				9.722,
				-1.476,
				9.811,
				0.783,
				9.9,
				0.783,
				1,
				9.967,
				0.783,
				10.033,
				0.077,
				10.1,
				0.077,
				1,
				10.133,
				0.077,
				10.167,
				0.143,
				10.2,
				0.143,
				1,
				10.267,
				0.143,
				10.333,
				-0.534,
				10.4,
				-0.534,
				1,
				10.444,
				-0.534,
				10.489,
				-0.421,
				10.533,
				0
			]
		},
		{
			"Target": "Parameter",
			"Id": "Param_Angle_Rotation_5_ArtMesh5",
			"Segments": [
				0,
				0,
				1,
				0.033,
				0,
				0.067,
				0,
				0.1,
				0,
				1,
				0.2,
				0,
				0.3,
				1.805,
				0.4,
				1.805,
				1,
				0.5,
				1.805,
				0.6,
				-2.935,
				0.7,
				-2.935,
				1,
				0.889,
				-2.935,
				1.078,
				1.646,
				1.267,
				1.646,
				1,
				1.422,
				1.646,
				1.578,
				-1.959,
				1.733,
				-1.959,
				1,
				1.9,
				-1.959,
				2.067,
				2.192,
				2.233,
				2.192,
				1,
				2.389,
				2.192,
				2.544,
				-2.136,
				2.7,
				-2.136,
				1,
				2.889,
				-2.136,
				3.078,
				2.156,
				3.267,
				2.156,
				1,
				3.433,
				2.156,
				3.6,
				-2.504,
				3.767,
				-2.504,
				1,
				3.9,
				-2.504,
				4.033,
				2.593,
				4.167,
				2.593,
				1,
				4.356,
				2.593,
				4.544,
				-2.304,
				4.733,
				-2.304,
				1,
				4.911,
				-2.304,
				5.089,
				2.11,
				5.267,
				2.11,
				1,
				5.411,
				2.11,
				5.556,
				-2.141,
				5.7,
				-2.141,
				1,
				5.878,
				-2.141,
				6.056,
				2.057,
				6.233,
				2.057,
				1,
				6.411,
				2.057,
				6.589,
				-2.211,
				6.767,
				-2.211,
				1,
				6.922,
				-2.211,
				7.078,
				2.173,
				7.233,
				2.173,
				1,
				7.4,
				2.173,
				7.567,
				-2.209,
				7.733,
				-2.209,
				1,
				7.889,
				-2.209,
				8.044,
				2.458,
				8.2,
				2.458,
				1,
				8.378,
				2.458,
				8.556,
				-2.236,
				8.733,
				-2.236,
				1,
				8.911,
				-2.236,
				9.089,
				2.129,
				9.267,
				2.129,
				1,
				9.4,
				2.129,
				9.533,
				-2.2,
				9.667,
				-2.2,
				1,
				9.767,
				-2.2,
				9.867,
				1.416,
				9.967,
				1.416,
				1,
				10.122,
				1.416,
				10.278,
				-0.651,
				10.433,
				-0.651,
				1,
				10.467,
				-0.651,
				10.5,
				-0.337,
				10.533,
				-0.024
			]
		},
		{
			"Target": "Parameter",
			"Id": "Param_Angle_Rotation_1_ArtMesh6",
			"Segments": [
				0,
				0,
				1,
				3.511,
				0,
				7.022,
				0,
				10.533,
				0
			]
		},
		{
			"Target": "Parameter",
			"Id": "Param_Angle_Rotation_2_ArtMesh6",
			"Segments": [
				0,
				0,
				1,
				0.022,
				0,
				0.044,
				0,
				0.067,
				0,
				1,
				0.122,
				0,
				0.178,
				0.237,
				0.233,
				0.237,
				1,
				0.356,
				0.237,
				0.478,
				-0.238,
				0.6,
				-0.238,
				1,
				0.778,
				-0.238,
				0.956,
				0.23,
				1.133,
				0.23,
				1,
				1.3,
				0.23,
				1.467,
				-0.251,
				1.633,
				-0.251,
				1,
				1.8,
				-0.251,
				1.967,
				0.272,
				2.133,
				0.272,
				1,
				2.289,
				0.272,
				2.444,
				-0.26,
				2.6,
				-0.26,
				1,
				2.778,
				-0.26,
				2.956,
				0.269,
				3.133,
				0.269,
				1,
				3.3,
				0.269,
				3.467,
				-0.31,
				3.633,
				-0.31,
				1,
				3.789,
				-0.31,
				3.944,
				0.287,
				4.1,
				0.287,
				1,
				4.267,
				0.287,
				4.433,
				-0.287,
				4.6,
				-0.287,
				1,
				4.778,
				-0.287,
				4.956,
				0.28,
				5.133,
				0.28,
				1,
				5.3,
				0.28,
				5.467,
				-0.265,
				5.633,
				-0.265,
				1,
				5.8,
				-0.265,
				5.967,
				0.261,
				6.133,
				0.261,
				1,
				6.3,
				0.261,
				6.467,
				-0.28,
				6.633,
				-0.28,
				1,
				6.8,
				-0.28,
				6.967,
				0.273,
				7.133,
				0.273,
				1,
				7.3,
				0.273,
				7.467,
				-0.288,
				7.633,
				-0.288,
				1,
				7.789,
				-0.288,
				7.944,
				0.288,
				8.1,
				0.288,
				1,
				8.267,
				0.288,
				8.433,
				-0.289,
				8.6,
				-0.289,
				1,
				8.778,
				-0.289,
				8.956,
				0.29,
				9.133,
				0.29,
				1,
				9.278,
				0.29,
				9.422,
				-0.255,
				9.567,
				-0.255,
				1,
				9.644,
				-0.255,
				9.722,
				0.049,
				9.8,
				0.049,
				1,
				9.844,
				0.049,
				9.889,
				0.001,
				9.933,
				0.001,
				1,
				9.978,
				0.001,
				10.022,
				0.096,
				10.067,
				0.096,
				1,
				10.122,
				0.096,
				10.178,
				-0.086,
				10.233,
				-0.086,
				1,
				10.289,
				-0.086,
				10.344,
				0.055,
				10.4,
				0.055,
				1,
				10.444,
				0.055,
				10.489,
				0,
				10.533,
				0
			]
		},
		{
			"Target": "Parameter",
			"Id": "Param_Angle_Rotation_3_ArtMesh6",
			"Segments": [
				0,
				0,
				1,
				0.033,
				0,
				0.067,
				0,
				0.1,
				0,
				1,
				0.167,
				0,
				0.233,
				0.398,
				0.3,
				0.398,
				1,
				0.411,
				0.398,
				0.522,
				-0.472,
				0.633,
				-0.472,
				1,
				0.822,
				-0.472,
				1.011,
				0.395,
				1.2,
				0.395,
				1,
				1.367,
				0.395,
				1.533,
				-0.438,
				1.7,
				-0.438,
				1,
				1.856,
				-0.438,
				2.011,
				0.477,
				2.167,
				0.477,
				1,
				2.333,
				0.477,
				2.5,
				-0.462,
				2.667,
				-0.462,
				1,
				2.833,
				-0.462,
				3,
				0.476,
				3.167,
				0.476,
				1,
				3.344,
				0.476,
				3.522,
				-0.552,
				3.7,
				-0.552,
				1,
				3.856,
				-0.552,
				4.011,
				0.513,
				4.167,
				0.513,
				1,
				4.333,
				0.513,
				4.5,
				-0.509,
				4.667,
				-0.509,
				1,
				4.833,
				-0.509,
				5,
				0.491,
				5.167,
				0.491,
				1,
				5.333,
				0.491,
				5.5,
				-0.465,
				5.667,
				-0.465,
				1,
				5.833,
				-0.465,
				6,
				0.462,
				6.167,
				0.462,
				1,
				6.333,
				0.462,
				6.5,
				-0.49,
				6.667,
				-0.49,
				1,
				6.833,
				-0.49,
				7,
				0.479,
				7.167,
				0.479,
				1,
				7.333,
				0.479,
				7.5,
				-0.499,
				7.667,
				-0.499,
				1,
				7.833,
				-0.499,
				8,
				0.508,
				8.167,
				0.508,
				1,
				8.333,
				0.508,
				8.5,
				-0.505,
				8.667,
				-0.505,
				1,
				8.833,
				-0.505,
				9,
				0.5,
				9.167,
				0.5,
				1,
				9.322,
				0.5,
				9.478,
				-0.432,
				9.633,
				-0.432,
				1,
				9.711,
				-0.432,
				9.789,
				0.158,
				9.867,
				0.158,
				1,
				9.922,
				0.158,
				9.978,
				0.037,
				10.033,
				0.037,
				1,
				10.067,
				0.037,
				10.1,
				0.103,
				10.133,
				0.103,
				1,
				10.2,
				0.103,
				10.267,
				-0.198,
				10.333,
				-0.198,
				1,
				10.4,
				-0.198,
				10.467,
				0,
				10.533,
				0
			]
		},
		{
			"Target": "Parameter",
			"Id": "Param_Angle_Rotation_4_ArtMesh6",
			"Segments": [
				0,
				0,
				1,
				0.033,
				0,
				0.067,
				0,
				0.1,
				0,
				1,
				0.189,
				0,
				0.278,
				0.824,
				0.367,
				0.824,
				1,
				0.467,
				0.824,
				0.567,
				-1.158,
				0.667,
				-1.158,
				1,
				0.856,
				-1.158,
				1.044,
				0.814,
				1.233,
				0.814,
				1,
				1.4,
				0.814,
				1.567,
				-0.917,
				1.733,
				-0.917,
				1,
				1.9,
				-0.917,
				2.067,
				1.015,
				2.233,
				1.015,
				1,
				2.389,
				1.015,
				2.544,
				-0.974,
				2.7,
				-0.974,
				1,
				2.878,
				-0.974,
				3.056,
				1.012,
				3.233,
				1.012,
				1,
				3.4,
				1.012,
				3.567,
				-1.167,
				3.733,
				-1.167,
				1,
				3.889,
				-1.167,
				4.044,
				1.071,
				4.2,
				1.071,
				1,
				4.367,
				1.071,
				4.533,
				-1.067,
				4.7,
				-1.067,
				1,
				4.878,
				-1.067,
				5.056,
				1.02,
				5.233,
				1.02,
				1,
				5.389,
				1.02,
				5.544,
				-0.973,
				5.7,
				-0.973,
				1,
				5.878,
				-0.973,
				6.056,
				0.958,
				6.233,
				0.958,
				1,
				6.4,
				0.958,
				6.567,
				-1.038,
				6.733,
				-1.038,
				1,
				6.889,
				-1.038,
				7.044,
				0.999,
				7.2,
				0.999,
				1,
				7.378,
				0.999,
				7.556,
				-1.034,
				7.733,
				-1.034,
				1,
				7.889,
				-1.034,
				8.044,
				1.077,
				8.2,
				1.077,
				1,
				8.367,
				1.077,
				8.533,
				-1.093,
				8.7,
				-1.093,
				1,
				8.878,
				-1.093,
				9.056,
				1.034,
				9.233,
				1.034,
				1,
				9.378,
				1.034,
				9.522,
				-0.946,
				9.667,
				-0.946,
				1,
				9.756,
				-0.946,
				9.844,
				0.478,
				9.933,
				0.478,
				1,
				10,
				0.478,
				10.067,
				0.076,
				10.133,
				0.076,
				1,
				10.156,
				0.076,
				10.178,
				0.092,
				10.2,
				0.092,
				1,
				10.267,
				0.092,
				10.333,
				-0.331,
				10.4,
				-0.331,
				1,
				10.444,
				-0.331,
				10.489,
				-0.233,
				10.533,
				0
			]
		},
		{
			"Target": "Parameter",
			"Id": "Param_Angle_Rotation_5_ArtMesh6",
			"Segments": [
				0,
				0,
				1,
				0.033,
				0,
				0.067,
				0,
				0.1,
				0,
				1,
				0.211,
				0,
				0.322,
				1.277,
				0.433,
				1.277,
				1,
				0.533,
				1.277,
				0.633,
				-2.073,
				0.733,
				-2.073,
				1,
				0.922,
				-2.073,
				1.111,
				1.204,
				1.3,
				1.204,
				1,
				1.456,
				1.204,
				1.611,
				-1.444,
				1.767,
				-1.444,
				1,
				1.933,
				-1.444,
				2.1,
				1.611,
				2.267,
				1.611,
				1,
				2.422,
				1.611,
				2.578,
				-1.571,
				2.733,
				-1.571,
				1,
				2.911,
				-1.571,
				3.089,
				1.578,
				3.267,
				1.578,
				1,
				3.444,
				1.578,
				3.622,
				-1.821,
				3.8,
				-1.821,
				1,
				3.933,
				-1.821,
				4.067,
				1.89,
				4.2,
				1.89,
				1,
				4.389,
				1.89,
				4.578,
				-1.678,
				4.767,
				-1.678,
				1,
				4.944,
				-1.678,
				5.122,
				1.535,
				5.3,
				1.535,
				1,
				5.444,
				1.535,
				5.589,
				-1.574,
				5.733,
				-1.574,
				1,
				5.911,
				-1.574,
				6.089,
				1.504,
				6.267,
				1.504,
				1,
				6.433,
				1.504,
				6.6,
				-1.62,
				6.767,
				-1.62,
				1,
				6.922,
				-1.62,
				7.078,
				1.601,
				7.233,
				1.601,
				1,
				7.411,
				1.601,
				7.589,
				-1.617,
				7.767,
				-1.617,
				1,
				7.922,
				-1.617,
				8.078,
				1.794,
				8.233,
				1.794,
				1,
				8.411,
				1.794,
				8.589,
				-1.63,
				8.767,
				-1.63,
				1,
				8.933,
				-1.63,
				9.1,
				1.57,
				9.267,
				1.57,
				1,
				9.411,
				1.57,
				9.556,
				-1.594,
				9.7,
				-1.594,
				1,
				9.8,
				-1.594,
				9.9,
				0.982,
				10,
				0.982,
				1,
				10.178,
				0.982,
				10.356,
				0,
				10.533,
				0
			]
		},
		{
			"Target": "Parameter",
			"Id": "Param_Angle_Rotation_6_ArtMesh6",
			"Segments": [
				0,
				0,
				1,
				0.033,
				0,
				0.067,
				0,
				0.1,
				0,
				1,
				0.211,
				0,
				0.322,
				1.703,
				0.433,
				1.703,
				1,
				0.533,
				1.703,
				0.633,
				-2.764,
				0.733,
				-2.764,
				1,
				0.922,
				-2.764,
				1.111,
				1.605,
				1.3,
				1.605,
				1,
				1.456,
				1.605,
				1.611,
				-1.926,
				1.767,
				-1.926,
				1,
				1.933,
				-1.926,
				2.1,
				2.148,
				2.267,
				2.148,
				1,
				2.422,
				2.148,
				2.578,
				-2.094,
				2.733,
				-2.094,
				1,
				2.911,
				-2.094,
				3.089,
				2.104,
				3.267,
				2.104,
				1,
				3.444,
				2.104,
				3.622,
				-2.428,
				3.8,
				-2.428,
				1,
				3.933,
				-2.428,
				4.067,
				2.52,
				4.2,
				2.52,
				1,
				4.389,
				2.52,
				4.578,
				-2.237,
				4.767,
				-2.237,
				1,
				4.944,
				-2.237,
				5.122,
				2.047,
				5.3,
				2.047,
				1,
				5.444,
				2.047,
				5.589,
				-2.098,
				5.733,
				-2.098,
				1,
				5.911,
				-2.098,
				6.089,
				2.005,
				6.267,
				2.005,
				1,
				6.433,
				2.005,
				6.6,
				-2.16,
				6.767,
				-2.16,
				1,
				6.922,
				-2.16,
				7.078,
				2.134,
				7.233,
				2.134,
				1,
				7.411,
				2.134,
				7.589,
				-2.155,
				7.767,
				-2.155,
				1,
				7.922,
				-2.155,
				8.078,
				2.393,
				8.233,
				2.393,
				1,
				8.411,
				2.393,
				8.589,
				-2.173,
				8.767,
				-2.173,
				1,
				8.933,
				-2.173,
				9.1,
				2.094,
				9.267,
				2.094,
				1,
				9.411,
				2.094,
				9.556,
				-2.125,
				9.7,
				-2.125,
				1,
				9.8,
				-2.125,
				9.9,
				1.31,
				10,
				1.31,
				1,
				10.178,
				1.31,
				10.356,
				0,
				10.533,
				0
			]
		},
		{
			"Target": "Parameter",
			"Id": "Param_Angle_Rotation_7_ArtMesh6",
			"Segments": [
				0,
				0,
				1,
				0.033,
				0,
				0.067,
				0,
				0.1,
				0,
				1,
				0.211,
				0,
				0.322,
				1.703,
				0.433,
				1.703,
				1,
				0.533,
				1.703,
				0.633,
				-2.764,
				0.733,
				-2.764,
				1,
				0.922,
				-2.764,
				1.111,
				1.605,
				1.3,
				1.605,
				1,
				1.456,
				1.605,
				1.611,
				-1.926,
				1.767,
				-1.926,
				1,
				1.933,
				-1.926,
				2.1,
				2.148,
				2.267,
				2.148,
				1,
				2.422,
				2.148,
				2.578,
				-2.094,
				2.733,
				-2.094,
				1,
				2.911,
				-2.094,
				3.089,
				2.104,
				3.267,
				2.104,
				1,
				3.444,
				2.104,
				3.622,
				-2.428,
				3.8,
				-2.428,
				1,
				3.933,
				-2.428,
				4.067,
				2.52,
				4.2,
				2.52,
				1,
				4.389,
				2.52,
				4.578,
				-2.237,
				4.767,
				-2.237,
				1,
				4.944,
				-2.237,
				5.122,
				2.047,
				5.3,
				2.047,
				1,
				5.444,
				2.047,
				5.589,
				-2.098,
				5.733,
				-2.098,
				1,
				5.911,
				-2.098,
				6.089,
				2.005,
				6.267,
				2.005,
				1,
				6.433,
				2.005,
				6.6,
				-2.16,
				6.767,
				-2.16,
				1,
				6.922,
				-2.16,
				7.078,
				2.134,
				7.233,
				2.134,
				1,
				7.411,
				2.134,
				7.589,
				-2.155,
				7.767,
				-2.155,
				1,
				7.922,
				-2.155,
				8.078,
				2.393,
				8.233,
				2.393,
				1,
				8.411,
				2.393,
				8.589,
				-2.173,
				8.767,
				-2.173,
				1,
				8.933,
				-2.173,
				9.1,
				2.094,
				9.267,
				2.094,
				1,
				9.411,
				2.094,
				9.556,
				-2.125,
				9.7,
				-2.125,
				1,
				9.8,
				-2.125,
				9.9,
				1.31,
				10,
				1.31,
				1,
				10.178,
				1.31,
				10.356,
				0,
				10.533,
				0
			]
		},
		{
			"Target": "Parameter",
			"Id": "Param_Angle_Rotation_1_ArtMesh7",
			"Segments": [
				0,
				0,
				1,
				3.511,
				0,
				7.022,
				0,
				10.533,
				0
			]
		},
		{
			"Target": "Parameter",
			"Id": "Param_Angle_Rotation_2_ArtMesh7",
			"Segments": [
				0,
				0,
				1,
				0.022,
				0,
				0.044,
				0,
				0.067,
				0,
				1,
				0.122,
				0,
				0.178,
				-0.342,
				0.233,
				-0.342,
				1,
				0.356,
				-0.342,
				0.478,
				0.366,
				0.6,
				0.366,
				1,
				0.778,
				0.366,
				0.956,
				-0.351,
				1.133,
				-0.351,
				1,
				1.311,
				-0.351,
				1.489,
				0.385,
				1.667,
				0.385,
				1,
				1.822,
				0.385,
				1.978,
				-0.413,
				2.133,
				-0.413,
				1,
				2.3,
				-0.413,
				2.467,
				0.405,
				2.633,
				0.405,
				1,
				2.8,
				0.405,
				2.967,
				-0.411,
				3.133,
				-0.411,
				1,
				3.311,
				-0.411,
				3.489,
				0.474,
				3.667,
				0.474,
				1,
				3.822,
				0.474,
				3.978,
				-0.444,
				4.133,
				-0.444,
				1,
				4.3,
				-0.444,
				4.467,
				0.437,
				4.633,
				0.437,
				1,
				4.8,
				0.437,
				4.967,
				-0.421,
				5.133,
				-0.421,
				1,
				5.3,
				-0.421,
				5.467,
				0.411,
				5.633,
				0.411,
				1,
				5.8,
				0.411,
				5.967,
				-0.405,
				6.133,
				-0.405,
				1,
				6.3,
				-0.405,
				6.467,
				0.426,
				6.633,
				0.426,
				1,
				6.8,
				0.426,
				6.967,
				-0.421,
				7.133,
				-0.421,
				1,
				7.3,
				-0.421,
				7.467,
				0.443,
				7.633,
				0.443,
				1,
				7.8,
				0.443,
				7.967,
				-0.445,
				8.133,
				-0.445,
				1,
				8.3,
				-0.445,
				8.467,
				0.441,
				8.633,
				0.441,
				1,
				8.8,
				0.441,
				8.967,
				-0.444,
				9.133,
				-0.444,
				1,
				9.289,
				-0.444,
				9.444,
				0.37,
				9.6,
				0.37,
				1,
				9.678,
				0.37,
				9.756,
				-0.046,
				9.833,
				-0.046,
				1,
				9.867,
				-0.046,
				9.9,
				-0.008,
				9.933,
				-0.008,
				1,
				9.978,
				-0.008,
				10.022,
				-0.13,
				10.067,
				-0.13,
				1,
				10.133,
				-0.13,
				10.2,
				0.105,
				10.267,
				0.105,
				1,
				10.322,
				0.105,
				10.378,
				-0.071,
				10.433,
				-0.071,
				1,
				10.467,
				-0.071,
				10.5,
				0,
				10.533,
				0
			]
		},
		{
			"Target": "Parameter",
			"Id": "Param_Angle_Rotation_3_ArtMesh7",
			"Segments": [
				0,
				0,
				1,
				0.033,
				0,
				0.067,
				0,
				0.1,
				0,
				1,
				0.178,
				0,
				0.256,
				-0.707,
				0.333,
				-0.707,
				1,
				0.433,
				-0.707,
				0.533,
				0.865,
				0.633,
				0.865,
				1,
				0.822,
				0.865,
				1.011,
				-0.748,
				1.2,
				-0.748,
				1,
				1.367,
				-0.748,
				1.533,
				0.824,
				1.7,
				0.824,
				1,
				1.867,
				0.824,
				2.033,
				-0.9,
				2.2,
				-0.9,
				1,
				2.367,
				-0.9,
				2.533,
				0.862,
				2.7,
				0.862,
				1,
				2.867,
				0.862,
				3.033,
				-0.897,
				3.2,
				-0.897,
				1,
				3.367,
				-0.897,
				3.533,
				1.018,
				3.7,
				1.018,
				1,
				3.856,
				1.018,
				4.011,
				-0.959,
				4.167,
				-0.959,
				1,
				4.333,
				-0.959,
				4.5,
				0.936,
				4.667,
				0.936,
				1,
				4.844,
				0.936,
				5.022,
				-0.925,
				5.2,
				-0.925,
				1,
				5.367,
				-0.925,
				5.533,
				0.869,
				5.7,
				0.869,
				1,
				5.867,
				0.869,
				6.033,
				-0.863,
				6.2,
				-0.863,
				1,
				6.367,
				-0.863,
				6.533,
				0.922,
				6.7,
				0.922,
				1,
				6.867,
				0.922,
				7.033,
				-0.895,
				7.2,
				-0.895,
				1,
				7.367,
				-0.895,
				7.533,
				0.939,
				7.7,
				0.939,
				1,
				7.856,
				0.939,
				8.011,
				-0.949,
				8.167,
				-0.949,
				1,
				8.333,
				-0.949,
				8.5,
				0.936,
				8.667,
				0.936,
				1,
				8.844,
				0.936,
				9.022,
				-0.943,
				9.2,
				-0.943,
				1,
				9.344,
				-0.943,
				9.489,
				0.8,
				9.633,
				0.8,
				1,
				9.722,
				0.8,
				9.811,
				-0.235,
				9.9,
				-0.235,
				1,
				9.944,
				-0.235,
				9.989,
				-0.093,
				10.033,
				-0.093,
				1,
				10.067,
				-0.093,
				10.1,
				-0.185,
				10.133,
				-0.185,
				1,
				10.2,
				-0.185,
				10.267,
				0.321,
				10.333,
				0.321,
				1,
				10.4,
				0.321,
				10.467,
				0,
				10.533,
				0
			]
		},
		{
			"Target": "Parameter",
			"Id": "Param_Angle_Rotation_4_ArtMesh7",
			"Segments": [
				0,
				0,
				1,
				0.033,
				0,
				0.067,
				0,
				0.1,
				0,
				1,
				0.189,
				0,
				0.278,
				-1.104,
				0.367,
				-1.104,
				1,
				0.478,
				-1.104,
				0.589,
				1.575,
				0.7,
				1.575,
				1,
				0.889,
				1.575,
				1.078,
				-1.157,
				1.267,
				-1.157,
				1,
				1.433,
				-1.157,
				1.6,
				1.3,
				1.767,
				1.3,
				1,
				1.922,
				1.3,
				2.078,
				-1.428,
				2.233,
				-1.428,
				1,
				2.4,
				-1.428,
				2.567,
				1.385,
				2.733,
				1.385,
				1,
				2.911,
				1.385,
				3.089,
				-1.426,
				3.267,
				-1.426,
				1,
				3.433,
				-1.426,
				3.6,
				1.65,
				3.767,
				1.65,
				1,
				3.922,
				1.65,
				4.078,
				-1.511,
				4.233,
				-1.511,
				1,
				4.4,
				-1.511,
				4.567,
				1.511,
				4.733,
				1.511,
				1,
				4.911,
				1.511,
				5.089,
				-1.435,
				5.267,
				-1.435,
				1,
				5.422,
				-1.435,
				5.578,
				1.388,
				5.733,
				1.388,
				1,
				5.9,
				1.388,
				6.067,
				-1.37,
				6.233,
				-1.37,
				1,
				6.411,
				-1.37,
				6.589,
				1.455,
				6.767,
				1.455,
				1,
				6.922,
				1.455,
				7.078,
				-1.427,
				7.233,
				-1.427,
				1,
				7.4,
				-1.427,
				7.567,
				1.479,
				7.733,
				1.479,
				1,
				7.9,
				1.479,
				8.067,
				-1.517,
				8.233,
				-1.517,
				1,
				8.4,
				-1.517,
				8.567,
				1.536,
				8.733,
				1.536,
				1,
				8.9,
				1.536,
				9.067,
				-1.46,
				9.233,
				-1.46,
				1,
				9.378,
				-1.46,
				9.522,
				1.312,
				9.667,
				1.312,
				1,
				9.767,
				1.312,
				9.867,
				-0.581,
				9.967,
				-0.581,
				1,
				10.111,
				-0.581,
				10.256,
				0.414,
				10.4,
				0.414,
				1,
				10.444,
				0.414,
				10.489,
				0.291,
				10.533,
				0
			]
		},
		{
			"Target": "Parameter",
			"Id": "Param_Angle_Rotation_5_ArtMesh7",
			"Segments": [
				0,
				0,
				1,
				0.033,
				0,
				0.067,
				0,
				0.1,
				0,
				1,
				0.211,
				0,
				0.322,
				-1.165,
				0.433,
				-1.165,
				1,
				0.533,
				-1.165,
				0.633,
				1.878,
				0.733,
				1.878,
				1,
				0.922,
				1.878,
				1.111,
				-1.169,
				1.3,
				-1.169,
				1,
				1.467,
				-1.169,
				1.633,
				1.377,
				1.8,
				1.377,
				1,
				1.967,
				1.377,
				2.133,
				-1.523,
				2.3,
				-1.523,
				1,
				2.456,
				-1.523,
				2.611,
				1.491,
				2.767,
				1.491,
				1,
				2.944,
				1.491,
				3.122,
				-1.505,
				3.3,
				-1.505,
				1,
				3.467,
				-1.505,
				3.633,
				1.728,
				3.8,
				1.728,
				1,
				3.944,
				1.728,
				4.089,
				-1.766,
				4.233,
				-1.766,
				1,
				4.411,
				-1.766,
				4.589,
				1.591,
				4.767,
				1.591,
				1,
				4.944,
				1.591,
				5.122,
				-1.478,
				5.3,
				-1.478,
				1,
				5.456,
				-1.478,
				5.611,
				1.494,
				5.767,
				1.494,
				1,
				5.933,
				1.494,
				6.1,
				-1.443,
				6.267,
				-1.443,
				1,
				6.444,
				-1.443,
				6.622,
				1.541,
				6.8,
				1.541,
				1,
				6.956,
				1.541,
				7.111,
				-1.526,
				7.267,
				-1.526,
				1,
				7.433,
				-1.526,
				7.6,
				1.553,
				7.767,
				1.553,
				1,
				7.933,
				1.553,
				8.1,
				-1.686,
				8.267,
				-1.686,
				1,
				8.433,
				-1.686,
				8.6,
				1.55,
				8.767,
				1.55,
				1,
				8.944,
				1.55,
				9.122,
				-1.505,
				9.3,
				-1.505,
				1,
				9.433,
				-1.505,
				9.567,
				1.47,
				9.7,
				1.47,
				1,
				9.811,
				1.47,
				9.922,
				-0.824,
				10.033,
				-0.824,
				1,
				10.2,
				-0.824,
				10.367,
				0,
				10.533,
				0
			]
		},
		{
			"Target": "Parameter",
			"Id": "Param_Angle_Rotation_6_ArtMesh7",
			"Segments": [
				0,
				0,
				1,
				0.033,
				0,
				0.067,
				0,
				0.1,
				0,
				1,
				0.211,
				0,
				0.322,
				-1.165,
				0.433,
				-1.165,
				1,
				0.533,
				-1.165,
				0.633,
				1.878,
				0.733,
				1.878,
				1,
				0.922,
				1.878,
				1.111,
				-1.169,
				1.3,
				-1.169,
				1,
				1.467,
				-1.169,
				1.633,
				1.377,
				1.8,
				1.377,
				1,
				1.967,
				1.377,
				2.133,
				-1.523,
				2.3,
				-1.523,
				1,
				2.456,
				-1.523,
				2.611,
				1.491,
				2.767,
				1.491,
				1,
				2.944,
				1.491,
				3.122,
				-1.505,
				3.3,
				-1.505,
				1,
				3.467,
				-1.505,
				3.633,
				1.728,
				3.8,
				1.728,
				1,
				3.944,
				1.728,
				4.089,
				-1.766,
				4.233,
				-1.766,
				1,
				4.411,
				-1.766,
				4.589,
				1.591,
				4.767,
				1.591,
				1,
				4.944,
				1.591,
				5.122,
				-1.478,
				5.3,
				-1.478,
				1,
				5.456,
				-1.478,
				5.611,
				1.494,
				5.767,
				1.494,
				1,
				5.933,
				1.494,
				6.1,
				-1.443,
				6.267,
				-1.443,
				1,
				6.444,
				-1.443,
				6.622,
				1.541,
				6.8,
				1.541,
				1,
				6.956,
				1.541,
				7.111,
				-1.526,
				7.267,
				-1.526,
				1,
				7.433,
				-1.526,
				7.6,
				1.553,
				7.767,
				1.553,
				1,
				7.933,
				1.553,
				8.1,
				-1.686,
				8.267,
				-1.686,
				1,
				8.433,
				-1.686,
				8.6,
				1.55,
				8.767,
				1.55,
				1,
				8.944,
				1.55,
				9.122,
				-1.505,
				9.3,
				-1.505,
				1,
				9.433,
				-1.505,
				9.567,
				1.47,
				9.7,
				1.47,
				1,
				9.811,
				1.47,
				9.922,
				-0.824,
				10.033,
				-0.824,
				1,
				10.2,
				-0.824,
				10.367,
				0,
				10.533,
				0
			]
		},
		{
			"Target": "Parameter",
			"Id": "Param_Angle_Rotation_7_ArtMesh7",
			"Segments": [
				0,
				0,
				1,
				0.033,
				0,
				0.067,
				0,
				0.1,
				0,
				1,
				0.211,
				0,
				0.322,
				-1.165,
				0.433,
				-1.165,
				1,
				0.533,
				-1.165,
				0.633,
				1.878,
				0.733,
				1.878,
				1,
				0.922,
				1.878,
				1.111,
				-1.169,
				1.3,
				-1.169,
				1,
				1.467,
				-1.169,
				1.633,
				1.377,
				1.8,
				1.377,
				1,
				1.967,
				1.377,
				2.133,
				-1.523,
				2.3,
				-1.523,
				1,
				2.456,
				-1.523,
				2.611,
				1.491,
				2.767,
				1.491,
				1,
				2.944,
				1.491,
				3.122,
				-1.505,
				3.3,
				-1.505,
				1,
				3.467,
				-1.505,
				3.633,
				1.728,
				3.8,
				1.728,
				1,
				3.944,
				1.728,
				4.089,
				-1.766,
				4.233,
				-1.766,
				1,
				4.411,
				-1.766,
				4.589,
				1.591,
				4.767,
				1.591,
				1,
				4.944,
				1.591,
				5.122,
				-1.478,
				5.3,
				-1.478,
				1,
				5.456,
				-1.478,
				5.611,
				1.494,
				5.767,
				1.494,
				1,
				5.933,
				1.494,
				6.1,
				-1.443,
				6.267,
				-1.443,
				1,
				6.444,
				-1.443,
				6.622,
				1.541,
				6.8,
				1.541,
				1,
				6.956,
				1.541,
				7.111,
				-1.526,
				7.267,
				-1.526,
				1,
				7.433,
				-1.526,
				7.6,
				1.553,
				7.767,
				1.553,
				1,
				7.933,
				1.553,
				8.1,
				-1.686,
				8.267,
				-1.686,
				1,
				8.433,
				-1.686,
				8.6,
				1.55,
				8.767,
				1.55,
				1,
				8.944,
				1.55,
				9.122,
				-1.505,
				9.3,
				-1.505,
				1,
				9.433,
				-1.505,
				9.567,
				1.47,
				9.7,
				1.47,
				1,
				9.811,
				1.47,
				9.922,
				-0.824,
				10.033,
				-0.824,
				1,
				10.2,
				-0.824,
				10.367,
				0,
				10.533,
				0
			]
		},
		{
			"Target": "Parameter",
			"Id": "Param6",
			"Segments": [
				0,
				0,
				1,
				0.144,
				0,
				0.289,
				0,
				0.433,
				0,
				1,
				0.511,
				0,
				0.589,
				14.433,
				0.667,
				14.433,
				1,
				0.778,
				14.433,
				0.889,
				-16.39,
				1,
				-16.39,
				1,
				1.111,
				-16.39,
				1.222,
				6.813,
				1.333,
				6.813,
				1,
				1.422,
				6.813,
				1.511,
				-1.33,
				1.6,
				-1.33,
				1,
				1.7,
				-1.33,
				1.8,
				0.273,
				1.9,
				0.273,
				1,
				2,
				0.273,
				2.1,
				-0.054,
				2.2,
				-0.054,
				1,
				2.289,
				-0.054,
				2.378,
				0.011,
				2.467,
				0.011,
				1,
				2.567,
				0.011,
				2.667,
				-0.002,
				2.767,
				-0.002,
				1,
				2.856,
				-0.002,
				2.944,
				0,
				3.033,
				0,
				1,
				3.133,
				0,
				3.233,
				0,
				3.333,
				0,
				1,
				3.422,
				0,
				3.511,
				0,
				3.6,
				0,
				1,
				3.611,
				0,
				3.622,
				0,
				3.633,
				0,
				1,
				3.689,
				0,
				3.744,
				0,
				3.8,
				0,
				1,
				3.878,
				0,
				3.956,
				14.433,
				4.033,
				14.433,
				1,
				4.144,
				14.433,
				4.256,
				-16.39,
				4.367,
				-16.39,
				1,
				4.478,
				-16.39,
				4.589,
				6.813,
				4.7,
				6.813,
				1,
				4.789,
				6.813,
				4.878,
				-1.33,
				4.967,
				-1.33,
				1,
				5.067,
				-1.33,
				5.167,
				0.273,
				5.267,
				0.273,
				1,
				5.367,
				0.273,
				5.467,
				-0.054,
				5.567,
				-0.054,
				1,
				5.656,
				-0.054,
				5.744,
				0.011,
				5.833,
				0.011,
				1,
				5.933,
				0.011,
				6.033,
				-0.002,
				6.133,
				-0.002,
				1,
				6.222,
				-0.002,
				6.311,
				0,
				6.4,
				0,
				1,
				6.444,
				0,
				6.489,
				0,
				6.533,
				0,
				1,
				6.611,
				0,
				6.689,
				14.433,
				6.767,
				14.433,
				1,
				6.878,
				14.433,
				6.989,
				-16.39,
				7.1,
				-16.39,
				1,
				7.211,
				-16.39,
				7.322,
				6.813,
				7.433,
				6.813,
				1,
				7.522,
				6.813,
				7.611,
				-1.33,
				7.7,
				-1.33,
				1,
				7.8,
				-1.33,
				7.9,
				0.273,
				8,
				0.273,
				1,
				8.1,
				0.273,
				8.2,
				-0.054,
				8.3,
				-0.054,
				1,
				8.389,
				-0.054,
				8.478,
				0.011,
				8.567,
				0.011,
				1,
				8.667,
				0.011,
				8.767,
				-0.002,
				8.867,
				-0.002,
				1,
				8.956,
				-0.002,
				9.044,
				0,
				9.133,
				0,
				1,
				9.233,
				0,
				9.333,
				0,
				9.433,
				0,
				1,
				9.522,
				0,
				9.611,
				0,
				9.7,
				0,
				1,
				9.711,
				0,
				9.722,
				0,
				9.733,
				0,
				1,
				9.811,
				0,
				9.889,
				0,
				9.967,
				0,
				1,
				10.156,
				0,
				10.344,
				0,
				10.533,
				0
			]
		},
		{
			"Target": "Parameter",
			"Id": "Param7",
			"Segments": [
				0,
				0,
				1,
				0.144,
				0,
				0.289,
				0,
				0.433,
				0,
				1,
				0.478,
				0,
				0.522,
				-5.67,
				0.567,
				-5.67,
				1,
				0.667,
				-5.67,
				0.767,
				10.548,
				0.867,
				10.548,
				1,
				0.989,
				10.548,
				1.111,
				-9.529,
				1.233,
				-9.529,
				1,
				1.311,
				-9.529,
				1.389,
				6.778,
				1.467,
				6.778,
				1,
				1.556,
				6.778,
				1.644,
				-2.479,
				1.733,
				-2.479,
				1,
				1.833,
				-2.479,
				1.933,
				0.737,
				2.033,
				0.737,
				1,
				2.122,
				0.737,
				2.211,
				-0.2,
				2.3,
				-0.2,
				1,
				2.4,
				-0.2,
				2.5,
				0.05,
				2.6,
				0.05,
				1,
				2.689,
				0.05,
				2.778,
				-0.012,
				2.867,
				-0.012,
				1,
				2.967,
				-0.012,
				3.067,
				0.003,
				3.167,
				0.003,
				1,
				3.256,
				0.003,
				3.344,
				-0.001,
				3.433,
				-0.001,
				1,
				3.533,
				-0.001,
				3.633,
				0,
				3.733,
				0,
				1,
				3.8,
				0,
				3.867,
				-5.67,
				3.933,
				-5.67,
				1,
				4.033,
				-5.67,
				4.133,
				10.548,
				4.233,
				10.548,
				1,
				4.356,
				10.548,
				4.478,
				-9.529,
				4.6,
				-9.529,
				1,
				4.678,
				-9.529,
				4.756,
				6.778,
				4.833,
				6.778,
				1,
				4.922,
				6.778,
				5.011,
				-2.479,
				5.1,
				-2.479,
				1,
				5.2,
				-2.479,
				5.3,
				0.737,
				5.4,
				0.737,
				1,
				5.489,
				0.737,
				5.578,
				-0.2,
				5.667,
				-0.2,
				1,
				5.767,
				-0.2,
				5.867,
				0.05,
				5.967,
				0.05,
				1,
				6.056,
				0.05,
				6.144,
				-0.012,
				6.233,
				-0.012,
				1,
				6.333,
				-0.012,
				6.433,
				0.003,
				6.533,
				0.003,
				1,
				6.578,
				0.003,
				6.622,
				-5.67,
				6.667,
				-5.67,
				1,
				6.767,
				-5.67,
				6.867,
				10.547,
				6.967,
				10.547,
				1,
				7.089,
				10.547,
				7.211,
				-9.529,
				7.333,
				-9.529,
				1,
				7.411,
				-9.529,
				7.489,
				6.778,
				7.567,
				6.778,
				1,
				7.656,
				6.778,
				7.744,
				-2.479,
				7.833,
				-2.479,
				1,
				7.933,
				-2.479,
				8.033,
				0.737,
				8.133,
				0.737,
				1,
				8.222,
				0.737,
				8.311,
				-0.2,
				8.4,
				-0.2,
				1,
				8.5,
				-0.2,
				8.6,
				0.05,
				8.7,
				0.05,
				1,
				8.789,
				0.05,
				8.878,
				-0.012,
				8.967,
				-0.012,
				1,
				9.067,
				-0.012,
				9.167,
				0.003,
				9.267,
				0.003,
				1,
				9.356,
				0.003,
				9.444,
				-0.001,
				9.533,
				-0.001,
				1,
				9.633,
				-0.001,
				9.733,
				0,
				9.833,
				0,
				1,
				9.922,
				0,
				10.011,
				0,
				10.1,
				0,
				1,
				10.189,
				0,
				10.278,
				0,
				10.367,
				0,
				1,
				10.378,
				0,
				10.389,
				0,
				10.4,
				0,
				1,
				10.444,
				0,
				10.489,
				0,
				10.533,
				0
			]
		},
		{
			"Target": "Parameter",
			"Id": "Param8",
			"Segments": [
				0,
				0,
				1,
				0.144,
				0,
				0.289,
				0,
				0.433,
				0,
				1,
				0.511,
				0,
				0.589,
				14.433,
				0.667,
				14.433,
				1,
				0.778,
				14.433,
				0.889,
				-16.39,
				1,
				-16.39,
				1,
				1.111,
				-16.39,
				1.222,
				6.813,
				1.333,
				6.813,
				1,
				1.422,
				6.813,
				1.511,
				-1.33,
				1.6,
				-1.33,
				1,
				1.7,
				-1.33,
				1.8,
				0.273,
				1.9,
				0.273,
				1,
				2,
				0.273,
				2.1,
				-0.054,
				2.2,
				-0.054,
				1,
				2.289,
				-0.054,
				2.378,
				0.011,
				2.467,
				0.011,
				1,
				2.567,
				0.011,
				2.667,
				-0.002,
				2.767,
				-0.002,
				1,
				2.856,
				-0.002,
				2.944,
				0,
				3.033,
				0,
				1,
				3.133,
				0,
				3.233,
				0,
				3.333,
				0,
				1,
				3.422,
				0,
				3.511,
				0,
				3.6,
				0,
				1,
				3.611,
				0,
				3.622,
				0,
				3.633,
				0,
				1,
				3.689,
				0,
				3.744,
				0,
				3.8,
				0,
				1,
				3.878,
				0,
				3.956,
				14.433,
				4.033,
				14.433,
				1,
				4.144,
				14.433,
				4.256,
				-16.39,
				4.367,
				-16.39,
				1,
				4.478,
				-16.39,
				4.589,
				6.813,
				4.7,
				6.813,
				1,
				4.789,
				6.813,
				4.878,
				-1.33,
				4.967,
				-1.33,
				1,
				5.067,
				-1.33,
				5.167,
				0.273,
				5.267,
				0.273,
				1,
				5.367,
				0.273,
				5.467,
				-0.054,
				5.567,
				-0.054,
				1,
				5.656,
				-0.054,
				5.744,
				0.011,
				5.833,
				0.011,
				1,
				5.933,
				0.011,
				6.033,
				-0.002,
				6.133,
				-0.002,
				1,
				6.222,
				-0.002,
				6.311,
				0,
				6.4,
				0,
				1,
				6.444,
				0,
				6.489,
				0,
				6.533,
				0,
				1,
				6.611,
				0,
				6.689,
				14.433,
				6.767,
				14.433,
				1,
				6.878,
				14.433,
				6.989,
				-16.39,
				7.1,
				-16.39,
				1,
				7.211,
				-16.39,
				7.322,
				6.813,
				7.433,
				6.813,
				1,
				7.522,
				6.813,
				7.611,
				-1.33,
				7.7,
				-1.33,
				1,
				7.8,
				-1.33,
				7.9,
				0.273,
				8,
				0.273,
				1,
				8.1,
				0.273,
				8.2,
				-0.054,
				8.3,
				-0.054,
				1,
				8.389,
				-0.054,
				8.478,
				0.011,
				8.567,
				0.011,
				1,
				8.667,
				0.011,
				8.767,
				-0.002,
				8.867,
				-0.002,
				1,
				8.956,
				-0.002,
				9.044,
				0,
				9.133,
				0,
				1,
				9.233,
				0,
				9.333,
				0,
				9.433,
				0,
				1,
				9.522,
				0,
				9.611,
				0,
				9.7,
				0,
				1,
				9.711,
				0,
				9.722,
				0,
				9.733,
				0,
				1,
				9.811,
				0,
				9.889,
				0,
				9.967,
				0,
				1,
				10.156,
				0,
				10.344,
				0,
				10.533,
				0
			]
		},
		{
			"Target": "Parameter",
			"Id": "Param9",
			"Segments": [
				0,
				0,
				1,
				0.144,
				0,
				0.289,
				0,
				0.433,
				0,
				1,
				0.478,
				0,
				0.522,
				-5.67,
				0.567,
				-5.67,
				1,
				0.667,
				-5.67,
				0.767,
				10.548,
				0.867,
				10.548,
				1,
				0.989,
				10.548,
				1.111,
				-9.529,
				1.233,
				-9.529,
				1,
				1.311,
				-9.529,
				1.389,
				6.778,
				1.467,
				6.778,
				1,
				1.556,
				6.778,
				1.644,
				-2.479,
				1.733,
				-2.479,
				1,
				1.833,
				-2.479,
				1.933,
				0.737,
				2.033,
				0.737,
				1,
				2.122,
				0.737,
				2.211,
				-0.2,
				2.3,
				-0.2,
				1,
				2.4,
				-0.2,
				2.5,
				0.05,
				2.6,
				0.05,
				1,
				2.689,
				0.05,
				2.778,
				-0.012,
				2.867,
				-0.012,
				1,
				2.967,
				-0.012,
				3.067,
				0.003,
				3.167,
				0.003,
				1,
				3.256,
				0.003,
				3.344,
				-0.001,
				3.433,
				-0.001,
				1,
				3.533,
				-0.001,
				3.633,
				0,
				3.733,
				0,
				1,
				3.8,
				0,
				3.867,
				-5.67,
				3.933,
				-5.67,
				1,
				4.033,
				-5.67,
				4.133,
				10.548,
				4.233,
				10.548,
				1,
				4.356,
				10.548,
				4.478,
				-9.529,
				4.6,
				-9.529,
				1,
				4.678,
				-9.529,
				4.756,
				6.778,
				4.833,
				6.778,
				1,
				4.922,
				6.778,
				5.011,
				-2.479,
				5.1,
				-2.479,
				1,
				5.2,
				-2.479,
				5.3,
				0.737,
				5.4,
				0.737,
				1,
				5.489,
				0.737,
				5.578,
				-0.2,
				5.667,
				-0.2,
				1,
				5.767,
				-0.2,
				5.867,
				0.05,
				5.967,
				0.05,
				1,
				6.056,
				0.05,
				6.144,
				-0.012,
				6.233,
				-0.012,
				1,
				6.333,
				-0.012,
				6.433,
				0.003,
				6.533,
				0.003,
				1,
				6.578,
				0.003,
				6.622,
				-5.67,
				6.667,
				-5.67,
				1,
				6.767,
				-5.67,
				6.867,
				10.547,
				6.967,
				10.547,
				1,
				7.089,
				10.547,
				7.211,
				-9.529,
				7.333,
				-9.529,
				1,
				7.411,
				-9.529,
				7.489,
				6.778,
				7.567,
				6.778,
				1,
				7.656,
				6.778,
				7.744,
				-2.479,
				7.833,
				-2.479,
				1,
				7.933,
				-2.479,
				8.033,
				0.737,
				8.133,
				0.737,
				1,
				8.222,
				0.737,
				8.311,
				-0.2,
				8.4,
				-0.2,
				1,
				8.5,
				-0.2,
				8.6,
				0.05,
				8.7,
				0.05,
				1,
				8.789,
				0.05,
				8.878,
				-0.012,
				8.967,
				-0.012,
				1,
				9.067,
				-0.012,
				9.167,
				0.003,
				9.267,
				0.003,
				1,
				9.356,
				0.003,
				9.444,
				-0.001,
				9.533,
				-0.001,
				1,
				9.633,
				-0.001,
				9.733,
				0,
				9.833,
				0,
				1,
				9.922,
				0,
				10.011,
				0,
				10.1,
				0,
				1,
				10.189,
				0,
				10.278,
				0,
				10.367,
				0,
				1,
				10.378,
				0,
				10.389,
				0,
				10.4,
				0,
				1,
				10.444,
				0,
				10.489,
				0,
				10.533,
				0
			]
		},
		{
			"Target": "Parameter",
			"Id": "Param_Angle_Rotation_1_ArtMesh44",
			"Segments": [
				0,
				0,
				1,
				0.022,
				0,
				0.044,
				0,
				0.067,
				0,
				1,
				0.178,
				0,
				0.289,
				-4.137,
				0.4,
				-4.137,
				1,
				0.567,
				-4.137,
				0.733,
				3.823,
				0.9,
				3.823,
				1,
				1.067,
				3.823,
				1.233,
				-4.216,
				1.4,
				-4.216,
				1,
				1.567,
				-4.216,
				1.733,
				4.627,
				1.9,
				4.627,
				1,
				2.067,
				4.627,
				2.233,
				-4.4,
				2.4,
				-4.4,
				1,
				2.567,
				-4.4,
				2.733,
				5.064,
				2.9,
				5.064,
				1,
				3.078,
				5.064,
				3.256,
				-4.548,
				3.433,
				-4.548,
				1,
				3.589,
				-4.548,
				3.744,
				5.338,
				3.9,
				5.338,
				1,
				4.067,
				5.338,
				4.233,
				-5.053,
				4.4,
				-5.053,
				1,
				4.567,
				-5.053,
				4.733,
				4.703,
				4.9,
				4.703,
				1,
				5.067,
				4.703,
				5.233,
				-4.397,
				5.4,
				-4.397,
				1,
				5.567,
				-4.397,
				5.733,
				4.903,
				5.9,
				4.903,
				1,
				6.067,
				4.903,
				6.233,
				-4.544,
				6.4,
				-4.544,
				1,
				6.567,
				-4.544,
				6.733,
				4.735,
				6.9,
				4.735,
				1,
				7.067,
				4.735,
				7.233,
				-4.691,
				7.4,
				-4.691,
				1,
				7.567,
				-4.691,
				7.733,
				5.473,
				7.9,
				5.473,
				1,
				8.067,
				5.473,
				8.233,
				-4.901,
				8.4,
				-4.901,
				1,
				8.567,
				-4.901,
				8.733,
				5.015,
				8.9,
				5.015,
				1,
				9.067,
				5.015,
				9.233,
				-5.115,
				9.4,
				-5.115,
				1,
				9.556,
				-5.115,
				9.711,
				1.121,
				9.867,
				1.121,
				1,
				9.956,
				1.121,
				10.044,
				-0.577,
				10.133,
				-0.577,
				1,
				10.233,
				-0.577,
				10.333,
				0.126,
				10.433,
				0.126,
				1,
				10.467,
				0.126,
				10.5,
				0.081,
				10.533,
				0.045
			]
		},
		{
			"Target": "Parameter",
			"Id": "Param_Angle_Rotation_2_ArtMesh44",
			"Segments": [
				0,
				0,
				1,
				0.022,
				0,
				0.044,
				0,
				0.067,
				0,
				1,
				0.122,
				0,
				0.178,
				1.428,
				0.233,
				1.428,
				1,
				0.356,
				1.428,
				0.478,
				-1.968,
				0.6,
				-1.968,
				1,
				0.778,
				-1.968,
				0.956,
				1.84,
				1.133,
				1.84,
				1,
				1.3,
				1.84,
				1.467,
				-1.979,
				1.633,
				-1.979,
				1,
				1.8,
				-1.979,
				1.967,
				2.119,
				2.133,
				2.119,
				1,
				2.289,
				2.119,
				2.444,
				-2.182,
				2.6,
				-2.182,
				1,
				2.778,
				-2.182,
				2.956,
				2.117,
				3.133,
				2.117,
				1,
				3.3,
				2.117,
				3.467,
				-2.319,
				3.633,
				-2.319,
				1,
				3.789,
				-2.319,
				3.944,
				2.448,
				4.1,
				2.448,
				1,
				4.267,
				2.448,
				4.433,
				-2.326,
				4.6,
				-2.326,
				1,
				4.778,
				-2.326,
				4.956,
				2.175,
				5.133,
				2.175,
				1,
				5.289,
				2.175,
				5.444,
				-2.193,
				5.6,
				-2.193,
				1,
				5.767,
				-2.193,
				5.933,
				2.144,
				6.1,
				2.144,
				1,
				6.278,
				2.144,
				6.456,
				-2.189,
				6.633,
				-2.189,
				1,
				6.8,
				-2.189,
				6.967,
				2.23,
				7.133,
				2.23,
				1,
				7.3,
				2.23,
				7.467,
				-2.322,
				7.633,
				-2.322,
				1,
				7.789,
				-2.322,
				7.944,
				2.447,
				8.1,
				2.447,
				1,
				8.267,
				2.447,
				8.433,
				-2.392,
				8.6,
				-2.392,
				1,
				8.778,
				-2.392,
				8.956,
				2.3,
				9.133,
				2.3,
				1,
				9.278,
				2.3,
				9.422,
				-2.213,
				9.567,
				-2.213,
				1,
				9.733,
				-2.213,
				9.9,
				0.827,
				10.067,
				0.827,
				1,
				10.144,
				0.827,
				10.222,
				-0.556,
				10.3,
				-0.556,
				1,
				10.378,
				-0.556,
				10.456,
				-0.397,
				10.533,
				0
			]
		},
		{
			"Target": "Parameter",
			"Id": "Param_Angle_Rotation_3_ArtMesh44",
			"Segments": [
				0,
				0,
				1,
				0.033,
				0,
				0.067,
				0,
				0.1,
				0,
				1,
				0.178,
				0,
				0.256,
				2.035,
				0.333,
				2.035,
				1,
				0.456,
				2.035,
				0.578,
				-3.316,
				0.7,
				-3.316,
				1,
				0.856,
				-3.316,
				1.011,
				2.942,
				1.167,
				2.942,
				1,
				1.344,
				2.942,
				1.522,
				-3.13,
				1.7,
				-3.13,
				1,
				1.867,
				-3.13,
				2.033,
				3.393,
				2.2,
				3.393,
				1,
				2.356,
				3.393,
				2.511,
				-3.477,
				2.667,
				-3.477,
				1,
				2.844,
				-3.477,
				3.022,
				3.362,
				3.2,
				3.362,
				1,
				3.367,
				3.362,
				3.533,
				-3.641,
				3.7,
				-3.641,
				1,
				3.856,
				-3.641,
				4.011,
				3.917,
				4.167,
				3.917,
				1,
				4.333,
				3.917,
				4.5,
				-3.668,
				4.667,
				-3.668,
				1,
				4.844,
				-3.668,
				5.022,
				3.417,
				5.2,
				3.417,
				1,
				5.356,
				3.417,
				5.511,
				-3.487,
				5.667,
				-3.487,
				1,
				5.833,
				-3.487,
				6,
				3.398,
				6.167,
				3.398,
				1,
				6.344,
				3.398,
				6.522,
				-3.444,
				6.7,
				-3.444,
				1,
				6.867,
				-3.444,
				7.033,
				3.546,
				7.2,
				3.546,
				1,
				7.367,
				3.546,
				7.533,
				-3.645,
				7.7,
				-3.645,
				1,
				7.856,
				-3.645,
				8.011,
				3.859,
				8.167,
				3.859,
				1,
				8.333,
				3.859,
				8.5,
				-3.73,
				8.667,
				-3.73,
				1,
				8.844,
				-3.73,
				9.022,
				3.592,
				9.2,
				3.592,
				1,
				9.356,
				3.592,
				9.511,
				-3.411,
				9.667,
				-3.411,
				1,
				9.789,
				-3.411,
				9.911,
				1.588,
				10.033,
				1.588,
				1,
				10.156,
				1.588,
				10.278,
				-0.995,
				10.4,
				-0.995,
				1,
				10.444,
				-0.995,
				10.489,
				-0.337,
				10.533,
				0
			]
		},
		{
			"Target": "Parameter",
			"Id": "Param_Angle_Rotation_4_ArtMesh44",
			"Segments": [
				0,
				0,
				1,
				0.033,
				0,
				0.067,
				0,
				0.1,
				0,
				1,
				0.211,
				0,
				0.322,
				2.662,
				0.433,
				2.662,
				1,
				0.544,
				2.662,
				0.656,
				-4.935,
				0.767,
				-4.935,
				1,
				0.922,
				-4.935,
				1.078,
				4.364,
				1.233,
				4.364,
				1,
				1.411,
				4.364,
				1.589,
				-4.463,
				1.767,
				-4.463,
				1,
				1.933,
				-4.463,
				2.1,
				4.886,
				2.267,
				4.886,
				1,
				2.422,
				4.886,
				2.578,
				-5.028,
				2.733,
				-5.028,
				1,
				2.911,
				-5.028,
				3.089,
				4.784,
				3.267,
				4.784,
				1,
				3.433,
				4.784,
				3.6,
				-5.16,
				3.767,
				-5.16,
				1,
				3.922,
				-5.16,
				4.078,
				5.658,
				4.233,
				5.658,
				1,
				4.4,
				5.658,
				4.567,
				-5.238,
				4.733,
				-5.238,
				1,
				4.911,
				-5.238,
				5.089,
				4.844,
				5.267,
				4.844,
				1,
				5.422,
				4.844,
				5.578,
				-5.034,
				5.733,
				-5.034,
				1,
				5.9,
				-5.034,
				6.067,
				4.892,
				6.233,
				4.892,
				1,
				6.411,
				4.892,
				6.589,
				-4.88,
				6.767,
				-4.88,
				1,
				6.922,
				-4.88,
				7.078,
				5.116,
				7.233,
				5.116,
				1,
				7.4,
				5.116,
				7.567,
				-5.213,
				7.733,
				-5.213,
				1,
				7.9,
				-5.213,
				8.067,
				5.502,
				8.233,
				5.502,
				1,
				8.4,
				5.502,
				8.567,
				-5.297,
				8.733,
				-5.297,
				1,
				8.9,
				-5.297,
				9.067,
				5.123,
				9.233,
				5.123,
				1,
				9.4,
				5.123,
				9.567,
				-4.922,
				9.733,
				-4.922,
				1,
				9.856,
				-4.922,
				9.978,
				2.868,
				10.1,
				2.868,
				1,
				10.244,
				2.868,
				10.389,
				0,
				10.533,
				0
			]
		},
		{
			"Target": "Parameter",
			"Id": "Param_Angle_Rotation_5_ArtMesh44",
			"Segments": [
				0,
				0,
				1,
				0.033,
				0,
				0.067,
				0,
				0.1,
				0,
				1,
				0.233,
				0,
				0.367,
				2.611,
				0.5,
				2.611,
				1,
				0.622,
				2.611,
				0.744,
				-5.392,
				0.867,
				-5.392,
				1,
				1.011,
				-5.392,
				1.156,
				4.942,
				1.3,
				4.942,
				1,
				1.467,
				4.942,
				1.633,
				-4.799,
				1.8,
				-4.799,
				1,
				1.978,
				-4.799,
				2.156,
				5.262,
				2.333,
				5.262,
				1,
				2.489,
				5.262,
				2.644,
				-5.482,
				2.8,
				-5.482,
				1,
				2.967,
				-5.482,
				3.133,
				5.168,
				3.3,
				5.168,
				1,
				3.478,
				5.168,
				3.656,
				-5.482,
				3.833,
				-5.482,
				1,
				3.989,
				-5.482,
				4.144,
				6.142,
				4.3,
				6.142,
				1,
				4.467,
				6.142,
				4.633,
				-5.649,
				4.8,
				-5.649,
				1,
				4.967,
				-5.649,
				5.133,
				5.235,
				5.3,
				5.235,
				1,
				5.467,
				5.235,
				5.633,
				-5.476,
				5.8,
				-5.476,
				1,
				5.967,
				-5.476,
				6.133,
				5.312,
				6.3,
				5.312,
				1,
				6.467,
				5.312,
				6.633,
				-5.226,
				6.8,
				-5.226,
				1,
				6.967,
				-5.226,
				7.133,
				5.565,
				7.3,
				5.565,
				1,
				7.467,
				5.565,
				7.633,
				-5.631,
				7.8,
				-5.631,
				1,
				7.967,
				-5.631,
				8.133,
				5.898,
				8.3,
				5.898,
				1,
				8.467,
				5.898,
				8.633,
				-5.68,
				8.8,
				-5.68,
				1,
				8.967,
				-5.68,
				9.133,
				5.514,
				9.3,
				5.514,
				1,
				9.467,
				5.514,
				9.633,
				-5.355,
				9.8,
				-5.355,
				1,
				9.933,
				-5.355,
				10.067,
				3.577,
				10.2,
				3.577,
				1,
				10.311,
				3.577,
				10.422,
				2.549,
				10.533,
				0
			]
		},
		{
			"Target": "Parameter",
			"Id": "Param_Angle_Rotation_1_ArtMesh43",
			"Segments": [
				0,
				0,
				1,
				0.022,
				0,
				0.044,
				0,
				0.067,
				0,
				1,
				0.178,
				0,
				0.289,
				-4.137,
				0.4,
				-4.137,
				1,
				0.567,
				-4.137,
				0.733,
				3.823,
				0.9,
				3.823,
				1,
				1.067,
				3.823,
				1.233,
				-4.216,
				1.4,
				-4.216,
				1,
				1.567,
				-4.216,
				1.733,
				4.627,
				1.9,
				4.627,
				1,
				2.067,
				4.627,
				2.233,
				-4.4,
				2.4,
				-4.4,
				1,
				2.567,
				-4.4,
				2.733,
				5.064,
				2.9,
				5.064,
				1,
				3.078,
				5.064,
				3.256,
				-4.548,
				3.433,
				-4.548,
				1,
				3.589,
				-4.548,
				3.744,
				5.338,
				3.9,
				5.338,
				1,
				4.067,
				5.338,
				4.233,
				-5.053,
				4.4,
				-5.053,
				1,
				4.567,
				-5.053,
				4.733,
				4.703,
				4.9,
				4.703,
				1,
				5.067,
				4.703,
				5.233,
				-4.397,
				5.4,
				-4.397,
				1,
				5.567,
				-4.397,
				5.733,
				4.903,
				5.9,
				4.903,
				1,
				6.067,
				4.903,
				6.233,
				-4.544,
				6.4,
				-4.544,
				1,
				6.567,
				-4.544,
				6.733,
				4.735,
				6.9,
				4.735,
				1,
				7.067,
				4.735,
				7.233,
				-4.691,
				7.4,
				-4.691,
				1,
				7.567,
				-4.691,
				7.733,
				5.473,
				7.9,
				5.473,
				1,
				8.067,
				5.473,
				8.233,
				-4.901,
				8.4,
				-4.901,
				1,
				8.567,
				-4.901,
				8.733,
				5.015,
				8.9,
				5.015,
				1,
				9.067,
				5.015,
				9.233,
				-5.115,
				9.4,
				-5.115,
				1,
				9.556,
				-5.115,
				9.711,
				1.121,
				9.867,
				1.121,
				1,
				9.956,
				1.121,
				10.044,
				-0.577,
				10.133,
				-0.577,
				1,
				10.233,
				-0.577,
				10.333,
				0.126,
				10.433,
				0.126,
				1,
				10.467,
				0.126,
				10.5,
				0.081,
				10.533,
				0.045
			]
		},
		{
			"Target": "Parameter",
			"Id": "Param_Angle_Rotation_2_ArtMesh43",
			"Segments": [
				0,
				0,
				1,
				0.022,
				0,
				0.044,
				0,
				0.067,
				0,
				1,
				0.122,
				0,
				0.178,
				1.428,
				0.233,
				1.428,
				1,
				0.356,
				1.428,
				0.478,
				-1.968,
				0.6,
				-1.968,
				1,
				0.778,
				-1.968,
				0.956,
				1.84,
				1.133,
				1.84,
				1,
				1.3,
				1.84,
				1.467,
				-1.979,
				1.633,
				-1.979,
				1,
				1.8,
				-1.979,
				1.967,
				2.119,
				2.133,
				2.119,
				1,
				2.289,
				2.119,
				2.444,
				-2.182,
				2.6,
				-2.182,
				1,
				2.778,
				-2.182,
				2.956,
				2.117,
				3.133,
				2.117,
				1,
				3.3,
				2.117,
				3.467,
				-2.319,
				3.633,
				-2.319,
				1,
				3.789,
				-2.319,
				3.944,
				2.448,
				4.1,
				2.448,
				1,
				4.267,
				2.448,
				4.433,
				-2.326,
				4.6,
				-2.326,
				1,
				4.778,
				-2.326,
				4.956,
				2.175,
				5.133,
				2.175,
				1,
				5.289,
				2.175,
				5.444,
				-2.193,
				5.6,
				-2.193,
				1,
				5.767,
				-2.193,
				5.933,
				2.144,
				6.1,
				2.144,
				1,
				6.278,
				2.144,
				6.456,
				-2.189,
				6.633,
				-2.189,
				1,
				6.8,
				-2.189,
				6.967,
				2.23,
				7.133,
				2.23,
				1,
				7.3,
				2.23,
				7.467,
				-2.322,
				7.633,
				-2.322,
				1,
				7.789,
				-2.322,
				7.944,
				2.447,
				8.1,
				2.447,
				1,
				8.267,
				2.447,
				8.433,
				-2.392,
				8.6,
				-2.392,
				1,
				8.778,
				-2.392,
				8.956,
				2.3,
				9.133,
				2.3,
				1,
				9.278,
				2.3,
				9.422,
				-2.213,
				9.567,
				-2.213,
				1,
				9.733,
				-2.213,
				9.9,
				0.827,
				10.067,
				0.827,
				1,
				10.144,
				0.827,
				10.222,
				-0.556,
				10.3,
				-0.556,
				1,
				10.378,
				-0.556,
				10.456,
				-0.397,
				10.533,
				0
			]
		},
		{
			"Target": "Parameter",
			"Id": "Param_Angle_Rotation_3_ArtMesh43",
			"Segments": [
				0,
				0,
				1,
				0.033,
				0,
				0.067,
				0,
				0.1,
				0,
				1,
				0.178,
				0,
				0.256,
				2.035,
				0.333,
				2.035,
				1,
				0.456,
				2.035,
				0.578,
				-3.316,
				0.7,
				-3.316,
				1,
				0.856,
				-3.316,
				1.011,
				2.942,
				1.167,
				2.942,
				1,
				1.344,
				2.942,
				1.522,
				-3.13,
				1.7,
				-3.13,
				1,
				1.867,
				-3.13,
				2.033,
				3.393,
				2.2,
				3.393,
				1,
				2.356,
				3.393,
				2.511,
				-3.477,
				2.667,
				-3.477,
				1,
				2.844,
				-3.477,
				3.022,
				3.362,
				3.2,
				3.362,
				1,
				3.367,
				3.362,
				3.533,
				-3.641,
				3.7,
				-3.641,
				1,
				3.856,
				-3.641,
				4.011,
				3.917,
				4.167,
				3.917,
				1,
				4.333,
				3.917,
				4.5,
				-3.668,
				4.667,
				-3.668,
				1,
				4.844,
				-3.668,
				5.022,
				3.417,
				5.2,
				3.417,
				1,
				5.356,
				3.417,
				5.511,
				-3.487,
				5.667,
				-3.487,
				1,
				5.833,
				-3.487,
				6,
				3.398,
				6.167,
				3.398,
				1,
				6.344,
				3.398,
				6.522,
				-3.444,
				6.7,
				-3.444,
				1,
				6.867,
				-3.444,
				7.033,
				3.546,
				7.2,
				3.546,
				1,
				7.367,
				3.546,
				7.533,
				-3.645,
				7.7,
				-3.645,
				1,
				7.856,
				-3.645,
				8.011,
				3.859,
				8.167,
				3.859,
				1,
				8.333,
				3.859,
				8.5,
				-3.73,
				8.667,
				-3.73,
				1,
				8.844,
				-3.73,
				9.022,
				3.592,
				9.2,
				3.592,
				1,
				9.356,
				3.592,
				9.511,
				-3.411,
				9.667,
				-3.411,
				1,
				9.789,
				-3.411,
				9.911,
				1.588,
				10.033,
				1.588,
				1,
				10.156,
				1.588,
				10.278,
				-0.995,
				10.4,
				-0.995,
				1,
				10.444,
				-0.995,
				10.489,
				-0.337,
				10.533,
				0
			]
		},
		{
			"Target": "Parameter",
			"Id": "Param_Angle_Rotation_4_ArtMesh43",
			"Segments": [
				0,
				0,
				1,
				0.033,
				0,
				0.067,
				0,
				0.1,
				0,
				1,
				0.211,
				0,
				0.322,
				2.662,
				0.433,
				2.662,
				1,
				0.544,
				2.662,
				0.656,
				-4.935,
				0.767,
				-4.935,
				1,
				0.922,
				-4.935,
				1.078,
				4.364,
				1.233,
				4.364,
				1,
				1.411,
				4.364,
				1.589,
				-4.463,
				1.767,
				-4.463,
				1,
				1.933,
				-4.463,
				2.1,
				4.886,
				2.267,
				4.886,
				1,
				2.422,
				4.886,
				2.578,
				-5.028,
				2.733,
				-5.028,
				1,
				2.911,
				-5.028,
				3.089,
				4.784,
				3.267,
				4.784,
				1,
				3.433,
				4.784,
				3.6,
				-5.16,
				3.767,
				-5.16,
				1,
				3.922,
				-5.16,
				4.078,
				5.658,
				4.233,
				5.658,
				1,
				4.4,
				5.658,
				4.567,
				-5.238,
				4.733,
				-5.238,
				1,
				4.911,
				-5.238,
				5.089,
				4.844,
				5.267,
				4.844,
				1,
				5.422,
				4.844,
				5.578,
				-5.034,
				5.733,
				-5.034,
				1,
				5.9,
				-5.034,
				6.067,
				4.892,
				6.233,
				4.892,
				1,
				6.411,
				4.892,
				6.589,
				-4.88,
				6.767,
				-4.88,
				1,
				6.922,
				-4.88,
				7.078,
				5.116,
				7.233,
				5.116,
				1,
				7.4,
				5.116,
				7.567,
				-5.213,
				7.733,
				-5.213,
				1,
				7.9,
				-5.213,
				8.067,
				5.502,
				8.233,
				5.502,
				1,
				8.4,
				5.502,
				8.567,
				-5.297,
				8.733,
				-5.297,
				1,
				8.9,
				-5.297,
				9.067,
				5.123,
				9.233,
				5.123,
				1,
				9.4,
				5.123,
				9.567,
				-4.922,
				9.733,
				-4.922,
				1,
				9.856,
				-4.922,
				9.978,
				2.868,
				10.1,
				2.868,
				1,
				10.244,
				2.868,
				10.389,
				0,
				10.533,
				0
			]
		},
		{
			"Target": "Parameter",
			"Id": "Param_Angle_Rotation_5_ArtMesh43",
			"Segments": [
				0,
				0,
				1,
				0.033,
				0,
				0.067,
				0,
				0.1,
				0,
				1,
				0.233,
				0,
				0.367,
				2.611,
				0.5,
				2.611,
				1,
				0.622,
				2.611,
				0.744,
				-5.392,
				0.867,
				-5.392,
				1,
				1.011,
				-5.392,
				1.156,
				4.942,
				1.3,
				4.942,
				1,
				1.467,
				4.942,
				1.633,
				-4.799,
				1.8,
				-4.799,
				1,
				1.978,
				-4.799,
				2.156,
				5.262,
				2.333,
				5.262,
				1,
				2.489,
				5.262,
				2.644,
				-5.482,
				2.8,
				-5.482,
				1,
				2.967,
				-5.482,
				3.133,
				5.168,
				3.3,
				5.168,
				1,
				3.478,
				5.168,
				3.656,
				-5.482,
				3.833,
				-5.482,
				1,
				3.989,
				-5.482,
				4.144,
				6.142,
				4.3,
				6.142,
				1,
				4.467,
				6.142,
				4.633,
				-5.649,
				4.8,
				-5.649,
				1,
				4.967,
				-5.649,
				5.133,
				5.235,
				5.3,
				5.235,
				1,
				5.467,
				5.235,
				5.633,
				-5.476,
				5.8,
				-5.476,
				1,
				5.967,
				-5.476,
				6.133,
				5.312,
				6.3,
				5.312,
				1,
				6.467,
				5.312,
				6.633,
				-5.226,
				6.8,
				-5.226,
				1,
				6.967,
				-5.226,
				7.133,
				5.565,
				7.3,
				5.565,
				1,
				7.467,
				5.565,
				7.633,
				-5.631,
				7.8,
				-5.631,
				1,
				7.967,
				-5.631,
				8.133,
				5.898,
				8.3,
				5.898,
				1,
				8.467,
				5.898,
				8.633,
				-5.68,
				8.8,
				-5.68,
				1,
				8.967,
				-5.68,
				9.133,
				5.514,
				9.3,
				5.514,
				1,
				9.467,
				5.514,
				9.633,
				-5.355,
				9.8,
				-5.355,
				1,
				9.933,
				-5.355,
				10.067,
				3.577,
				10.2,
				3.577,
				1,
				10.311,
				3.577,
				10.422,
				2.549,
				10.533,
				0
			]
		},
		{
			"Target": "Parameter",
			"Id": "Param12",
			"Segments": [
				0,
				0,
				0,
				10.533,
				0
			]
		},
		{
			"Target": "Parameter",
			"Id": "Param11",
			"Segments": [
				0,
				0,
				0,
				10.533,
				0
			]
		}
	]
}