{
	"Version": 3,
	"Meta": {
		"Duration": 1.967,
		"Fps": 30.0,
		"Loop": true,
		"AreBeziersRestricted": false,
		"CurveCount": 73,
		"TotalSegmentCount": 448,
		"TotalPointCount": 1379,
		"UserDataCount": 0,
		"TotalUserDataSize": 0
	},
	"Curves": [
		{
			"Target": "Parameter",
			"Id": "ParamAngleX",
			"Segments": [
				0,
				0,
				1,
				0.056,
				0,
				0.111,
				0,
				0.167,
				0,
				1,
				0.222,
				0,
				0.278,
				1,
				0.333,
				1,
				1,
				0.411,
				1,
				0.489,
				1,
				0.567,
				1,
				1,
				0.644,
				1,
				0.722,
				0.801,
				0.8,
				0,
				1,
				0.833,
				-0.343,
				0.867,
				-1,
				0.9,
				-1,
				1,
				0.933,
				-1,
				0.967,
				0,
				1,
				0,
				1,
				1.022,
				0,
				1.044,
				0,
				1.067,
				0,
				1,
				1.367,
				0,
				1.667,
				0,
				1.967,
				0
			]
		},
		{
			"Target": "Parameter",
			"Id": "ParamAngleY",
			"Segments": [
				0,
				0,
				1,
				0.056,
				0,
				0.111,
				0,
				0.167,
				0,
				1,
				0.222,
				0,
				0.278,
				-16,
				0.333,
				-16,
				1,
				0.411,
				-16,
				0.489,
				11,
				0.567,
				11,
				1,
				0.644,
				11,
				0.722,
				-14,
				0.8,
				-14,
				1,
				0.833,
				-14,
				0.867,
				6,
				0.9,
				6,
				1,
				0.933,
				6,
				0.967,
				-6,
				1,
				-6,
				1,
				1.022,
				-6,
				1.044,
				0,
				1.067,
				0,
				1,
				1.367,
				0,
				1.667,
				0,
				1.967,
				0
			]
		},
		{
			"Target": "Parameter",
			"Id": "ParamAngleZ",
			"Segments": [
				0,
				0,
				0,
				1.967,
				0
			]
		},
		{
			"Target": "Parameter",
			"Id": "ParamEyeLOpen",
			"Segments": [
				0,
				1,
				1,
				0.433,
				1,
				0.867,
				1,
				1.3,
				1,
				1,
				1.367,
				1,
				1.433,
				0,
				1.5,
				0,
				1,
				1.556,
				0,
				1.611,
				1,
				1.667,
				1,
				1,
				1.767,
				1,
				1.867,
				1,
				1.967,
				1
			]
		},
		{
			"Target": "Parameter",
			"Id": "ParamEyeLSmile",
			"Segments": [
				0,
				0,
				0,
				1.967,
				0
			]
		},
		{
			"Target": "Parameter",
			"Id": "ParamEyeROpen",
			"Segments": [
				0,
				1,
				1,
				0.433,
				1,
				0.867,
				1,
				1.3,
				1,
				1,
				1.367,
				1,
				1.433,
				0,
				1.5,
				0,
				1,
				1.556,
				0,
				1.611,
				1,
				1.667,
				1,
				1,
				1.767,
				1,
				1.867,
				1,
				1.967,
				1
			]
		},
		{
			"Target": "Parameter",
			"Id": "ParamEyeRSmile",
			"Segments": [
				0,
				0,
				0,
				1.967,
				0
			]
		},
		{
			"Target": "Parameter",
			"Id": "ParamEyeBallX",
			"Segments": [
				0,
				0,
				0,
				1.967,
				0
			]
		},
		{
			"Target": "Parameter",
			"Id": "ParamEyeBallY",
			"Segments": [
				0,
				0,
				0,
				1.967,
				0
			]
		},
		{
			"Target": "Parameter",
			"Id": "ParamBrowLY",
			"Segments": [
				0,
				0,
				0,
				1.967,
				0
			]
		},
		{
			"Target": "Parameter",
			"Id": "ParamBrowRForm",
			"Segments": [
				0,
				0,
				0,
				1.967,
				0
			]
		},
		{
			"Target": "Parameter",
			"Id": "ParamMouthForm",
			"Segments": [
				0,
				-1,
				1,
				0.656,
				-1,
				1.311,
				-1,
				1.967,
				-1
			]
		},
		{
			"Target": "Parameter",
			"Id": "ParamMouthOpenY",
			"Segments": [
				0,
				0,
				1,
				0.656,
				0,
				1.311,
				0,
				1.967,
				0
			]
		},
		{
			"Target": "Parameter",
			"Id": "ParamBodyAngleX",
			"Segments": [
				0,
				0,
				0,
				1.967,
				0
			]
		},
		{
			"Target": "Parameter",
			"Id": "ParamBodyAngleZ",
			"Segments": [
				0,
				0,
				0,
				1.967,
				0
			]
		},
		{
			"Target": "Parameter",
			"Id": "ParamBreath",
			"Segments": [
				0,
				0,
				0,
				1.967,
				0
			]
		},
		{
			"Target": "Parameter",
			"Id": "Param",
			"Segments": [
				0,
				0,
				0,
				1.967,
				0
			]
		},
		{
			"Target": "Parameter",
			"Id": "Param2",
			"Segments": [
				0,
				0,
				0,
				1.967,
				0
			]
		},
		{
			"Target": "Parameter",
			"Id": "Param5",
			"Segments": [
				0,
				0,
				0,
				1.967,
				0
			]
		},
		{
			"Target": "Parameter",
			"Id": "Param3",
			"Segments": [
				0,
				0,
				0,
				1.967,
				0
			]
		},
		{
			"Target": "Parameter",
			"Id": "Param14",
			"Segments": [
				0,
				0,
				0,
				1.967,
				0
			]
		},
		{
			"Target": "Parameter",
			"Id": "Param4",
			"Segments": [
				0,
				0,
				0,
				1.967,
				0
			]
		},
		{
			"Target": "Parameter",
			"Id": "Param10",
			"Segments": [
				0,
				0,
				1,
				0.056,
				0,
				0.111,
				0,
				0.167,
				0,
				1,
				0.222,
				0,
				0.278,
				-9,
				0.333,
				-9,
				1,
				0.411,
				-9,
				0.489,
				21,
				0.567,
				21,
				1,
				0.644,
				21,
				0.722,
				-13,
				0.8,
				-13,
				1,
				0.833,
				-13,
				0.867,
				0,
				0.9,
				0,
				1,
				0.933,
				0,
				0.967,
				-6,
				1,
				-6,
				1,
				1.022,
				-6,
				1.044,
				0,
				1.067,
				0,
				1,
				1.367,
				0,
				1.667,
				0,
				1.967,
				0
			]
		},
		{
			"Target": "Parameter",
			"Id": "Param13",
			"Segments": [
				0,
				0,
				0,
				1.967,
				0
			]
		},
		{
			"Target": "Parameter",
			"Id": "Param_Angle_Rotation_1_ArtMesh29",
			"Segments": [
				0,
				0,
				1,
				0.067,
				0,
				0.133,
				0,
				0.2,
				0,
				1,
				0.244,
				0,
				0.289,
				2.796,
				0.333,
				2.796,
				1,
				0.4,
				2.796,
				0.467,
				-4.962,
				0.533,
				-4.962,
				1,
				0.611,
				-4.962,
				0.689,
				5.417,
				0.767,
				5.417,
				1,
				0.822,
				5.417,
				0.878,
				-4.614,
				0.933,
				-4.614,
				1,
				0.967,
				-4.614,
				1,
				0.677,
				1.033,
				0.677,
				1,
				1.056,
				0.677,
				1.078,
				-0.94,
				1.1,
				-0.94,
				1,
				1.167,
				-0.94,
				1.233,
				0.28,
				1.3,
				0.28,
				1,
				1.367,
				0.28,
				1.433,
				0,
				1.5,
				0,
				1,
				1.656,
				0,
				1.811,
				0,
				1.967,
				0
			]
		},
		{
			"Target": "Parameter",
			"Id": "Param_Angle_Rotation_2_ArtMesh29",
			"Segments": [
				0,
				0,
				1,
				0.067,
				0,
				0.133,
				0,
				0.2,
				0,
				1,
				0.233,
				0,
				0.267,
				-1.639,
				0.3,
				-1.639,
				1,
				0.356,
				-1.639,
				0.411,
				3.865,
				0.467,
				3.865,
				1,
				0.544,
				3.865,
				0.622,
				-5.589,
				0.7,
				-5.589,
				1,
				0.767,
				-5.589,
				0.833,
				7.361,
				0.9,
				7.361,
				1,
				0.944,
				7.361,
				0.989,
				-2.675,
				1.033,
				-2.675,
				1,
				1.056,
				-2.675,
				1.078,
				-1.185,
				1.1,
				-1.185,
				1,
				1.111,
				-1.185,
				1.122,
				-1.329,
				1.133,
				-1.329,
				1,
				1.233,
				-1.329,
				1.333,
				0.526,
				1.433,
				0.526,
				1,
				1.511,
				0.526,
				1.589,
				-0.202,
				1.667,
				-0.202,
				1,
				1.767,
				-0.202,
				1.867,
				0,
				1.967,
				0
			]
		},
		{
			"Target": "Parameter",
			"Id": "Param_Angle_Rotation_3_ArtMesh29",
			"Segments": [
				0,
				0,
				1,
				0.067,
				0,
				0.133,
				0,
				0.2,
				0,
				1,
				0.256,
				0,
				0.311,
				-1.567,
				0.367,
				-1.567,
				1,
				0.433,
				-1.567,
				0.5,
				4.943,
				0.567,
				4.943,
				1,
				0.644,
				4.943,
				0.722,
				-7.583,
				0.8,
				-7.583,
				1,
				0.867,
				-7.583,
				0.933,
				8.25,
				1,
				8.25,
				1,
				1.089,
				8.25,
				1.178,
				-3.545,
				1.267,
				-3.545,
				1,
				1.356,
				-3.545,
				1.444,
				1.478,
				1.533,
				1.478,
				1,
				1.633,
				1.478,
				1.733,
				-0.606,
				1.833,
				-0.606,
				1,
				1.878,
				-0.606,
				1.922,
				-0.303,
				1.967,
				0
			]
		},
		{
			"Target": "Parameter",
			"Id": "Param_Angle_Rotation_4_ArtMesh29",
			"Segments": [
				0,
				0,
				1,
				0.078,
				0,
				0.156,
				0,
				0.233,
				0,
				1,
				0.3,
				0,
				0.367,
				-1.176,
				0.433,
				-1.176,
				1,
				0.5,
				-1.176,
				0.567,
				4.377,
				0.633,
				4.377,
				1,
				0.711,
				4.377,
				0.789,
				-7.655,
				0.867,
				-7.655,
				1,
				0.944,
				-7.655,
				1.022,
				6.847,
				1.1,
				6.847,
				1,
				1.189,
				6.847,
				1.278,
				-4.374,
				1.367,
				-4.374,
				1,
				1.467,
				-4.374,
				1.567,
				2.155,
				1.667,
				2.155,
				1,
				1.767,
				2.155,
				1.867,
				0,
				1.967,
				0
			]
		},
		{
			"Target": "Parameter",
			"Id": "Param_Angle_Rotation_5_ArtMesh29",
			"Segments": [
				0,
				0,
				1,
				0.1,
				0,
				0.2,
				0,
				0.3,
				0,
				1,
				0.356,
				0,
				0.411,
				-1.414,
				0.467,
				-1.414,
				1,
				0.556,
				-1.414,
				0.644,
				4.97,
				0.733,
				4.97,
				1,
				0.811,
				4.97,
				0.889,
				-9.54,
				0.967,
				-9.54,
				1,
				1.044,
				-9.54,
				1.122,
				9.532,
				1.2,
				9.532,
				1,
				1.289,
				9.532,
				1.378,
				-6.873,
				1.467,
				-6.873,
				1,
				1.567,
				-6.873,
				1.667,
				3.998,
				1.767,
				3.998,
				1,
				1.833,
				3.998,
				1.9,
				2.625,
				1.967,
				0
			]
		},
		{
			"Target": "Parameter",
			"Id": "Param_Angle_Rotation_6_ArtMesh29",
			"Segments": [
				0,
				0,
				1,
				0.1,
				0,
				0.2,
				0,
				0.3,
				0,
				1,
				0.356,
				0,
				0.411,
				-1.414,
				0.467,
				-1.414,
				1,
				0.556,
				-1.414,
				0.644,
				4.97,
				0.733,
				4.97,
				1,
				0.811,
				4.97,
				0.889,
				-9.54,
				0.967,
				-9.54,
				1,
				1.044,
				-9.54,
				1.122,
				9.532,
				1.2,
				9.532,
				1,
				1.289,
				9.532,
				1.378,
				-6.873,
				1.467,
				-6.873,
				1,
				1.567,
				-6.873,
				1.667,
				3.998,
				1.767,
				3.998,
				1,
				1.833,
				3.998,
				1.9,
				2.625,
				1.967,
				0
			]
		},
		{
			"Target": "Parameter",
			"Id": "Param_Angle_Rotation_7_ArtMesh29",
			"Segments": [
				0,
				0,
				1,
				0.1,
				0,
				0.2,
				0,
				0.3,
				0,
				1,
				0.356,
				0,
				0.411,
				-1.414,
				0.467,
				-1.414,
				1,
				0.556,
				-1.414,
				0.644,
				4.97,
				0.733,
				4.97,
				1,
				0.811,
				4.97,
				0.889,
				-9.54,
				0.967,
				-9.54,
				1,
				1.044,
				-9.54,
				1.122,
				9.532,
				1.2,
				9.532,
				1,
				1.289,
				9.532,
				1.378,
				-6.873,
				1.467,
				-6.873,
				1,
				1.567,
				-6.873,
				1.667,
				3.998,
				1.767,
				3.998,
				1,
				1.833,
				3.998,
				1.9,
				2.625,
				1.967,
				0
			]
		},
		{
			"Target": "Parameter",
			"Id": "Param_Angle_Rotation_1_ArtMesh28",
			"Segments": [
				0,
				0,
				1,
				0.067,
				0,
				0.133,
				0,
				0.2,
				0,
				1,
				0.244,
				0,
				0.289,
				2.829,
				0.333,
				2.829,
				1,
				0.4,
				2.829,
				0.467,
				-4.913,
				0.533,
				-4.913,
				1,
				0.611,
				-4.913,
				0.689,
				5.281,
				0.767,
				5.281,
				1,
				0.822,
				5.281,
				0.878,
				-4.431,
				0.933,
				-4.431,
				1,
				0.967,
				-4.431,
				1,
				0.751,
				1.033,
				0.751,
				1,
				1.056,
				0.751,
				1.078,
				-0.957,
				1.1,
				-0.957,
				1,
				1.167,
				-0.957,
				1.233,
				0.269,
				1.3,
				0.269,
				1,
				1.367,
				0.269,
				1.433,
				0,
				1.5,
				0,
				1,
				1.656,
				0,
				1.811,
				0,
				1.967,
				0
			]
		},
		{
			"Target": "Parameter",
			"Id": "Param_Angle_Rotation_2_ArtMesh28",
			"Segments": [
				0,
				0,
				1,
				0.067,
				0,
				0.133,
				0,
				0.2,
				0,
				1,
				0.233,
				0,
				0.267,
				-1.662,
				0.3,
				-1.662,
				1,
				0.356,
				-1.662,
				0.411,
				3.81,
				0.467,
				3.81,
				1,
				0.544,
				3.81,
				0.622,
				-5.438,
				0.7,
				-5.438,
				1,
				0.767,
				-5.438,
				0.833,
				6.98,
				0.9,
				6.98,
				1,
				0.944,
				6.98,
				0.989,
				-2.417,
				1.033,
				-2.417,
				1,
				1.056,
				-2.417,
				1.078,
				-0.864,
				1.1,
				-0.864,
				1,
				1.122,
				-0.864,
				1.144,
				-1.075,
				1.167,
				-1.075,
				1,
				1.256,
				-1.075,
				1.344,
				0.425,
				1.433,
				0.425,
				1,
				1.522,
				0.425,
				1.611,
				-0.089,
				1.7,
				-0.089,
				1,
				1.744,
				-0.089,
				1.789,
				0,
				1.833,
				0,
				1,
				1.878,
				0,
				1.922,
				0,
				1.967,
				0
			]
		},
		{
			"Target": "Parameter",
			"Id": "Param_Angle_Rotation_3_ArtMesh28",
			"Segments": [
				0,
				0,
				1,
				0.067,
				0,
				0.133,
				0,
				0.2,
				0,
				1,
				0.256,
				0,
				0.311,
				-1.573,
				0.367,
				-1.573,
				1,
				0.433,
				-1.573,
				0.5,
				4.798,
				0.567,
				4.798,
				1,
				0.644,
				4.798,
				0.722,
				-7.213,
				0.8,
				-7.213,
				1,
				0.867,
				-7.213,
				0.933,
				7.276,
				1,
				7.276,
				1,
				1.089,
				7.276,
				1.178,
				-2.855,
				1.267,
				-2.855,
				1,
				1.367,
				-2.855,
				1.467,
				1.093,
				1.567,
				1.093,
				1,
				1.656,
				1.093,
				1.744,
				-0.4,
				1.833,
				-0.4,
				1,
				1.878,
				-0.4,
				1.922,
				-0.184,
				1.967,
				0
			]
		},
		{
			"Target": "Parameter",
			"Id": "Param_Angle_Rotation_4_ArtMesh28",
			"Segments": [
				0,
				0,
				1,
				0.078,
				0,
				0.156,
				0,
				0.233,
				0,
				1,
				0.3,
				0,
				0.367,
				-1.165,
				0.433,
				-1.165,
				1,
				0.5,
				-1.165,
				0.567,
				4.106,
				0.633,
				4.106,
				1,
				0.711,
				4.106,
				0.789,
				-6.89,
				0.867,
				-6.89,
				1,
				0.944,
				-6.89,
				1.022,
				5.712,
				1.1,
				5.712,
				1,
				1.2,
				5.712,
				1.3,
				-3.357,
				1.4,
				-3.357,
				1,
				1.489,
				-3.357,
				1.578,
				1.56,
				1.667,
				1.56,
				1,
				1.767,
				1.56,
				1.867,
				0,
				1.967,
				0
			]
		},
		{
			"Target": "Parameter",
			"Id": "Param_Angle_Rotation_5_ArtMesh28",
			"Segments": [
				0,
				0,
				1,
				0.1,
				0,
				0.2,
				0,
				0.3,
				0,
				1,
				0.356,
				0,
				0.411,
				-1.25,
				0.467,
				-1.25,
				1,
				0.556,
				-1.25,
				0.644,
				4.624,
				0.733,
				4.624,
				1,
				0.811,
				4.624,
				0.889,
				-8.361,
				0.967,
				-8.361,
				1,
				1.056,
				-8.361,
				1.144,
				7.806,
				1.233,
				7.806,
				1,
				1.322,
				7.806,
				1.411,
				-5.295,
				1.5,
				-5.295,
				1,
				1.589,
				-5.295,
				1.678,
				2.702,
				1.767,
				2.702,
				1,
				1.833,
				2.702,
				1.9,
				1.526,
				1.967,
				0
			]
		},
		{
			"Target": "Parameter",
			"Id": "Param_Angle_Rotation_6_ArtMesh28",
			"Segments": [
				0,
				0,
				1,
				0.1,
				0,
				0.2,
				0,
				0.3,
				0,
				1,
				0.356,
				0,
				0.411,
				-1.25,
				0.467,
				-1.25,
				1,
				0.556,
				-1.25,
				0.644,
				4.624,
				0.733,
				4.624,
				1,
				0.811,
				4.624,
				0.889,
				-8.361,
				0.967,
				-8.361,
				1,
				1.056,
				-8.361,
				1.144,
				7.806,
				1.233,
				7.806,
				1,
				1.322,
				7.806,
				1.411,
				-5.295,
				1.5,
				-5.295,
				1,
				1.589,
				-5.295,
				1.678,
				2.702,
				1.767,
				2.702,
				1,
				1.833,
				2.702,
				1.9,
				1.526,
				1.967,
				0
			]
		},
		{
			"Target": "Parameter",
			"Id": "Param_Angle_Rotation_7_ArtMesh28",
			"Segments": [
				0,
				0,
				1,
				0.1,
				0,
				0.2,
				0,
				0.3,
				0,
				1,
				0.356,
				0,
				0.411,
				-1.25,
				0.467,
				-1.25,
				1,
				0.556,
				-1.25,
				0.644,
				4.624,
				0.733,
				4.624,
				1,
				0.811,
				4.624,
				0.889,
				-8.361,
				0.967,
				-8.361,
				1,
				1.056,
				-8.361,
				1.144,
				7.806,
				1.233,
				7.806,
				1,
				1.322,
				7.806,
				1.411,
				-5.295,
				1.5,
				-5.295,
				1,
				1.589,
				-5.295,
				1.678,
				2.702,
				1.767,
				2.702,
				1,
				1.833,
				2.702,
				1.9,
				1.526,
				1.967,
				0
			]
		},
		{
			"Target": "Parameter",
			"Id": "Param_Angle_Rotation_1_ArtMesh5",
			"Segments": [
				0,
				0,
				1,
				0.656,
				0,
				1.311,
				0,
				1.967,
				0
			]
		},
		{
			"Target": "Parameter",
			"Id": "Param_Angle_Rotation_2_ArtMesh5",
			"Segments": [
				0,
				0,
				1,
				0.067,
				0,
				0.133,
				0,
				0.2,
				0,
				1,
				0.233,
				0,
				0.267,
				-0.586,
				0.3,
				-0.586,
				1,
				0.344,
				-0.586,
				0.389,
				1.44,
				0.433,
				1.44,
				1,
				0.5,
				1.44,
				0.567,
				-2.044,
				0.633,
				-2.044,
				1,
				0.711,
				-2.044,
				0.789,
				2.658,
				0.867,
				2.658,
				1,
				0.922,
				2.658,
				0.978,
				-2.563,
				1.033,
				-2.563,
				1,
				1.089,
				-2.563,
				1.144,
				0.466,
				1.2,
				0.466,
				1,
				1.311,
				0.466,
				1.422,
				-0.088,
				1.533,
				-0.088,
				1,
				1.589,
				-0.088,
				1.644,
				0.049,
				1.7,
				0.049,
				1,
				1.733,
				0.049,
				1.767,
				0,
				1.8,
				0,
				1,
				1.856,
				0,
				1.911,
				0,
				1.967,
				0
			]
		},
		{
			"Target": "Parameter",
			"Id": "Param_Angle_Rotation_3_ArtMesh5",
			"Segments": [
				0,
				0,
				1,
				0.067,
				0,
				0.133,
				0,
				0.2,
				0,
				1,
				0.244,
				0,
				0.289,
				-0.847,
				0.333,
				-0.847,
				1,
				0.389,
				-0.847,
				0.444,
				2.581,
				0.5,
				2.581,
				1,
				0.567,
				2.581,
				0.633,
				-4.126,
				0.7,
				-4.126,
				1,
				0.778,
				-4.126,
				0.856,
				5.541,
				0.933,
				5.541,
				1,
				0.989,
				5.541,
				1.044,
				-3.9,
				1.1,
				-3.9,
				1,
				1.178,
				-3.9,
				1.256,
				1.46,
				1.333,
				1.46,
				1,
				1.422,
				1.46,
				1.511,
				-0.46,
				1.6,
				-0.46,
				1,
				1.667,
				-0.46,
				1.733,
				0.235,
				1.8,
				0.235,
				1,
				1.856,
				0.235,
				1.911,
				0.167,
				1.967,
				0
			]
		},
		{
			"Target": "Parameter",
			"Id": "Param_Angle_Rotation_4_ArtMesh5",
			"Segments": [
				0,
				0,
				1,
				0.078,
				0,
				0.156,
				0,
				0.233,
				0,
				1,
				0.289,
				0,
				0.344,
				-1.026,
				0.4,
				-1.026,
				1,
				0.456,
				-1.026,
				0.511,
				3.795,
				0.567,
				3.795,
				1,
				0.633,
				3.795,
				0.7,
				-6.55,
				0.767,
				-6.55,
				1,
				0.844,
				-6.55,
				0.922,
				8.758,
				1,
				8.758,
				1,
				1.067,
				8.758,
				1.133,
				-6.314,
				1.2,
				-6.314,
				1,
				1.267,
				-6.314,
				1.333,
				3.137,
				1.4,
				3.137,
				1,
				1.489,
				3.137,
				1.578,
				-1.308,
				1.667,
				-1.308,
				1,
				1.744,
				-1.308,
				1.822,
				0.604,
				1.9,
				0.604,
				1,
				1.922,
				0.604,
				1.944,
				0.137,
				1.967,
				0
			]
		},
		{
			"Target": "Parameter",
			"Id": "Param_Angle_Rotation_5_ArtMesh5",
			"Segments": [
				0,
				0,
				1,
				0.089,
				0,
				0.178,
				0,
				0.267,
				0,
				1,
				0.322,
				0,
				0.378,
				-1.226,
				0.433,
				-1.226,
				1,
				0.5,
				-1.226,
				0.567,
				4.96,
				0.633,
				4.96,
				1,
				0.7,
				4.96,
				0.767,
				-9.372,
				0.833,
				-9.372,
				1,
				0.911,
				-9.372,
				0.989,
				11.841,
				1.067,
				11.841,
				1,
				1.133,
				11.841,
				1.2,
				-9.623,
				1.267,
				-9.623,
				1,
				1.344,
				-9.623,
				1.422,
				5.739,
				1.5,
				5.739,
				1,
				1.578,
				5.739,
				1.656,
				-2.927,
				1.733,
				-2.927,
				1,
				1.811,
				-2.927,
				1.889,
				0,
				1.967,
				0
			]
		},
		{
			"Target": "Parameter",
			"Id": "Param_Angle_Rotation_1_ArtMesh6",
			"Segments": [
				0,
				0,
				1,
				0.656,
				0,
				1.311,
				0,
				1.967,
				0
			]
		},
		{
			"Target": "Parameter",
			"Id": "Param_Angle_Rotation_2_ArtMesh6",
			"Segments": [
				0,
				0,
				1,
				0.067,
				0,
				0.133,
				0,
				0.2,
				0,
				1,
				0.233,
				0,
				0.267,
				-0.29,
				0.3,
				-0.29,
				1,
				0.356,
				-0.29,
				0.411,
				0.771,
				0.467,
				0.771,
				1,
				0.533,
				0.771,
				0.6,
				-1.112,
				0.667,
				-1.112,
				1,
				0.744,
				-1.112,
				0.822,
				1.449,
				0.9,
				1.449,
				1,
				0.944,
				1.449,
				0.989,
				-1.278,
				1.033,
				-1.278,
				1,
				1.1,
				-1.278,
				1.167,
				0.233,
				1.233,
				0.233,
				1,
				1.333,
				0.233,
				1.433,
				-0.045,
				1.533,
				-0.045,
				1,
				1.589,
				-0.045,
				1.644,
				0.026,
				1.7,
				0.026,
				1,
				1.789,
				0.026,
				1.878,
				0.026,
				1.967,
				0.024
			]
		},
		{
			"Target": "Parameter",
			"Id": "Param_Angle_Rotation_3_ArtMesh6",
			"Segments": [
				0,
				0,
				1,
				0.067,
				0,
				0.133,
				0,
				0.2,
				0,
				1,
				0.256,
				0,
				0.311,
				-0.358,
				0.367,
				-0.358,
				1,
				0.422,
				-0.358,
				0.478,
				1.166,
				0.533,
				1.166,
				1,
				0.6,
				1.166,
				0.667,
				-1.867,
				0.733,
				-1.867,
				1,
				0.811,
				-1.867,
				0.889,
				2.422,
				0.967,
				2.422,
				1,
				1.022,
				2.422,
				1.078,
				-1.645,
				1.133,
				-1.645,
				1,
				1.2,
				-1.645,
				1.267,
				0.639,
				1.333,
				0.639,
				1,
				1.422,
				0.639,
				1.511,
				-0.214,
				1.6,
				-0.214,
				1,
				1.667,
				-0.214,
				1.733,
				0.092,
				1.8,
				0.092,
				1,
				1.856,
				0.092,
				1.911,
				0.066,
				1.967,
				0
			]
		},
		{
			"Target": "Parameter",
			"Id": "Param_Angle_Rotation_4_ArtMesh6",
			"Segments": [
				0,
				0,
				1,
				0.078,
				0,
				0.156,
				0,
				0.233,
				0,
				1,
				0.289,
				0,
				0.344,
				-0.631,
				0.4,
				-0.631,
				1,
				0.467,
				-0.631,
				0.533,
				2.281,
				0.6,
				2.281,
				1,
				0.667,
				2.281,
				0.733,
				-3.955,
				0.8,
				-3.955,
				1,
				0.867,
				-3.955,
				0.933,
				5.175,
				1,
				5.175,
				1,
				1.078,
				5.175,
				1.156,
				-3.576,
				1.233,
				-3.576,
				1,
				1.3,
				-3.576,
				1.367,
				1.868,
				1.433,
				1.868,
				1,
				1.511,
				1.868,
				1.589,
				-0.784,
				1.667,
				-0.784,
				1,
				1.744,
				-0.784,
				1.822,
				0.362,
				1.9,
				0.362,
				1,
				1.922,
				0.362,
				1.944,
				0.075,
				1.967,
				0
			]
		},
		{
			"Target": "Parameter",
			"Id": "Param_Angle_Rotation_5_ArtMesh6",
			"Segments": [
				0,
				0,
				1,
				0.089,
				0,
				0.178,
				0,
				0.267,
				0,
				1,
				0.322,
				0,
				0.378,
				-0.818,
				0.433,
				-0.818,
				1,
				0.5,
				-0.818,
				0.567,
				3.286,
				0.633,
				3.286,
				1,
				0.711,
				3.286,
				0.789,
				-6.292,
				0.867,
				-6.292,
				1,
				0.933,
				-6.292,
				1,
				7.991,
				1.067,
				7.991,
				1,
				1.144,
				7.991,
				1.222,
				-6.379,
				1.3,
				-6.379,
				1,
				1.378,
				-6.379,
				1.456,
				3.751,
				1.533,
				3.751,
				1,
				1.611,
				3.751,
				1.689,
				-1.93,
				1.767,
				-1.93,
				1,
				1.833,
				-1.93,
				1.9,
				-1.409,
				1.967,
				0
			]
		},
		{
			"Target": "Parameter",
			"Id": "Param_Angle_Rotation_6_ArtMesh6",
			"Segments": [
				0,
				0,
				1,
				0.089,
				0,
				0.178,
				0,
				0.267,
				0,
				1,
				0.322,
				0,
				0.378,
				-1.091,
				0.433,
				-1.091,
				1,
				0.5,
				-1.091,
				0.567,
				4.382,
				0.633,
				4.382,
				1,
				0.711,
				4.382,
				0.789,
				-8.389,
				0.867,
				-8.389,
				1,
				0.933,
				-8.389,
				1,
				10.654,
				1.067,
				10.654,
				1,
				1.144,
				10.654,
				1.222,
				-8.506,
				1.3,
				-8.506,
				1,
				1.378,
				-8.506,
				1.456,
				5.001,
				1.533,
				5.001,
				1,
				1.611,
				5.001,
				1.689,
				-2.574,
				1.767,
				-2.574,
				1,
				1.833,
				-2.574,
				1.9,
				-1.876,
				1.967,
				0
			]
		},
		{
			"Target": "Parameter",
			"Id": "Param_Angle_Rotation_7_ArtMesh6",
			"Segments": [
				0,
				0,
				1,
				0.089,
				0,
				0.178,
				0,
				0.267,
				0,
				1,
				0.322,
				0,
				0.378,
				-1.091,
				0.433,
				-1.091,
				1,
				0.5,
				-1.091,
				0.567,
				4.382,
				0.633,
				4.382,
				1,
				0.711,
				4.382,
				0.789,
				-8.389,
				0.867,
				-8.389,
				1,
				0.933,
				-8.389,
				1,
				10.654,
				1.067,
				10.654,
				1,
				1.144,
				10.654,
				1.222,
				-8.506,
				1.3,
				-8.506,
				1,
				1.378,
				-8.506,
				1.456,
				5.001,
				1.533,
				5.001,
				1,
				1.611,
				5.001,
				1.689,
				-2.574,
				1.767,
				-2.574,
				1,
				1.833,
				-2.574,
				1.9,
				-1.876,
				1.967,
				0
			]
		},
		{
			"Target": "Parameter",
			"Id": "Param_Angle_Rotation_1_ArtMesh7",
			"Segments": [
				0,
				0,
				1,
				0.656,
				0,
				1.311,
				0,
				1.967,
				0
			]
		},
		{
			"Target": "Parameter",
			"Id": "Param_Angle_Rotation_2_ArtMesh7",
			"Segments": [
				0,
				0,
				1,
				0.067,
				0,
				0.133,
				0,
				0.2,
				0,
				1,
				0.233,
				0,
				0.267,
				0.374,
				0.3,
				0.374,
				1,
				0.356,
				0.374,
				0.411,
				-1.026,
				0.467,
				-1.026,
				1,
				0.533,
				-1.026,
				0.6,
				1.488,
				0.667,
				1.488,
				1,
				0.744,
				1.488,
				0.822,
				-1.971,
				0.9,
				-1.971,
				1,
				0.944,
				-1.971,
				0.989,
				1.407,
				1.033,
				1.407,
				1,
				1.111,
				1.407,
				1.189,
				-0.269,
				1.267,
				-0.269,
				1,
				1.356,
				-0.269,
				1.444,
				0.056,
				1.533,
				0.056,
				1,
				1.6,
				0.056,
				1.667,
				-0.033,
				1.733,
				-0.033,
				1,
				1.811,
				-0.033,
				1.889,
				0,
				1.967,
				0
			]
		},
		{
			"Target": "Parameter",
			"Id": "Param_Angle_Rotation_3_ArtMesh7",
			"Segments": [
				0,
				0,
				1,
				0.067,
				0,
				0.133,
				0,
				0.2,
				0,
				1,
				0.256,
				0,
				0.311,
				0.622,
				0.367,
				0.622,
				1,
				0.422,
				0.622,
				0.478,
				-1.926,
				0.533,
				-1.926,
				1,
				0.611,
				-1.926,
				0.689,
				3.026,
				0.767,
				3.026,
				1,
				0.833,
				3.026,
				0.9,
				-4.081,
				0.967,
				-4.081,
				1,
				1.033,
				-4.081,
				1.1,
				2.415,
				1.167,
				2.415,
				1,
				1.233,
				2.415,
				1.3,
				-0.973,
				1.367,
				-0.973,
				1,
				1.456,
				-0.973,
				1.544,
				0.342,
				1.633,
				0.342,
				1,
				1.7,
				0.342,
				1.767,
				-0.131,
				1.833,
				-0.131,
				1,
				1.878,
				-0.131,
				1.922,
				-0.075,
				1.967,
				0.004
			]
		},
		{
			"Target": "Parameter",
			"Id": "Param_Angle_Rotation_4_ArtMesh7",
			"Segments": [
				0,
				0,
				1,
				0.078,
				0,
				0.156,
				0,
				0.233,
				0,
				1,
				0.289,
				0,
				0.344,
				0.802,
				0.4,
				0.802,
				1,
				0.467,
				0.802,
				0.533,
				-2.924,
				0.6,
				-2.924,
				1,
				0.667,
				-2.924,
				0.733,
				4.887,
				0.8,
				4.887,
				1,
				0.878,
				4.887,
				0.956,
				-6.347,
				1.033,
				-6.347,
				1,
				1.1,
				-6.347,
				1.167,
				4.367,
				1.233,
				4.367,
				1,
				1.311,
				4.367,
				1.389,
				-2.189,
				1.467,
				-2.189,
				1,
				1.544,
				-2.189,
				1.622,
				0.941,
				1.7,
				0.941,
				1,
				1.789,
				0.941,
				1.878,
				0,
				1.967,
				0
			]
		},
		{
			"Target": "Parameter",
			"Id": "Param_Angle_Rotation_5_ArtMesh7",
			"Segments": [
				0,
				0,
				1,
				0.089,
				0,
				0.178,
				0,
				0.267,
				0,
				1,
				0.322,
				0,
				0.378,
				0.683,
				0.433,
				0.683,
				1,
				0.511,
				0.683,
				0.589,
				-2.864,
				0.667,
				-2.864,
				1,
				0.733,
				-2.864,
				0.8,
				5.335,
				0.867,
				5.335,
				1,
				0.944,
				5.335,
				1.022,
				-6.576,
				1.1,
				-6.576,
				1,
				1.167,
				-6.576,
				1.233,
				5.087,
				1.3,
				5.087,
				1,
				1.378,
				5.087,
				1.456,
				-3.03,
				1.533,
				-3.03,
				1,
				1.611,
				-3.03,
				1.689,
				1.54,
				1.767,
				1.54,
				1,
				1.833,
				1.54,
				1.9,
				1.126,
				1.967,
				0
			]
		},
		{
			"Target": "Parameter",
			"Id": "Param_Angle_Rotation_6_ArtMesh7",
			"Segments": [
				0,
				0,
				1,
				0.089,
				0,
				0.178,
				0,
				0.267,
				0,
				1,
				0.322,
				0,
				0.378,
				0.683,
				0.433,
				0.683,
				1,
				0.511,
				0.683,
				0.589,
				-2.864,
				0.667,
				-2.864,
				1,
				0.733,
				-2.864,
				0.8,
				5.335,
				0.867,
				5.335,
				1,
				0.944,
				5.335,
				1.022,
				-6.576,
				1.1,
				-6.576,
				1,
				1.167,
				-6.576,
				1.233,
				5.087,
				1.3,
				5.087,
				1,
				1.378,
				5.087,
				1.456,
				-3.03,
				1.533,
				-3.03,
				1,
				1.611,
				-3.03,
				1.689,
				1.54,
				1.767,
				1.54,
				1,
				1.833,
				1.54,
				1.9,
				1.126,
				1.967,
				0
			]
		},
		{
			"Target": "Parameter",
			"Id": "Param_Angle_Rotation_7_ArtMesh7",
			"Segments": [
				0,
				0,
				1,
				0.089,
				0,
				0.178,
				0,
				0.267,
				0,
				1,
				0.322,
				0,
				0.378,
				0.683,
				0.433,
				0.683,
				1,
				0.511,
				0.683,
				0.589,
				-2.864,
				0.667,
				-2.864,
				1,
				0.733,
				-2.864,
				0.8,
				5.335,
				0.867,
				5.335,
				1,
				0.944,
				5.335,
				1.022,
				-6.576,
				1.1,
				-6.576,
				1,
				1.167,
				-6.576,
				1.233,
				5.087,
				1.3,
				5.087,
				1,
				1.378,
				5.087,
				1.456,
				-3.03,
				1.533,
				-3.03,
				1,
				1.611,
				-3.03,
				1.689,
				1.54,
				1.767,
				1.54,
				1,
				1.833,
				1.54,
				1.9,
				1.126,
				1.967,
				0
			]
		},
		{
			"Target": "Parameter",
			"Id": "Param6",
			"Segments": [
				0,
				0,
				1,
				0.444,
				0,
				0.889,
				0,
				1.333,
				0,
				1,
				1.378,
				0,
				1.422,
				22.475,
				1.467,
				22.475,
				1,
				1.533,
				22.475,
				1.6,
				-24.712,
				1.667,
				-24.712,
				1,
				1.744,
				-24.712,
				1.822,
				5.572,
				1.9,
				5.572,
				1,
				1.922,
				5.572,
				1.944,
				0.259,
				1.967,
				0
			]
		},
		{
			"Target": "Parameter",
			"Id": "Param7",
			"Segments": [
				0,
				0,
				1,
				0.444,
				0,
				0.889,
				0,
				1.333,
				0,
				1,
				1.367,
				0,
				1.4,
				-8.399,
				1.433,
				-8.399,
				1,
				1.478,
				-8.399,
				1.522,
				27.77,
				1.567,
				27.77,
				1,
				1.644,
				27.77,
				1.722,
				-19.687,
				1.8,
				-19.687,
				1,
				1.856,
				-19.687,
				1.911,
				-10.414,
				1.967,
				0
			]
		},
		{
			"Target": "Parameter",
			"Id": "Param8",
			"Segments": [
				0,
				0,
				1,
				0.444,
				0,
				0.889,
				0,
				1.333,
				0,
				1,
				1.378,
				0,
				1.422,
				22.475,
				1.467,
				22.475,
				1,
				1.533,
				22.475,
				1.6,
				-24.712,
				1.667,
				-24.712,
				1,
				1.744,
				-24.712,
				1.822,
				5.572,
				1.9,
				5.572,
				1,
				1.922,
				5.572,
				1.944,
				0.259,
				1.967,
				0
			]
		},
		{
			"Target": "Parameter",
			"Id": "Param9",
			"Segments": [
				0,
				0,
				1,
				0.444,
				0,
				0.889,
				0,
				1.333,
				0,
				1,
				1.367,
				0,
				1.4,
				-8.399,
				1.433,
				-8.399,
				1,
				1.478,
				-8.399,
				1.522,
				27.77,
				1.567,
				27.77,
				1,
				1.644,
				27.77,
				1.722,
				-19.687,
				1.8,
				-19.687,
				1,
				1.856,
				-19.687,
				1.911,
				-10.414,
				1.967,
				0
			]
		},
		{
			"Target": "Parameter",
			"Id": "Param_Angle_Rotation_1_ArtMesh44",
			"Segments": [
				0,
				0,
				1,
				0.067,
				0,
				0.133,
				0,
				0.2,
				0,
				1,
				0.244,
				0,
				0.289,
				2.829,
				0.333,
				2.829,
				1,
				0.4,
				2.829,
				0.467,
				-4.913,
				0.533,
				-4.913,
				1,
				0.611,
				-4.913,
				0.689,
				5.281,
				0.767,
				5.281,
				1,
				0.822,
				5.281,
				0.878,
				-4.431,
				0.933,
				-4.431,
				1,
				0.967,
				-4.431,
				1,
				0.751,
				1.033,
				0.751,
				1,
				1.056,
				0.751,
				1.078,
				-0.957,
				1.1,
				-0.957,
				1,
				1.167,
				-0.957,
				1.233,
				0.269,
				1.3,
				0.269,
				1,
				1.367,
				0.269,
				1.433,
				0,
				1.5,
				0,
				1,
				1.656,
				0,
				1.811,
				0,
				1.967,
				0
			]
		},
		{
			"Target": "Parameter",
			"Id": "Param_Angle_Rotation_2_ArtMesh44",
			"Segments": [
				0,
				0,
				1,
				0.067,
				0,
				0.133,
				0,
				0.2,
				0,
				1,
				0.233,
				0,
				0.267,
				-1.662,
				0.3,
				-1.662,
				1,
				0.356,
				-1.662,
				0.411,
				3.81,
				0.467,
				3.81,
				1,
				0.544,
				3.81,
				0.622,
				-5.438,
				0.7,
				-5.438,
				1,
				0.767,
				-5.438,
				0.833,
				6.98,
				0.9,
				6.98,
				1,
				0.944,
				6.98,
				0.989,
				-2.417,
				1.033,
				-2.417,
				1,
				1.056,
				-2.417,
				1.078,
				-0.864,
				1.1,
				-0.864,
				1,
				1.122,
				-0.864,
				1.144,
				-1.075,
				1.167,
				-1.075,
				1,
				1.256,
				-1.075,
				1.344,
				0.425,
				1.433,
				0.425,
				1,
				1.522,
				0.425,
				1.611,
				-0.089,
				1.7,
				-0.089,
				1,
				1.744,
				-0.089,
				1.789,
				0,
				1.833,
				0,
				1,
				1.878,
				0,
				1.922,
				0,
				1.967,
				0
			]
		},
		{
			"Target": "Parameter",
			"Id": "Param_Angle_Rotation_3_ArtMesh44",
			"Segments": [
				0,
				0,
				1,
				0.067,
				0,
				0.133,
				0,
				0.2,
				0,
				1,
				0.256,
				0,
				0.311,
				-1.573,
				0.367,
				-1.573,
				1,
				0.433,
				-1.573,
				0.5,
				4.798,
				0.567,
				4.798,
				1,
				0.644,
				4.798,
				0.722,
				-7.213,
				0.8,
				-7.213,
				1,
				0.867,
				-7.213,
				0.933,
				7.276,
				1,
				7.276,
				1,
				1.089,
				7.276,
				1.178,
				-2.855,
				1.267,
				-2.855,
				1,
				1.367,
				-2.855,
				1.467,
				1.093,
				1.567,
				1.093,
				1,
				1.656,
				1.093,
				1.744,
				-0.4,
				1.833,
				-0.4,
				1,
				1.878,
				-0.4,
				1.922,
				-0.184,
				1.967,
				0
			]
		},
		{
			"Target": "Parameter",
			"Id": "Param_Angle_Rotation_4_ArtMesh44",
			"Segments": [
				0,
				0,
				1,
				0.078,
				0,
				0.156,
				0,
				0.233,
				0,
				1,
				0.3,
				0,
				0.367,
				-1.553,
				0.433,
				-1.553,
				1,
				0.5,
				-1.553,
				0.567,
				5.475,
				0.633,
				5.475,
				1,
				0.711,
				5.475,
				0.789,
				-9.186,
				0.867,
				-9.186,
				1,
				0.944,
				-9.186,
				1.022,
				7.617,
				1.1,
				7.617,
				1,
				1.2,
				7.617,
				1.3,
				-4.475,
				1.4,
				-4.475,
				1,
				1.489,
				-4.475,
				1.578,
				2.079,
				1.667,
				2.079,
				1,
				1.767,
				2.079,
				1.867,
				0,
				1.967,
				0
			]
		},
		{
			"Target": "Parameter",
			"Id": "Param_Angle_Rotation_5_ArtMesh44",
			"Segments": [
				0,
				0,
				1,
				0.1,
				0,
				0.2,
				0,
				0.3,
				0,
				1,
				0.356,
				0,
				0.411,
				-1.25,
				0.467,
				-1.25,
				1,
				0.556,
				-1.25,
				0.644,
				4.624,
				0.733,
				4.624,
				1,
				0.811,
				4.624,
				0.889,
				-8.361,
				0.967,
				-8.361,
				1,
				1.056,
				-8.361,
				1.144,
				7.806,
				1.233,
				7.806,
				1,
				1.322,
				7.806,
				1.411,
				-5.295,
				1.5,
				-5.295,
				1,
				1.589,
				-5.295,
				1.678,
				2.702,
				1.767,
				2.702,
				1,
				1.833,
				2.702,
				1.9,
				1.707,
				1.967,
				0.143
			]
		},
		{
			"Target": "Parameter",
			"Id": "Param_Angle_Rotation_1_ArtMesh43",
			"Segments": [
				0,
				0,
				1,
				0.067,
				0,
				0.133,
				0,
				0.2,
				0,
				1,
				0.244,
				0,
				0.289,
				2.829,
				0.333,
				2.829,
				1,
				0.4,
				2.829,
				0.467,
				-4.913,
				0.533,
				-4.913,
				1,
				0.611,
				-4.913,
				0.689,
				5.281,
				0.767,
				5.281,
				1,
				0.822,
				5.281,
				0.878,
				-4.431,
				0.933,
				-4.431,
				1,
				0.967,
				-4.431,
				1,
				0.751,
				1.033,
				0.751,
				1,
				1.056,
				0.751,
				1.078,
				-0.957,
				1.1,
				-0.957,
				1,
				1.167,
				-0.957,
				1.233,
				0.269,
				1.3,
				0.269,
				1,
				1.367,
				0.269,
				1.433,
				0,
				1.5,
				0,
				1,
				1.656,
				0,
				1.811,
				0,
				1.967,
				0
			]
		},
		{
			"Target": "Parameter",
			"Id": "Param_Angle_Rotation_2_ArtMesh43",
			"Segments": [
				0,
				0,
				1,
				0.067,
				0,
				0.133,
				0,
				0.2,
				0,
				1,
				0.233,
				0,
				0.267,
				-1.662,
				0.3,
				-1.662,
				1,
				0.356,
				-1.662,
				0.411,
				3.81,
				0.467,
				3.81,
				1,
				0.544,
				3.81,
				0.622,
				-5.438,
				0.7,
				-5.438,
				1,
				0.767,
				-5.438,
				0.833,
				6.98,
				0.9,
				6.98,
				1,
				0.944,
				6.98,
				0.989,
				-2.417,
				1.033,
				-2.417,
				1,
				1.056,
				-2.417,
				1.078,
				-0.864,
				1.1,
				-0.864,
				1,
				1.122,
				-0.864,
				1.144,
				-1.075,
				1.167,
				-1.075,
				1,
				1.256,
				-1.075,
				1.344,
				0.425,
				1.433,
				0.425,
				1,
				1.522,
				0.425,
				1.611,
				-0.089,
				1.7,
				-0.089,
				1,
				1.744,
				-0.089,
				1.789,
				0,
				1.833,
				0,
				1,
				1.878,
				0,
				1.922,
				0,
				1.967,
				0
			]
		},
		{
			"Target": "Parameter",
			"Id": "Param_Angle_Rotation_3_ArtMesh43",
			"Segments": [
				0,
				0,
				1,
				0.067,
				0,
				0.133,
				0,
				0.2,
				0,
				1,
				0.256,
				0,
				0.311,
				-1.573,
				0.367,
				-1.573,
				1,
				0.433,
				-1.573,
				0.5,
				4.798,
				0.567,
				4.798,
				1,
				0.644,
				4.798,
				0.722,
				-7.213,
				0.8,
				-7.213,
				1,
				0.867,
				-7.213,
				0.933,
				7.276,
				1,
				7.276,
				1,
				1.089,
				7.276,
				1.178,
				-2.855,
				1.267,
				-2.855,
				1,
				1.367,
				-2.855,
				1.467,
				1.093,
				1.567,
				1.093,
				1,
				1.656,
				1.093,
				1.744,
				-0.4,
				1.833,
				-0.4,
				1,
				1.878,
				-0.4,
				1.922,
				-0.184,
				1.967,
				0
			]
		},
		{
			"Target": "Parameter",
			"Id": "Param_Angle_Rotation_4_ArtMesh43",
			"Segments": [
				0,
				0,
				1,
				0.078,
				0,
				0.156,
				0,
				0.233,
				0,
				1,
				0.3,
				0,
				0.367,
				-1.553,
				0.433,
				-1.553,
				1,
				0.5,
				-1.553,
				0.567,
				5.475,
				0.633,
				5.475,
				1,
				0.711,
				5.475,
				0.789,
				-9.186,
				0.867,
				-9.186,
				1,
				0.944,
				-9.186,
				1.022,
				7.617,
				1.1,
				7.617,
				1,
				1.2,
				7.617,
				1.3,
				-4.475,
				1.4,
				-4.475,
				1,
				1.489,
				-4.475,
				1.578,
				2.079,
				1.667,
				2.079,
				1,
				1.767,
				2.079,
				1.867,
				0,
				1.967,
				0
			]
		},
		{
			"Target": "Parameter",
			"Id": "Param_Angle_Rotation_5_ArtMesh43",
			"Segments": [
				0,
				0,
				1,
				0.1,
				0,
				0.2,
				0,
				0.3,
				0,
				1,
				0.356,
				0,
				0.411,
				-1.25,
				0.467,
				-1.25,
				1,
				0.556,
				-1.25,
				0.644,
				4.624,
				0.733,
				4.624,
				1,
				0.811,
				4.624,
				0.889,
				-8.361,
				0.967,
				-8.361,
				1,
				1.056,
				-8.361,
				1.144,
				7.806,
				1.233,
				7.806,
				1,
				1.322,
				7.806,
				1.411,
				-5.295,
				1.5,
				-5.295,
				1,
				1.589,
				-5.295,
				1.678,
				2.702,
				1.767,
				2.702,
				1,
				1.833,
				2.702,
				1.9,
				1.526,
				1.967,
				0
			]
		},
		{
			"Target": "Parameter",
			"Id": "Param12",
			"Segments": [
				0,
				0,
				0,
				1.967,
				0
			]
		},
		{
			"Target": "Parameter",
			"Id": "Param11",
			"Segments": [
				0,
				0,
				0,
				1.967,
				0
			]
		}
	]
}